Ano,Subprefeitura,Subprefeitura_Padronizada,Distrito_Admin,Distrito_Admin_Padronizados,Sexo,0a4,5a9,10a14,15a19,20a24,25a29,30a34,35a39,40a44,45a49,50a54,50a59,60a64,60a69,70a74,75e,total,Origem,Arquivo
2015,Mooca,MOOCA,Água Rasa,Agua_Rasa,masculino,2120,2160,2202,2309,2873,3266,3238,3151,3069,2607,2888,2580,2084,1592,1325,2202,39666,populacao_seade-sp_2000a2024,populacao_seade-sp_2000a2024_masculino_2015.csv
2015,Pinheiros,PINHEIROS,Alto de Pinheiros,Alto_de_Pinheiros,masculino,732,897,927,948,1315,1386,1279,1461,1324,1229,1426,1239,1164,942,847,1534,18650,populacao_seade-sp_2000a2024,populacao_seade-sp_2000a2024_masculino_2015.csv
2015,Perus,PERUS,Anhanguera,Anhanguera,masculino,2181,2673,2981,3203,3552,3311,2722,2646,2817,2674,2018,1413,932,551,299,269,34242,populacao_seade-sp_2000a2024,populacao_seade-sp_2000a2024_masculino_2015.csv
2015,Aricanduva/Formosa/Carrão,ARICANDUVA_FORMOSA_CARRAO,Aricanduva,Aricanduva,masculino,2345,2706,2958,3054,3527,3701,3468,3189,3205,3004,2707,2415,1902,1508,1265,1717,42671,populacao_seade-sp_2000a2024,populacao_seade-sp_2000a2024_masculino_2015.csv
2015,Penha,PENHA,Artur Alvim,Artur_Alvim,masculino,2693,3135,3320,3451,4037,4182,4198,4020,3710,3001,2938,2405,2074,1591,1302,1617,47674,populacao_seade-sp_2000a2024,populacao_seade-sp_2000a2024_masculino_2015.csv
2015,Lapa,LAPA,Barra Funda,Barra_Funda,masculino,635,551,530,480,709,840,947,928,886,649,596,582,474,375,282,465,9929,populacao_seade-sp_2000a2024,populacao_seade-sp_2000a2024_masculino_2015.csv
2015,Sé,SE,Bela Vista,Bela_Vista,masculino,1640,1349,1242,1185,1830,3378,3988,3456,2708,2165,1957,1632,1404,1075,837,1233,31079,populacao_seade-sp_2000a2024,populacao_seade-sp_2000a2024_masculino_2015.csv
2015,Mooca,MOOCA,Belém,Belem,masculino,1889,1464,1353,1263,1631,2265,2418,2141,1889,1445,1445,1216,1040,716,503,968,23646,populacao_seade-sp_2000a2024,populacao_seade-sp_2000a2024_masculino_2015.csv
2015,Sé,SE,Bom Retiro,Bom_Retiro,masculino,1191,1077,1078,1028,1364,1719,1588,1500,1206,1019,883,774,611,415,330,542,16325,populacao_seade-sp_2000a2024,populacao_seade-sp_2000a2024_masculino_2015.csv
2015,Mooca,MOOCA,Brás,Bras,masculino,1334,1000,1007,955,1308,1689,1700,1529,1391,1095,942,797,584,456,318,341,16446,populacao_seade-sp_2000a2024,populacao_seade-sp_2000a2024_masculino_2015.csv
2015,Freguesia/Brasilândia,FREGUESIA_BRASILANDIA,Brasilândia,Brasilandia,masculino,9652,9692,10872,10952,11823,11361,10245,9167,8832,7845,6416,5157,3833,2699,1850,2162,122558,populacao_seade-sp_2000a2024,populacao_seade-sp_2000a2024_masculino_2015.csv
2015,Butantã,BUTANTA,Butantã,Butanta,masculino,1197,1283,1247,1181,1641,2480,2566,2253,1932,1640,1613,1446,1283,1041,854,1439,25096,populacao_seade-sp_2000a2024,populacao_seade-sp_2000a2024_masculino_2015.csv
2015,Casa Verde/Cachoeirinha,CASA_VERDE_CACHOEIRINHA,Cachoeirinha,Cachoeirinha,masculino,5010,5276,5733,5616,6444,6395,5848,5432,4894,4411,3809,3274,2349,1624,1172,1450,68737,populacao_seade-sp_2000a2024,populacao_seade-sp_2000a2024_masculino_2015.csv
2015,Sé,SE,Cambuci,Cambuci,masculino,1135,1244,1180,1073,1304,1497,1629,1693,1576,1317,1194,1012,823,608,491,856,18632,populacao_seade-sp_2000a2024,populacao_seade-sp_2000a2024_masculino_2015.csv
2015,Santo Amaro,SANTO_AMARO,Campo Belo,Campo_Belo,masculino,1612,1769,1633,1497,1887,2329,2523,2716,2551,2238,2203,1953,1782,1403,1223,2071,31390,populacao_seade-sp_2000a2024,populacao_seade-sp_2000a2024_masculino_2015.csv
2015,Santo Amaro,SANTO_AMARO,Campo Grande,Campo_Grande,masculino,2672,3255,3297,3267,3923,3821,3955,4266,4101,3843,3650,3036,2350,1689,1355,1746,50226,populacao_seade-sp_2000a2024,populacao_seade-sp_2000a2024_masculino_2015.csv
2015,Campo Limpo,CAMPO_LIMPO,Campo Limpo,Campo_Limpo,masculino,7188,8401,8638,8774,9481,9880,9397,9180,8573,6867,5540,4691,3519,2441,1647,1795,106012,populacao_seade-sp_2000a2024,populacao_seade-sp_2000a2024_masculino_2015.csv
2015,Penha,PENHA,Cangaíba,Cangaiba,masculino,4293,4473,4882,5107,5900,6162,5469,5067,4855,4409,4093,3414,2588,1875,1441,1787,65815,populacao_seade-sp_2000a2024,populacao_seade-sp_2000a2024_masculino_2015.csv
2015,Campo Limpo,CAMPO_LIMPO,Capão Redondo,Capao_Redondo,masculino,9354,10270,11055,10988,12275,12299,11451,10554,9959,8299,6510,5240,4139,2921,1971,1812,129097,populacao_seade-sp_2000a2024,populacao_seade-sp_2000a2024_masculino_2015.csv
2015,Aricanduva/Formosa/Carrão,ARICANDUVA_FORMOSA_CARRAO,Carrão,Carrao,masculino,1914,2200,2352,2524,3156,3289,3067,3063,3031,2712,2811,2411,1972,1542,1238,2036,39318,populacao_seade-sp_2000a2024,populacao_seade-sp_2000a2024_masculino_2015.csv
2015,Casa Verde/Cachoeirinha,CASA_VERDE_CACHOEIRINHA,Casa Verde,Casa_Verde,masculino,2430,2457,2573,2518,2977,3555,3350,3230,2799,2499,2505,2223,1796,1334,1047,1672,38965,populacao_seade-sp_2000a2024,populacao_seade-sp_2000a2024_masculino_2015.csv
2015,Cidade Ademar,CIDADE_ADEMAR,Cidade Ademar,Cidade_Ademar,masculino,8798,9156,9879,9795,11308,11908,10911,10292,9419,7944,6510,5323,4282,3215,2218,2549,123507,populacao_seade-sp_2000a2024,populacao_seade-sp_2000a2024_masculino_2015.csv
2015,Capela do Socorro,CAPELA_DO_SOCORRO,Cidade Dutra,Cidade_Dutra,masculino,5973,6503,7167,7416,8373,8479,7635,7284,6961,6130,5234,4351,3496,2609,1824,1972,91407,populacao_seade-sp_2000a2024,populacao_seade-sp_2000a2024_masculino_2015.csv
2015,Itaquera,ITAQUERA,Cidade Líder,Cidade_Lider,masculino,3982,4556,4871,4987,5722,5738,5430,5188,4875,4114,3675,3147,2555,1815,1293,1205,63153,populacao_seade-sp_2000a2024,populacao_seade-sp_2000a2024_masculino_2015.csv
2015,Cidade Tiradentes,CIDADE_TIRADENTES,Cidade Tiradentes,Cidade_Tiradentes,masculino,6997,8264,9732,9504,10145,9156,8263,7402,6974,5728,4761,3940,2954,1764,1094,880,97558,populacao_seade-sp_2000a2024,populacao_seade-sp_2000a2024_masculino_2015.csv
2015,Sé,SE,Consolação,Consolacao,masculino,921,871,837,891,1600,3148,2889,2324,1946,1599,1771,1573,1276,1118,903,1607,25274,populacao_seade-sp_2000a2024,populacao_seade-sp_2000a2024_masculino_2015.csv
2015,Ipiranga,IPIRANGA,Cursino,Cursino,masculino,2795,3123,3077,3042,3741,4215,4276,4099,3715,3408,3399,3063,2410,1819,1343,2370,49895,populacao_seade-sp_2000a2024,populacao_seade-sp_2000a2024_masculino_2015.csv
2015,Ermelino Matarazzo,ERMELINO_MATARAZZO,Ermelino Matarazzo,Ermelino_Matarazzo,masculino,3555,4052,4302,4386,4924,5005,4582,4246,4179,3719,3138,2581,2106,1506,1023,1189,54493,populacao_seade-sp_2000a2024,populacao_seade-sp_2000a2024_masculino_2015.csv
2015,Freguesia/Brasilândia,FREGUESIA_BRASILANDIA,Freguesia do Ó,Freguesia_do_O,masculino,3953,4048,4368,4727,5427,5884,5618,5380,4866,4419,4443,3991,3059,2207,1594,2387,66371,populacao_seade-sp_2000a2024,populacao_seade-sp_2000a2024_masculino_2015.csv
2015,Capela do Socorro,CAPELA_DO_SOCORRO,Grajaú,Grajau,masculino,13406,14597,16308,16569,17920,17000,15022,13798,13298,11670,9540,7355,5532,3673,2248,1973,179909,populacao_seade-sp_2000a2024,populacao_seade-sp_2000a2024_masculino_2015.csv
2015,Guaianases,GUAIANASES,Guaianases,Guaianases,masculino,3740,4060,4552,4539,5325,4714,4178,3945,3707,3223,2700,2171,1701,1158,754,795,51262,populacao_seade-sp_2000a2024,populacao_seade-sp_2000a2024_masculino_2015.csv
2015,São Mateus,SAO_MATEUS,Iguatemi,Iguatemi,masculino,4943,5510,6083,6285,6920,6181,5384,4859,4763,4475,3678,2831,2137,1349,895,776,67069,populacao_seade-sp_2000a2024,populacao_seade-sp_2000a2024_masculino_2015.csv
2015,Ipiranga,IPIRANGA,Ipiranga,Ipiranga,masculino,2887,3141,3236,3210,3989,4381,4538,4334,4116,3544,3430,2914,2438,1780,1364,2343,51645,populacao_seade-sp_2000a2024,populacao_seade-sp_2000a2024_masculino_2015.csv
2015,Pinheiros,PINHEIROS,Itaim Bibi,Itaim_Bibi,masculino,2251,2302,1851,1649,2334,3178,4239,4738,4094,2993,2965,2705,2451,1992,1594,2525,43861,populacao_seade-sp_2000a2024,populacao_seade-sp_2000a2024_masculino_2015.csv
2015,Itaim Paulista,ITAIM_PAULISTA,Itaim Paulista,Itaim_Paulista,masculino,7313,8130,9213,9635,10793,9826,8505,7699,7372,6630,5713,4546,3378,2319,1582,1563,104217,populacao_seade-sp_2000a2024,populacao_seade-sp_2000a2024_masculino_2015.csv
2015,Itaquera,ITAQUERA,Itaquera,Itaquera,masculino,6637,7307,8039,8298,9270,8865,8069,7768,7782,6685,5695,4577,3546,2603,1887,2090,99118,populacao_seade-sp_2000a2024,populacao_seade-sp_2000a2024_masculino_2015.csv
2015,Jabaquara,JABAQUARA,Jabaquara,Jabaquara,masculino,6353,6959,7175,7297,8386,9106,9085,8906,7961,7171,6623,5383,4312,2955,2402,3404,103478,populacao_seade-sp_2000a2024,populacao_seade-sp_2000a2024_masculino_2015.csv
2015,Jaçanã/Tremembé,JACANA_TREMEMBE,Jaçanã,Jacana,masculino,2527,3166,3396,3438,3856,3968,3748,3511,3215,2711,2480,2154,1698,1277,910,1304,43359,populacao_seade-sp_2000a2024,populacao_seade-sp_2000a2024_masculino_2015.csv
2015,Lapa,LAPA,Jaguara,Jaguara,masculino,639,683,736,697,875,1047,1046,987,899,767,773,698,601,476,367,530,11821,populacao_seade-sp_2000a2024,populacao_seade-sp_2000a2024_masculino_2015.csv
2015,Lapa,LAPA,Jaguaré,Jaguare,masculino,1551,1793,1851,1725,2065,2335,2375,2273,2019,1642,1419,1096,878,644,528,761,24955,populacao_seade-sp_2000a2024,populacao_seade-sp_2000a2024_masculino_2015.csv
2015,Pirituba/Jaraguá,PIRITUBA_JARAGUA,Jaraguá,Jaragua,masculino,6563,7205,8270,8574,9286,8575,7780,7411,7134,6166,5285,4251,3086,2064,1338,1312,94300,populacao_seade-sp_2000a2024,populacao_seade-sp_2000a2024_masculino_2015.csv
2015,M'Boi Mirim,M_BOI_MIRIM,Jardim Ângela,Jardim_Angela,masculino,10989,12645,13803,13659,14518,13569,12461,11565,11526,9370,6977,5490,4171,2784,1730,1622,146879,populacao_seade-sp_2000a2024,populacao_seade-sp_2000a2024_masculino_2015.csv
2015,São Miguel,SAO_MIGUEL,Jardim Helena,Jardim_Helena,masculino,4945,5164,5584,5871,6521,6000,5305,4843,4674,4176,3385,2647,2039,1453,1012,1093,64712,populacao_seade-sp_2000a2024,populacao_seade-sp_2000a2024_masculino_2015.csv
2015,Pinheiros,PINHEIROS,Jardim Paulista,Jardim_Paulista,masculino,1767,1758,1495,1410,1982,3083,3842,3923,3309,2705,2612,2371,2091,1961,1584,2576,38469,populacao_seade-sp_2000a2024,populacao_seade-sp_2000a2024_masculino_2015.csv
2015,M'Boi Mirim,M_BOI_MIRIM,Jardim São Luís,Jardim_Sao_Luis,masculino,8839,9543,10512,10547,11536,12298,11406,10785,10049,8281,6676,5550,4207,2890,1978,2088,127185,populacao_seade-sp_2000a2024,populacao_seade-sp_2000a2024_masculino_2015.csv
2015,Itaquera,ITAQUERA,José Bonifácio,Jose_Bonifacio,masculino,3480,4630,4952,5018,5352,5122,5299,5288,4658,3720,3092,2624,2392,1783,1048,1043,59501,populacao_seade-sp_2000a2024,populacao_seade-sp_2000a2024_masculino_2015.csv
2015,Guaianases,GUAIANASES,Lajeado,Lajeado,masculino,5911,6644,7067,7478,8309,7690,6479,5814,5948,4981,4072,3331,2464,1666,1091,1120,80065,populacao_seade-sp_2000a2024,populacao_seade-sp_2000a2024_masculino_2015.csv
2015,Lapa,LAPA,Lapa,Lapa,masculino,1555,1783,1678,1542,2120,2522,2728,2756,2551,2248,2385,2126,1721,1325,1133,2023,32196,populacao_seade-sp_2000a2024,populacao_seade-sp_2000a2024_masculino_2015.csv
2015,Sé,SE,Liberdade,Liberdade,masculino,1725,1634,1520,1508,2243,3003,3350,3036,2570,2177,1952,1790,1474,1216,871,1370,31439,populacao_seade-sp_2000a2024,populacao_seade-sp_2000a2024_masculino_2015.csv
2015,Casa Verde/Cachoeirinha,CASA_VERDE_CACHOEIRINHA,Limão,Limao,masculino,2603,2496,2573,2658,3114,3574,3231,3050,2791,2509,2314,2028,1632,1233,874,1269,37949,populacao_seade-sp_2000a2024,populacao_seade-sp_2000a2024_masculino_2015.csv
2015,Santana/Tucuruvi,SANTANA_TUCURUVI,Mandaqui,Mandaqui,masculino,2701,2966,3152,3351,4045,4396,4056,3945,3986,3717,3486,2945,2241,1661,1335,1876,49859,populacao_seade-sp_2000a2024,populacao_seade-sp_2000a2024_masculino_2015.csv
2015,Parelheiros,PARELHEIROS,Marsilac,Marsilac,masculino,253,350,454,484,517,430,325,310,282,321,285,270,217,150,99,115,4862,populacao_seade-sp_2000a2024,populacao_seade-sp_2000a2024_masculino_2015.csv
2015,Vila Mariana,VILA_MARIANA,Moema,Moema,masculino,1689,2006,1759,1623,2108,2556,3150,3541,3361,2742,2771,2563,2393,1998,1400,2194,37854,populacao_seade-sp_2000a2024,populacao_seade-sp_2000a2024_masculino_2015.csv
2015,Mooca,MOOCA,Mooca,Mooca,masculino,1949,2022,1956,1908,2672,3080,3089,3082,2977,2744,2624,2301,1906,1319,1091,1955,36675,populacao_seade-sp_2000a2024,populacao_seade-sp_2000a2024_masculino_2015.csv
2015,Butantã,BUTANTA,Morumbi,Morumbi,masculino,1400,1329,1389,1423,1617,1612,1653,1658,1636,1516,1437,1192,996,818,691,980,21347,populacao_seade-sp_2000a2024,populacao_seade-sp_2000a2024_masculino_2015.csv
2015,Parelheiros,PARELHEIROS,Parelheiros,Parelheiros,masculino,5276,5621,6378,6685,7110,6110,5299,5134,5016,4409,3536,2855,2091,1353,897,801,68571,populacao_seade-sp_2000a2024,populacao_seade-sp_2000a2024_masculino_2015.csv
2015,Mooca,MOOCA,Pari,Pari,masculino,627,548,556,514,706,834,732,642,558,551,457,384,287,259,193,351,8199,populacao_seade-sp_2000a2024,populacao_seade-sp_2000a2024_masculino_2015.csv
2015,Itaquera,ITAQUERA,Parque do Carmo,Parque_do_Carmo,masculino,2283,2611,2904,2776,3160,3159,3013,2637,2696,2286,1816,1580,1282,974,624,669,34470,populacao_seade-sp_2000a2024,populacao_seade-sp_2000a2024_masculino_2015.csv
2015,Cidade Ademar,CIDADE_ADEMAR,Pedreira,Pedreira,masculino,4754,5876,6236,6556,7211,7069,6199,5879,5602,4877,3989,3249,2395,1688,1054,1065,73699,populacao_seade-sp_2000a2024,populacao_seade-sp_2000a2024_masculino_2015.csv
2015,Penha,PENHA,Penha,Penha,masculino,3357,3597,3872,3862,4798,5284,5189,4701,4558,4173,4094,3527,2826,2260,1733,2739,60570,populacao_seade-sp_2000a2024,populacao_seade-sp_2000a2024_masculino_2015.csv
2015,Lapa,LAPA,Perdizes,Perdizes,masculino,2152,2505,2469,2235,3079,4191,4475,4654,3841,3404,3374,3302,2915,2331,1681,2567,49175,populacao_seade-sp_2000a2024,populacao_seade-sp_2000a2024_masculino_2015.csv
2015,Perus,PERUS,Perus,Perus,masculino,3072,3162,3529,3639,3987,3825,3069,3071,3166,2792,2242,1717,1276,875,573,635,40630,populacao_seade-sp_2000a2024,populacao_seade-sp_2000a2024_masculino_2015.csv
2015,Pinheiros,PINHEIROS,Pinheiros,Pinheiros,masculino,1336,1471,1310,1198,1582,2254,2928,2914,2429,2035,2071,1822,1657,1324,1106,1824,29261,populacao_seade-sp_2000a2024,populacao_seade-sp_2000a2024_masculino_2015.csv
2015,Pirituba/Jaraguá,PIRITUBA_JARAGUA,Pirituba,Pirituba,masculino,4970,5614,5841,5906,6866,7276,7053,6641,6017,5682,5329,4558,3593,2587,1957,2500,82390,populacao_seade-sp_2000a2024,populacao_seade-sp_2000a2024_masculino_2015.csv
2015,Ermelino Matarazzo,ERMELINO_MATARAZZO,Ponte Rasa,Ponte_Rasa,masculino,2474,2889,3118,3287,3756,3883,3744,3275,3097,2948,2751,2493,1958,1426,1102,1491,43692,populacao_seade-sp_2000a2024,populacao_seade-sp_2000a2024_masculino_2015.csv
2015,Butantã,BUTANTA,Raposo Tavares,Raposo_Tavares,masculino,3778,3832,4265,3999,4619,4440,4466,4339,3970,3331,2680,2140,1808,1346,991,906,50910,populacao_seade-sp_2000a2024,populacao_seade-sp_2000a2024_masculino_2015.csv
2015,Sé,SE,República,Republica,masculino,1551,1243,1186,1088,1683,3195,3520,3183,2926,2463,2051,1648,1249,898,689,868,29441,populacao_seade-sp_2000a2024,populacao_seade-sp_2000a2024_masculino_2015.csv
2015,Butantã,BUTANTA,Rio Pequeno,Rio_Pequeno,masculino,4505,3888,4331,4088,4846,5427,5326,4933,4532,4101,3654,2943,2320,1694,1241,1675,59504,populacao_seade-sp_2000a2024,populacao_seade-sp_2000a2024_masculino_2015.csv
2015,Ipiranga,IPIRANGA,Sacomã,Sacoma,masculino,7065,8521,8806,8600,10315,11043,10922,10194,9338,8266,7374,6241,4792,3320,2416,3471,120684,populacao_seade-sp_2000a2024,populacao_seade-sp_2000a2024_masculino_2015.csv
2015,Sé,SE,Santa Cecília,Santa_Cecilia,masculino,2033,1909,1799,1770,2483,3570,3967,3562,3338,2856,2671,2206,1864,1434,1081,1760,38303,populacao_seade-sp_2000a2024,populacao_seade-sp_2000a2024_masculino_2015.csv
2015,Santana/Tucuruvi,SANTANA_TUCURUVI,Santana,Santana,masculino,2751,2662,2764,2911,3868,4347,4404,4033,3840,3617,3868,3556,3072,2344,1712,2953,52702,populacao_seade-sp_2000a2024,populacao_seade-sp_2000a2024_masculino_2015.csv
2015,Santo Amaro,SANTO_AMARO,Santo Amaro,Santo_Amaro,masculino,1682,1890,1966,1983,2432,2621,2861,2864,2924,2561,2719,2307,2008,1620,1426,2153,36017,populacao_seade-sp_2000a2024,populacao_seade-sp_2000a2024_masculino_2015.csv
2015,Pirituba/Jaraguá,PIRITUBA_JARAGUA,São Domingos,Sao_Domingos,masculino,2358,2839,2906,2914,3469,3670,3523,3257,3114,2942,2717,2240,1714,1354,1018,1341,41376,populacao_seade-sp_2000a2024,populacao_seade-sp_2000a2024_masculino_2015.csv
2015,Vila Prudente,VILA_PRUDENTE,São Lucas,Sao_Lucas,masculino,3426,4280,4459,4362,5361,5963,5774,5218,4979,4486,4705,3835,3052,2275,1861,2873,66909,populacao_seade-sp_2000a2024,populacao_seade-sp_2000a2024_masculino_2015.csv
2015,São Mateus,SAO_MATEUS,São Mateus,Sao_Mateus,masculino,4860,5301,5849,6033,6830,6872,6338,5747,5599,4945,4479,3759,2970,2150,1580,1967,75279,populacao_seade-sp_2000a2024,populacao_seade-sp_2000a2024_masculino_2015.csv
2015,São Miguel,SAO_MIGUEL,São Miguel,Sao_Miguel,masculino,3146,2879,3166,3324,3847,3815,3369,2934,3040,2792,2535,2085,1557,1161,906,1285,41841,populacao_seade-sp_2000a2024,populacao_seade-sp_2000a2024_masculino_2015.csv
2015,São Mateus,SAO_MATEUS,São Rafael,Sao_Rafael,masculino,4523,5782,6703,6537,7156,6302,5513,5473,5587,4844,3953,2956,2219,1550,1179,1148,71425,populacao_seade-sp_2000a2024,populacao_seade-sp_2000a2024_masculino_2015.csv
2015,Sapopemba,SAPOPEMBA,Sapopemba,Sapopemba,masculino,8631,9742,10762,10804,12388,12799,11244,10386,9843,8539,7826,6592,5209,3663,2545,3022,133995,populacao_seade-sp_2000a2024,populacao_seade-sp_2000a2024_masculino_2015.csv
2015,Vila Mariana,VILA_MARIANA,Saúde,Saude,masculino,2845,3005,2832,2721,3631,4785,5524,5538,4759,4286,4185,3972,3362,2523,2067,3302,59337,populacao_seade-sp_2000a2024,populacao_seade-sp_2000a2024_masculino_2015.csv
2015,Sé,SE,Sé,Se,masculino,965,600,729,717,879,1235,1222,1090,1197,907,695,507,350,222,185,197,11697,populacao_seade-sp_2000a2024,populacao_seade-sp_2000a2024_masculino_2015.csv
2015,Capela do Socorro,CAPELA_DO_SOCORRO,Socorro,Socorro,masculino,940,966,1116,1041,1314,1478,1438,1354,1383,1187,1257,1085,913,737,656,919,17784,populacao_seade-sp_2000a2024,populacao_seade-sp_2000a2024_masculino_2015.csv
2015,Mooca,MOOCA,Tatuapé,Tatuape,masculino,2069,2182,2526,2530,3240,3503,3478,3408,3422,3273,3467,2868,2337,1700,1316,2286,43605,populacao_seade-sp_2000a2024,populacao_seade-sp_2000a2024_masculino_2015.csv
2015,Jaçanã/Tremembé,JACANA_TREMEMBE,Tremembé,Tremembe,masculino,6474,6823,7590,7831,9044,8583,7711,7302,7175,6312,5553,4511,3485,2449,1775,2158,94776,populacao_seade-sp_2000a2024,populacao_seade-sp_2000a2024_masculino_2015.csv
2015,Santana/Tucuruvi,SANTANA_TUCURUVI,Tucuruvi,Tucuruvi,masculino,2234,2520,2600,2644,3419,4095,3941,3686,3415,3065,3088,2876,2459,1780,1441,2412,45675,populacao_seade-sp_2000a2024,populacao_seade-sp_2000a2024_masculino_2015.csv
2015,Campo Limpo,CAMPO_LIMPO,Vila Andrade,Vila_Andrade,masculino,4310,5674,5954,5598,6255,7021,6322,6046,6029,4673,3943,2999,1997,1362,980,986,70149,populacao_seade-sp_2000a2024,populacao_seade-sp_2000a2024_masculino_2015.csv
2015,Itaim Paulista,ITAIM_PAULISTA,Vila Curuçá,Vila_Curuca,masculino,4554,5383,6106,6417,7122,6382,5926,5110,5325,4575,3907,3072,2334,1682,1251,1450,70596,populacao_seade-sp_2000a2024,populacao_seade-sp_2000a2024_masculino_2015.csv
2015,Aricanduva/Formosa/Carrão,ARICANDUVA_FORMOSA_CARRAO,Vila Formosa,Vila_Formosa,masculino,2206,2655,2770,2968,3592,3886,3599,3248,3161,2974,3171,2834,2259,1640,1300,2109,44372,populacao_seade-sp_2000a2024,populacao_seade-sp_2000a2024_masculino_2015.csv
2015,Vila Maria/Vila Guilherme,VILA_MARIA_VILA_GUILHERME,Vila Guilherme,Vila_Guilherme,masculino,1633,1530,1698,1568,1824,2120,2196,2067,2003,1674,1567,1449,1174,848,667,1141,25159,populacao_seade-sp_2000a2024,populacao_seade-sp_2000a2024_masculino_2015.csv
2015,São Miguel,SAO_MIGUEL,Vila Jacuí,Vila_Jacui,masculino,3880,5287,5652,5840,6518,6513,5714,5191,4960,4388,3945,3149,2368,1525,1059,1170,67159,populacao_seade-sp_2000a2024,populacao_seade-sp_2000a2024_masculino_2015.csv
2015,Lapa,LAPA,Vila Leopoldina,Vila_Leopoldina,masculino,1053,1325,1188,1157,1451,1864,1955,2147,2155,1609,1492,1133,862,605,448,713,21157,populacao_seade-sp_2000a2024,populacao_seade-sp_2000a2024_masculino_2015.csv
2015,Vila Maria/Vila Guilherme,VILA_MARIA_VILA_GUILHERME,Vila Maria,Vila_Maria,masculino,3649,3668,4070,3831,4684,5097,4844,4230,3986,3363,3016,2563,1998,1367,1085,1696,53147,populacao_seade-sp_2000a2024,populacao_seade-sp_2000a2024_masculino_2015.csv
2015,Vila Mariana,VILA_MARIANA,Vila Mariana,Vila_Mariana,masculino,2641,2640,2637,2454,3533,5144,5964,5460,4499,3869,4087,3827,3461,2851,2113,3318,58498,populacao_seade-sp_2000a2024,populacao_seade-sp_2000a2024_masculino_2015.csv
2015,Penha,PENHA,Vila Matilde,Vila_Matilde,masculino,2633,3074,3246,3377,4159,4356,4135,3839,3606,3351,3316,2808,2299,1665,1405,1976,49245,populacao_seade-sp_2000a2024,populacao_seade-sp_2000a2024_masculino_2015.csv
2015,Vila Maria/Vila Guilherme,VILA_MARIA_VILA_GUILHERME,Vila Medeiros,Vila_Medeiros,masculino,3663,3920,4090,4114,4901,5386,5077,4414,4107,3598,3595,3108,2536,1857,1527,2263,58156,populacao_seade-sp_2000a2024,populacao_seade-sp_2000a2024_masculino_2015.csv
2015,Vila Prudente,VILA_PRUDENTE,Vila Prudente,Vila_Prudente,masculino,2543,2889,2915,2986,3734,4550,4372,4103,3599,3338,3462,2968,2425,1848,1453,2160,49345,populacao_seade-sp_2000a2024,populacao_seade-sp_2000a2024_masculino_2015.csv
2015,Butantã,BUTANTA,Vila Sônia,Vila_Sonia,masculino,3519,3651,3741,3696,4470,4884,4796,4611,4226,3656,3284,2820,2263,1723,1366,1869,54575,populacao_seade-sp_2000a2024,populacao_seade-sp_2000a2024_masculino_2015.csv
2015,,NAO_IDENTIFICADO,Ignorado,Ignorado,masculino,-,-,-,-,-,-,-,-,-,-,-,-,-,-,-,-,-,populacao_seade-sp_2000a2024,populacao_seade-sp_2000a2024_masculino_2015.csv
2016,Mooca,MOOCA,Água Rasa,Agua_Rasa,masculino,2086,2193,2195,2283,2822,3194,3209,3170,3108,2660,2822,2614,2157,1653,1352,2245,39763,populacao_seade-sp_2000a2024,populacao_seade-sp_2000a2024_masculino_2016.csv
2016,Pinheiros,PINHEIROS,Alto de Pinheiros,Alto_de_Pinheiros,masculino,711,867,911,931,1250,1361,1272,1407,1348,1220,1369,1257,1165,966,853,1570,18458,populacao_seade-sp_2000a2024,populacao_seade-sp_2000a2024_masculino_2016.csv
2016,Perus,PERUS,Anhanguera,Anhanguera,masculino,2196,2601,2914,3161,3586,3382,2799,2657,2794,2658,2119,1496,998,598,331,290,34580,populacao_seade-sp_2000a2024,populacao_seade-sp_2000a2024_masculino_2016.csv
2016,Aricanduva/Formosa/Carrão,ARICANDUVA_FORMOSA_CARRAO,Aricanduva,Aricanduva,masculino,2315,2667,2893,3011,3497,3658,3461,3227,3209,2989,2745,2437,1969,1549,1284,1777,42688,populacao_seade-sp_2000a2024,populacao_seade-sp_2000a2024_masculino_2016.csv
2016,Penha,PENHA,Artur Alvim,Artur_Alvim,masculino,2634,3056,3240,3368,3956,4104,4095,4000,3745,3048,2900,2447,2089,1628,1314,1669,47293,populacao_seade-sp_2000a2024,populacao_seade-sp_2000a2024_masculino_2016.csv
2016,Lapa,LAPA,Barra Funda,Barra_Funda,masculino,664,614,572,526,727,879,981,997,963,729,646,618,522,414,311,507,10670,populacao_seade-sp_2000a2024,populacao_seade-sp_2000a2024_masculino_2016.csv
2016,Sé,SE,Bela Vista,Bela_Vista,masculino,1599,1413,1251,1181,1699,2955,3765,3516,2834,2211,1973,1662,1421,1108,859,1266,30713,populacao_seade-sp_2000a2024,populacao_seade-sp_2000a2024_masculino_2016.csv
2016,Mooca,MOOCA,Belém,Belem,masculino,1866,1590,1396,1296,1607,2145,2385,2221,1977,1524,1459,1262,1075,768,536,984,24091,populacao_seade-sp_2000a2024,populacao_seade-sp_2000a2024_masculino_2016.csv
2016,Sé,SE,Bom Retiro,Bom_Retiro,masculino,1160,1108,1070,1029,1313,1632,1580,1503,1258,1032,899,780,630,436,336,548,16314,populacao_seade-sp_2000a2024,populacao_seade-sp_2000a2024_masculino_2016.csv
2016,Mooca,MOOCA,Brás,Bras,masculino,1316,1092,1019,976,1280,1638,1705,1582,1446,1147,979,826,623,476,340,366,16811,populacao_seade-sp_2000a2024,populacao_seade-sp_2000a2024_masculino_2016.csv
2016,Freguesia/Brasilândia,FREGUESIA_BRASILANDIA,Brasilândia,Brasilandia,masculino,9464,9685,10433,10709,11721,11280,10153,9195,8787,7771,6528,5227,3945,2785,1918,2222,121823,populacao_seade-sp_2000a2024,populacao_seade-sp_2000a2024_masculino_2016.csv
2016,Butantã,BUTANTA,Butantã,Butanta,masculino,1176,1285,1253,1188,1575,2291,2517,2310,2003,1670,1612,1464,1302,1070,876,1471,25063,populacao_seade-sp_2000a2024,populacao_seade-sp_2000a2024_masculino_2016.csv
2016,Casa Verde/Cachoeirinha,CASA_VERDE_CACHOEIRINHA,Cachoeirinha,Cachoeirinha,masculino,4927,5271,5587,5572,6367,6361,5835,5460,4983,4398,3871,3305,2461,1701,1215,1500,68814,populacao_seade-sp_2000a2024,populacao_seade-sp_2000a2024_masculino_2016.csv
2016,Sé,SE,Cambuci,Cambuci,masculino,1129,1257,1209,1109,1309,1483,1606,1703,1630,1363,1228,1048,859,642,509,878,18962,populacao_seade-sp_2000a2024,populacao_seade-sp_2000a2024_masculino_2016.csv
2016,Santo Amaro,SANTO_AMARO,Campo Belo,Campo_Belo,masculino,1586,1778,1668,1529,1859,2253,2469,2689,2616,2282,2220,1997,1815,1462,1251,2140,31614,populacao_seade-sp_2000a2024,populacao_seade-sp_2000a2024_masculino_2016.csv
2016,Santo Amaro,SANTO_AMARO,Campo Grande,Campo_Grande,masculino,2645,3210,3318,3289,3898,3865,3904,4235,4198,3874,3708,3148,2473,1792,1406,1844,50807,populacao_seade-sp_2000a2024,populacao_seade-sp_2000a2024_masculino_2016.csv
2016,Campo Limpo,CAMPO_LIMPO,Campo Limpo,Campo_Limpo,masculino,7144,8281,8587,8719,9573,9839,9391,9211,8741,7074,5757,4794,3685,2578,1748,1901,107023,populacao_seade-sp_2000a2024,populacao_seade-sp_2000a2024_masculino_2016.csv
2016,Penha,PENHA,Cangaíba,Cangaiba,masculino,4238,4493,4771,5018,5845,6094,5512,5114,4901,4408,4116,3485,2693,1955,1484,1859,65986,populacao_seade-sp_2000a2024,populacao_seade-sp_2000a2024_masculino_2016.csv
2016,Campo Limpo,CAMPO_LIMPO,Capão Redondo,Capao_Redondo,masculino,9223,10145,10776,10853,12190,12221,11364,10602,10023,8390,6730,5350,4243,3039,2068,1933,129150,populacao_seade-sp_2000a2024,populacao_seade-sp_2000a2024_masculino_2016.csv
2016,Aricanduva/Formosa/Carrão,ARICANDUVA_FORMOSA_CARRAO,Carrão,Carrao,masculino,1890,2180,2325,2485,3089,3260,3068,3066,3062,2739,2786,2465,2036,1594,1273,2078,39396,populacao_seade-sp_2000a2024,populacao_seade-sp_2000a2024_masculino_2016.csv
2016,Casa Verde/Cachoeirinha,CASA_VERDE_CACHOEIRINHA,Casa Verde,Casa_Verde,masculino,2377,2473,2527,2501,2925,3412,3323,3224,2874,2499,2473,2233,1840,1379,1069,1691,38820,populacao_seade-sp_2000a2024,populacao_seade-sp_2000a2024_masculino_2016.csv
2016,Cidade Ademar,CIDADE_ADEMAR,Cidade Ademar,Cidade_Ademar,masculino,8620,9109,9589,9642,11104,11658,10821,10254,9506,7985,6651,5402,4360,3293,2308,2644,122946,populacao_seade-sp_2000a2024,populacao_seade-sp_2000a2024_masculino_2016.csv
2016,Capela do Socorro,CAPELA_DO_SOCORRO,Cidade Dutra,Cidade_Dutra,masculino,5847,6409,6925,7236,8255,8358,7600,7239,6966,6111,5304,4404,3566,2680,1898,2065,90863,populacao_seade-sp_2000a2024,populacao_seade-sp_2000a2024_masculino_2016.csv
2016,Itaquera,ITAQUERA,Cidade Líder,Cidade_Lider,masculino,3957,4506,4800,4943,5706,5757,5425,5225,4957,4189,3738,3205,2629,1904,1355,1295,63591,populacao_seade-sp_2000a2024,populacao_seade-sp_2000a2024_masculino_2016.csv
2016,Cidade Tiradentes,CIDADE_TIRADENTES,Cidade Tiradentes,Cidade_Tiradentes,masculino,6911,7979,9245,9350,10085,9221,8187,7418,6962,5756,4823,3965,3031,1879,1155,943,96910,populacao_seade-sp_2000a2024,populacao_seade-sp_2000a2024_masculino_2016.csv
2016,Sé,SE,Consolação,Consolacao,masculino,931,897,845,879,1459,2751,2905,2432,2035,1645,1735,1602,1324,1136,933,1642,25151,populacao_seade-sp_2000a2024,populacao_seade-sp_2000a2024_masculino_2016.csv
2016,Ipiranga,IPIRANGA,Cursino,Cursino,masculino,2727,3089,3069,3020,3643,4079,4181,4105,3789,3401,3370,3081,2491,1883,1398,2394,49720,populacao_seade-sp_2000a2024,populacao_seade-sp_2000a2024_masculino_2016.csv
2016,Ermelino Matarazzo,ERMELINO_MATARAZZO,Ermelino Matarazzo,Ermelino_Matarazzo,masculino,3501,3983,4214,4317,4889,4962,4570,4269,4182,3723,3207,2632,2154,1569,1077,1241,54490,populacao_seade-sp_2000a2024,populacao_seade-sp_2000a2024_masculino_2016.csv
2016,Freguesia/Brasilândia,FREGUESIA_BRASILANDIA,Freguesia do Ó,Freguesia_do_O,masculino,3884,4074,4271,4605,5373,5764,5570,5384,4961,4410,4390,4006,3170,2298,1659,2432,66251,populacao_seade-sp_2000a2024,populacao_seade-sp_2000a2024_masculino_2016.csv
2016,Capela do Socorro,CAPELA_DO_SOCORRO,Grajaú,Grajau,masculino,13297,14506,15856,16357,17968,17112,15093,13921,13382,11717,9819,7606,5738,3874,2437,2128,180811,populacao_seade-sp_2000a2024,populacao_seade-sp_2000a2024_masculino_2016.csv
2016,Guaianases,GUAIANASES,Guaianases,Guaianases,masculino,3723,4044,4428,4506,5261,4819,4208,3965,3755,3250,2770,2230,1757,1220,800,838,51574,populacao_seade-sp_2000a2024,populacao_seade-sp_2000a2024_masculino_2016.csv
2016,São Mateus,SAO_MATEUS,Iguatemi,Iguatemi,masculino,4961,5483,5970,6238,6968,6334,5464,4955,4810,4464,3806,2946,2231,1449,951,840,67870,populacao_seade-sp_2000a2024,populacao_seade-sp_2000a2024_masculino_2016.csv
2016,Ipiranga,IPIRANGA,Ipiranga,Ipiranga,masculino,2852,3156,3235,3222,3929,4317,4469,4389,4204,3620,3458,2996,2514,1874,1422,2393,52050,populacao_seade-sp_2000a2024,populacao_seade-sp_2000a2024_masculino_2016.csv
2016,Pinheiros,PINHEIROS,Itaim Bibi,Itaim_Bibi,masculino,2209,2353,1952,1702,2256,3021,3988,4677,4286,3178,2996,2761,2507,2072,1666,2639,44263,populacao_seade-sp_2000a2024,populacao_seade-sp_2000a2024_masculino_2016.csv
2016,Itaim Paulista,ITAIM_PAULISTA,Itaim Paulista,Itaim_Paulista,masculino,7183,7961,8829,9352,10630,9865,8502,7708,7348,6556,5758,4622,3482,2410,1645,1642,103493,populacao_seade-sp_2000a2024,populacao_seade-sp_2000a2024_masculino_2016.csv
2016,Itaquera,ITAQUERA,Itaquera,Itaquera,masculino,6560,7254,7844,8176,9239,8918,8086,7776,7783,6756,5823,4702,3671,2701,1962,2195,99446,populacao_seade-sp_2000a2024,populacao_seade-sp_2000a2024_masculino_2016.csv
2016,Jabaquara,JABAQUARA,Jabaquara,Jabaquara,masculino,6211,6889,7066,7186,8290,8910,8913,8855,8121,7155,6647,5505,4424,3105,2439,3488,103204,populacao_seade-sp_2000a2024,populacao_seade-sp_2000a2024_masculino_2016.csv
2016,Jaçanã/Tremembé,JACANA_TREMEMBE,Jaçanã,Jacana,masculino,2483,3039,3305,3374,3813,3905,3700,3507,3247,2729,2480,2163,1739,1309,942,1323,43058,populacao_seade-sp_2000a2024,populacao_seade-sp_2000a2024_masculino_2016.csv
2016,Lapa,LAPA,Jaguara,Jaguara,masculino,629,685,723,700,853,1009,1028,993,919,778,766,703,611,489,379,546,11811,populacao_seade-sp_2000a2024,populacao_seade-sp_2000a2024_masculino_2016.csv
2016,Lapa,LAPA,Jaguaré,Jaguare,masculino,1533,1776,1845,1750,2044,2285,2342,2298,2088,1694,1462,1147,912,678,545,793,25192,populacao_seade-sp_2000a2024,populacao_seade-sp_2000a2024_masculino_2016.csv
2016,Pirituba/Jaraguá,PIRITUBA_JARAGUA,Jaraguá,Jaragua,masculino,6561,7201,8064,8517,9380,8733,7836,7481,7238,6261,5429,4390,3251,2192,1427,1399,95360,populacao_seade-sp_2000a2024,populacao_seade-sp_2000a2024_masculino_2016.csv
2016,M'Boi Mirim,M_BOI_MIRIM,Jardim Ângela,Jardim_Angela,masculino,10867,12422,13480,13549,14552,13626,12403,11641,11523,9561,7318,5655,4325,2940,1852,1733,147447,populacao_seade-sp_2000a2024,populacao_seade-sp_2000a2024_masculino_2016.csv
2016,São Miguel,SAO_MIGUEL,Jardim Helena,Jardim_Helena,masculino,4868,5134,5409,5700,6440,6010,5286,4849,4659,4141,3459,2702,2089,1501,1048,1137,64432,populacao_seade-sp_2000a2024,populacao_seade-sp_2000a2024_masculino_2016.csv
2016,Pinheiros,PINHEIROS,Jardim Paulista,Jardim_Paulista,masculino,1732,1784,1539,1419,1890,2815,3614,3893,3436,2774,2619,2393,2125,1958,1634,2657,38282,populacao_seade-sp_2000a2024,populacao_seade-sp_2000a2024_masculino_2016.csv
2016,M'Boi Mirim,M_BOI_MIRIM,Jardim São Luís,Jardim_Sao_Luis,masculino,8673,9438,10182,10378,11483,12052,11311,10762,10125,8377,6854,5623,4343,3019,2068,2191,126879,populacao_seade-sp_2000a2024,populacao_seade-sp_2000a2024_masculino_2016.csv
2016,Itaquera,ITAQUERA,José Bonifácio,Jose_Bonifacio,masculino,3446,4428,4866,4968,5380,5137,5164,5261,4783,3818,3181,2670,2398,1848,1137,1111,59596,populacao_seade-sp_2000a2024,populacao_seade-sp_2000a2024_masculino_2016.csv
2016,Guaianases,GUAIANASES,Lajeado,Lajeado,masculino,5850,6533,6904,7289,8251,7745,6554,5871,5888,5030,4173,3390,2560,1749,1151,1180,80118,populacao_seade-sp_2000a2024,populacao_seade-sp_2000a2024_masculino_2016.csv
2016,Lapa,LAPA,Lapa,Lapa,masculino,1540,1788,1723,1587,2066,2470,2684,2783,2643,2307,2382,2184,1803,1394,1166,2082,32602,populacao_seade-sp_2000a2024,populacao_seade-sp_2000a2024_masculino_2016.csv
2016,Sé,SE,Liberdade,Liberdade,masculino,1680,1674,1537,1500,2110,2816,3218,3083,2666,2213,1984,1801,1517,1243,916,1410,31368,populacao_seade-sp_2000a2024,populacao_seade-sp_2000a2024_masculino_2016.csv
2016,Casa Verde/Cachoeirinha,CASA_VERDE_CACHOEIRINHA,Limão,Limao,masculino,2568,2556,2551,2625,3085,3477,3251,3074,2852,2518,2335,2054,1682,1276,916,1299,38119,populacao_seade-sp_2000a2024,populacao_seade-sp_2000a2024_masculino_2016.csv
2016,Santana/Tucuruvi,SANTANA_TUCURUVI,Mandaqui,Mandaqui,masculino,2655,2941,3094,3278,3970,4315,4054,3938,3976,3693,3496,2996,2329,1724,1362,1929,49750,populacao_seade-sp_2000a2024,populacao_seade-sp_2000a2024_masculino_2016.csv
2016,Parelheiros,PARELHEIROS,Marsilac,Marsilac,masculino,262,341,441,490,535,457,348,319,295,315,296,274,230,161,108,123,4995,populacao_seade-sp_2000a2024,populacao_seade-sp_2000a2024_masculino_2016.csv
2016,Vila Mariana,VILA_MARIANA,Moema,Moema,masculino,1647,1967,1802,1645,2054,2466,2979,3454,3417,2816,2759,2582,2409,2049,1492,2285,37823,populacao_seade-sp_2000a2024,populacao_seade-sp_2000a2024_masculino_2016.csv
2016,Mooca,MOOCA,Mooca,Mooca,masculino,1922,2051,1981,1926,2581,3019,3065,3100,3033,2766,2652,2350,1969,1404,1119,1989,36927,populacao_seade-sp_2000a2024,populacao_seade-sp_2000a2024_masculino_2016.csv
2016,Butantã,BUTANTA,Morumbi,Morumbi,masculino,1367,1353,1366,1402,1602,1603,1609,1640,1638,1507,1437,1218,1017,833,702,1017,21311,populacao_seade-sp_2000a2024,populacao_seade-sp_2000a2024_masculino_2016.csv
2016,Parelheiros,PARELHEIROS,Parelheiros,Parelheiros,masculino,5305,5655,6234,6622,7202,6308,5385,5166,5076,4463,3682,2947,2199,1447,954,864,69509,populacao_seade-sp_2000a2024,populacao_seade-sp_2000a2024_masculino_2016.csv
2016,Mooca,MOOCA,Pari,Pari,masculino,614,568,551,517,674,801,736,655,573,540,469,389,298,258,199,350,8192,populacao_seade-sp_2000a2024,populacao_seade-sp_2000a2024_masculino_2016.csv
2016,Itaquera,ITAQUERA,Parque do Carmo,Parque_do_Carmo,masculino,2264,2586,2843,2792,3157,3169,3006,2706,2701,2330,1894,1608,1324,1012,670,711,34773,populacao_seade-sp_2000a2024,populacao_seade-sp_2000a2024_masculino_2016.csv
2016,Cidade Ademar,CIDADE_ADEMAR,Pedreira,Pedreira,masculino,4749,5725,6159,6470,7264,7146,6296,5938,5690,4940,4136,3350,2521,1779,1139,1141,74443,populacao_seade-sp_2000a2024,populacao_seade-sp_2000a2024_masculino_2016.csv
2016,Penha,PENHA,Penha,Penha,masculino,3312,3609,3814,3852,4715,5206,5155,4791,4613,4187,4093,3593,2921,2322,1794,2800,60777,populacao_seade-sp_2000a2024,populacao_seade-sp_2000a2024_masculino_2016.csv
2016,Lapa,LAPA,Perdizes,Perdizes,masculino,2111,2459,2465,2263,2943,3920,4333,4596,4000,3428,3357,3275,2954,2396,1769,2651,48920,populacao_seade-sp_2000a2024,populacao_seade-sp_2000a2024_masculino_2016.csv
2016,Perus,PERUS,Perus,Perus,masculino,3060,3185,3440,3594,4004,3861,3161,3057,3154,2811,2323,1783,1333,921,609,668,40964,populacao_seade-sp_2000a2024,populacao_seade-sp_2000a2024_masculino_2016.csv
2016,Pinheiros,PINHEIROS,Pinheiros,Pinheiros,masculino,1312,1473,1346,1220,1535,2103,2748,2923,2546,2089,2069,1862,1685,1373,1140,1885,29309,populacao_seade-sp_2000a2024,populacao_seade-sp_2000a2024_masculino_2016.csv
2016,Pirituba/Jaraguá,PIRITUBA_JARAGUA,Pirituba,Pirituba,masculino,4916,5577,5795,5874,6830,7216,7020,6716,6176,5666,5378,4654,3730,2713,2033,2608,82902,populacao_seade-sp_2000a2024,populacao_seade-sp_2000a2024_masculino_2016.csv
2016,Ermelino Matarazzo,ERMELINO_MATARAZZO,Ponte Rasa,Ponte_Rasa,masculino,2434,2831,3047,3215,3718,3834,3698,3337,3127,2911,2757,2494,2018,1481,1129,1533,43564,populacao_seade-sp_2000a2024,populacao_seade-sp_2000a2024_masculino_2016.csv
2016,Butantã,BUTANTA,Raposo Tavares,Raposo_Tavares,masculino,3753,3903,4188,4054,4619,4508,4428,4377,4083,3417,2802,2226,1861,1410,1040,986,51655,populacao_seade-sp_2000a2024,populacao_seade-sp_2000a2024_masculino_2016.csv
2016,Sé,SE,República,Republica,masculino,1526,1331,1208,1116,1596,2841,3433,3268,3018,2532,2135,1715,1315,947,716,911,29608,populacao_seade-sp_2000a2024,populacao_seade-sp_2000a2024_masculino_2016.csv
2016,Butantã,BUTANTA,Rio Pequeno,Rio_Pequeno,masculino,4439,4079,4237,4124,4805,5324,5291,5008,4642,4128,3729,3044,2412,1776,1299,1744,60081,populacao_seade-sp_2000a2024,populacao_seade-sp_2000a2024_masculino_2016.csv
2016,Ipiranga,IPIRANGA,Sacomã,Sacoma,masculino,6984,8330,8730,8599,10195,10935,10816,10312,9547,8336,7507,6379,4996,3508,2530,3586,121290,populacao_seade-sp_2000a2024,populacao_seade-sp_2000a2024_masculino_2016.csv
2016,Sé,SE,Santa Cecília,Santa_Cecilia,masculino,1994,1961,1817,1768,2373,3315,3826,3627,3395,2899,2692,2262,1903,1482,1121,1793,38228,populacao_seade-sp_2000a2024,populacao_seade-sp_2000a2024_masculino_2016.csv
2016,Santana/Tucuruvi,SANTANA_TUCURUVI,Santana,Santana,masculino,2706,2721,2736,2864,3735,4246,4331,4089,3892,3601,3796,3574,3128,2429,1790,2998,52636,populacao_seade-sp_2000a2024,populacao_seade-sp_2000a2024_masculino_2016.csv
2016,Santo Amaro,SANTO_AMARO,Santo Amaro,Santo_Amaro,masculino,1670,1907,1983,2009,2435,2628,2818,2908,2980,2637,2723,2401,2080,1692,1465,2256,36592,populacao_seade-sp_2000a2024,populacao_seade-sp_2000a2024_masculino_2016.csv
2016,Pirituba/Jaraguá,PIRITUBA_JARAGUA,São Domingos,Sao_Domingos,masculino,2329,2779,2888,2898,3430,3637,3507,3301,3156,2930,2747,2302,1789,1393,1057,1394,41537,populacao_seade-sp_2000a2024,populacao_seade-sp_2000a2024_masculino_2016.csv
2016,Vila Prudente,VILA_PRUDENTE,São Lucas,Sao_Lucas,masculino,3383,4139,4397,4343,5246,5826,5718,5290,5028,4491,4618,3934,3145,2358,1895,2932,66743,populacao_seade-sp_2000a2024,populacao_seade-sp_2000a2024_masculino_2016.csv
2016,São Mateus,SAO_MATEUS,São Mateus,Sao_Mateus,masculino,4783,5260,5688,5927,6772,6823,6318,5809,5616,4957,4514,3820,3057,2236,1636,2041,75257,populacao_seade-sp_2000a2024,populacao_seade-sp_2000a2024_masculino_2016.csv
2016,São Miguel,SAO_MIGUEL,São Miguel,Sao_Miguel,masculino,3080,2944,3061,3235,3776,3771,3364,2970,2989,2757,2535,2112,1607,1190,919,1300,41610,populacao_seade-sp_2000a2024,populacao_seade-sp_2000a2024_masculino_2016.csv
2016,São Mateus,SAO_MATEUS,São Rafael,Sao_Rafael,masculino,4497,5569,6473,6514,7136,6409,5547,5443,5566,4887,4079,3082,2311,1626,1216,1226,71581,populacao_seade-sp_2000a2024,populacao_seade-sp_2000a2024_masculino_2016.csv
2016,Sapopemba,SAPOPEMBA,Sapopemba,Sapopemba,masculino,8469,9547,10406,10613,12185,12573,11252,10401,9873,8542,7824,6657,5330,3808,2649,3130,133259,populacao_seade-sp_2000a2024,populacao_seade-sp_2000a2024_masculino_2016.csv
2016,Vila Mariana,VILA_MARIANA,Saúde,Saude,masculino,2775,3021,2865,2731,3502,4517,5287,5532,4935,4317,4195,3979,3449,2635,2124,3401,59265,populacao_seade-sp_2000a2024,populacao_seade-sp_2000a2024_masculino_2016.csv
2016,Sé,SE,Sé,Se,masculino,939,670,698,715,865,1157,1210,1109,1177,942,728,532,372,237,187,209,11747,populacao_seade-sp_2000a2024,populacao_seade-sp_2000a2024_masculino_2016.csv
2016,Capela do Socorro,CAPELA_DO_SOCORRO,Socorro,Socorro,masculino,924,977,1083,1051,1284,1445,1428,1368,1385,1206,1237,1106,936,757,657,951,17795,populacao_seade-sp_2000a2024,populacao_seade-sp_2000a2024_masculino_2016.csv
2016,Mooca,MOOCA,Tatuapé,Tatuape,masculino,2050,2209,2471,2544,3188,3480,3465,3442,3462,3279,3438,2967,2425,1793,1370,2337,43920,populacao_seade-sp_2000a2024,populacao_seade-sp_2000a2024_masculino_2016.csv
2016,Jaçanã/Tremembé,JACANA_TREMEMBE,Tremembé,Tremembe,masculino,6399,6805,7373,7702,8929,8612,7705,7309,7180,6326,5621,4607,3593,2553,1838,2237,94789,populacao_seade-sp_2000a2024,populacao_seade-sp_2000a2024_masculino_2016.csv
2016,Santana/Tucuruvi,SANTANA_TUCURUVI,Tucuruvi,Tucuruvi,masculino,2207,2503,2583,2628,3332,3967,3929,3734,3490,3090,3074,2891,2516,1870,1480,2463,45757,populacao_seade-sp_2000a2024,populacao_seade-sp_2000a2024_masculino_2016.csv
2016,Campo Limpo,CAMPO_LIMPO,Vila Andrade,Vila_Andrade,masculino,4356,5512,5969,5750,6404,7022,6476,6175,6143,4904,4113,3173,2171,1466,1046,1077,71757,populacao_seade-sp_2000a2024,populacao_seade-sp_2000a2024_masculino_2016.csv
2016,Itaim Paulista,ITAIM_PAULISTA,Vila Curuçá,Vila_Curuca,masculino,4491,5220,5865,6240,7051,6445,5857,5181,5232,4581,3956,3140,2403,1738,1283,1503,70186,populacao_seade-sp_2000a2024,populacao_seade-sp_2000a2024_masculino_2016.csv
2016,Aricanduva/Formosa/Carrão,ARICANDUVA_FORMOSA_CARRAO,Vila Formosa,Vila_Formosa,masculino,2182,2590,2733,2904,3528,3820,3596,3298,3184,2955,3105,2856,2330,1711,1333,2143,44268,populacao_seade-sp_2000a2024,populacao_seade-sp_2000a2024_masculino_2016.csv
2016,Vila Maria/Vila Guilherme,VILA_MARIA_VILA_GUILHERME,Vila Guilherme,Vila_Guilherme,masculino,1591,1570,1656,1580,1799,2041,2137,2078,2018,1702,1574,1448,1205,884,682,1150,25115,populacao_seade-sp_2000a2024,populacao_seade-sp_2000a2024_masculino_2016.csv
2016,São Miguel,SAO_MIGUEL,Vila Jacuí,Vila_Jacui,masculino,3835,4987,5502,5704,6448,6445,5720,5216,4967,4373,3963,3218,2450,1617,1105,1225,66775,populacao_seade-sp_2000a2024,populacao_seade-sp_2000a2024_masculino_2016.csv
2016,Lapa,LAPA,Vila Leopoldina,Vila_Leopoldina,masculino,1040,1300,1229,1178,1447,1807,1939,2135,2195,1704,1529,1200,914,648,476,744,21485,populacao_seade-sp_2000a2024,populacao_seade-sp_2000a2024_masculino_2016.csv
2016,Vila Maria/Vila Guilherme,VILA_MARIA_VILA_GUILHERME,Vila Maria,Vila_Maria,masculino,3575,3689,3938,3820,4557,4966,4785,4293,4011,3391,3035,2588,2057,1433,1102,1714,52954,populacao_seade-sp_2000a2024,populacao_seade-sp_2000a2024_masculino_2016.csv
2016,Vila Mariana,VILA_MARIANA,Vila Mariana,Vila_Mariana,masculino,2609,2690,2642,2485,3364,4772,5721,5561,4716,3943,4042,3854,3513,2930,2222,3434,58498,populacao_seade-sp_2000a2024,populacao_seade-sp_2000a2024_masculino_2016.csv
2016,Penha,PENHA,Vila Matilde,Vila_Matilde,masculino,2597,3022,3200,3329,4080,4320,4123,3880,3660,3341,3298,2861,2360,1739,1422,2033,49265,populacao_seade-sp_2000a2024,populacao_seade-sp_2000a2024_masculino_2016.csv
2016,Vila Maria/Vila Guilherme,VILA_MARIA_VILA_GUILHERME,Vila Medeiros,Vila_Medeiros,masculino,3575,3881,3995,4033,4774,5213,5004,4470,4129,3588,3527,3120,2576,1913,1535,2291,57624,populacao_seade-sp_2000a2024,populacao_seade-sp_2000a2024_masculino_2016.csv
2016,Vila Prudente,VILA_PRUDENTE,Vila Prudente,Vila_Prudente,masculino,2513,2864,2909,2963,3664,4396,4362,4152,3717,3340,3423,3030,2499,1917,1498,2221,49468,populacao_seade-sp_2000a2024,populacao_seade-sp_2000a2024_masculino_2016.csv
2016,Butantã,BUTANTA,Vila Sônia,Vila_Sonia,masculino,3482,3701,3742,3716,4435,4828,4775,4664,4348,3731,3361,2894,2354,1800,1416,1956,55203,populacao_seade-sp_2000a2024,populacao_seade-sp_2000a2024_masculino_2016.csv
2016,,NAO_IDENTIFICADO,Ignorado,Ignorado,masculino,-,-,-,-,-,-,-,-,-,-,-,-,-,-,-,-,-,populacao_seade-sp_2000a2024,populacao_seade-sp_2000a2024_masculino_2016.csv
2017,Mooca,MOOCA,Água Rasa,Agua_Rasa,masculino,2051,2222,2185,2254,2769,3123,3179,3187,3143,2709,2753,2648,2228,1716,1378,2288,39833,populacao_seade-sp_2000a2024,populacao_seade-sp_2000a2024_masculino_2017.csv
2017,Pinheiros,PINHEIROS,Alto de Pinheiros,Alto_de_Pinheiros,masculino,690,836,894,913,1187,1335,1264,1354,1370,1211,1315,1272,1163,989,859,1604,18256,populacao_seade-sp_2000a2024,populacao_seade-sp_2000a2024_masculino_2017.csv
2017,Perus,PERUS,Anhanguera,Anhanguera,masculino,2208,2526,2845,3116,3621,3452,2879,2665,2767,2637,2223,1581,1068,650,365,314,34917,populacao_seade-sp_2000a2024,populacao_seade-sp_2000a2024_masculino_2017.csv
2017,Aricanduva/Formosa/Carrão,ARICANDUVA_FORMOSA_CARRAO,Aricanduva,Aricanduva,masculino,2285,2625,2828,2968,3465,3612,3451,3265,3210,2973,2781,2456,2037,1589,1304,1839,42688,populacao_seade-sp_2000a2024,populacao_seade-sp_2000a2024_masculino_2017.csv
2017,Penha,PENHA,Artur Alvim,Artur_Alvim,masculino,2575,2980,3160,3287,3876,4027,3989,3979,3780,3093,2863,2487,2100,1665,1325,1723,46909,populacao_seade-sp_2000a2024,populacao_seade-sp_2000a2024_masculino_2017.csv
2017,Lapa,LAPA,Barra Funda,Barra_Funda,masculino,692,683,613,572,740,913,1011,1070,1040,814,695,652,571,452,347,546,11411,populacao_seade-sp_2000a2024,populacao_seade-sp_2000a2024_masculino_2017.csv
2017,Sé,SE,Bela Vista,Bela_Vista,masculino,1556,1472,1254,1173,1572,2575,3546,3566,2955,2253,1981,1685,1434,1136,880,1295,30333,populacao_seade-sp_2000a2024,populacao_seade-sp_2000a2024_masculino_2017.csv
2017,Mooca,MOOCA,Belém,Belem,masculino,1842,1723,1437,1325,1578,2029,2348,2299,2064,1605,1472,1308,1111,821,571,999,24532,populacao_seade-sp_2000a2024,populacao_seade-sp_2000a2024_masculino_2017.csv
2017,Sé,SE,Bom Retiro,Bom_Retiro,masculino,1127,1139,1061,1028,1263,1547,1570,1506,1311,1043,913,785,648,460,342,553,16296,populacao_seade-sp_2000a2024,populacao_seade-sp_2000a2024_masculino_2017.csv
2017,Mooca,MOOCA,Brás,Bras,masculino,1295,1190,1029,996,1250,1584,1703,1635,1500,1201,1016,853,662,497,363,392,17166,populacao_seade-sp_2000a2024,populacao_seade-sp_2000a2024_masculino_2017.csv
2017,Freguesia/Brasilândia,FREGUESIA_BRASILANDIA,Brasilândia,Brasilandia,masculino,9273,9666,10007,10462,11611,11181,10053,9215,8736,7693,6635,5292,4060,2873,1985,2284,121026,populacao_seade-sp_2000a2024,populacao_seade-sp_2000a2024_masculino_2017.csv
2017,Butantã,BUTANTA,Butantã,Butanta,masculino,1153,1285,1255,1195,1511,2114,2469,2362,2072,1698,1609,1479,1320,1096,897,1502,25017,populacao_seade-sp_2000a2024,populacao_seade-sp_2000a2024_masculino_2017.csv
2017,Casa Verde/Cachoeirinha,CASA_VERDE_CACHOEIRINHA,Cachoeirinha,Cachoeirinha,masculino,4843,5262,5442,5526,6287,6322,5815,5483,5070,4383,3930,3338,2576,1781,1261,1551,68870,populacao_seade-sp_2000a2024,populacao_seade-sp_2000a2024_masculino_2017.csv
2017,Sé,SE,Cambuci,Cambuci,masculino,1123,1270,1240,1145,1314,1470,1580,1708,1684,1413,1263,1085,896,677,528,898,19294,populacao_seade-sp_2000a2024,populacao_seade-sp_2000a2024_masculino_2017.csv
2017,Santo Amaro,SANTO_AMARO,Campo Belo,Campo_Belo,masculino,1561,1784,1704,1558,1829,2179,2415,2666,2680,2325,2235,2042,1847,1523,1280,2208,31836,populacao_seade-sp_2000a2024,populacao_seade-sp_2000a2024_masculino_2017.csv
2017,Santo Amaro,SANTO_AMARO,Campo Grande,Campo_Grande,masculino,2616,3160,3332,3308,3869,3901,3848,4200,4289,3901,3764,3261,2598,1898,1460,1946,51351,populacao_seade-sp_2000a2024,populacao_seade-sp_2000a2024_masculino_2017.csv
2017,Campo Limpo,CAMPO_LIMPO,Campo Limpo,Campo_Limpo,masculino,7097,8154,8531,8657,9659,9788,9363,9235,8905,7280,5977,4896,3856,2720,1854,2012,107984,populacao_seade-sp_2000a2024,populacao_seade-sp_2000a2024_masculino_2017.csv
2017,Penha,PENHA,Cangaíba,Cangaiba,masculino,4183,4510,4661,4929,5789,6020,5552,5160,4946,4404,4136,3555,2801,2037,1526,1932,66141,populacao_seade-sp_2000a2024,populacao_seade-sp_2000a2024_masculino_2017.csv
2017,Campo Limpo,CAMPO_LIMPO,Capão Redondo,Capao_Redondo,masculino,9084,10007,10494,10706,12092,12128,11272,10639,10080,8473,6952,5458,4345,3159,2167,2060,129116,populacao_seade-sp_2000a2024,populacao_seade-sp_2000a2024_masculino_2017.csv
2017,Aricanduva/Formosa/Carrão,ARICANDUVA_FORMOSA_CARRAO,Carrão,Carrao,masculino,1865,2158,2297,2444,3023,3229,3073,3071,3090,2766,2759,2519,2100,1648,1309,2123,39474,populacao_seade-sp_2000a2024,populacao_seade-sp_2000a2024_masculino_2017.csv
2017,Casa Verde/Cachoeirinha,CASA_VERDE_CACHOEIRINHA,Casa Verde,Casa_Verde,masculino,2324,2486,2479,2479,2872,3269,3293,3211,2945,2493,2437,2241,1880,1422,1090,1707,38628,populacao_seade-sp_2000a2024,populacao_seade-sp_2000a2024_masculino_2017.csv
2017,Cidade Ademar,CIDADE_ADEMAR,Cidade Ademar,Cidade_Ademar,masculino,8436,9054,9301,9485,10896,11398,10717,10207,9587,8021,6787,5477,4438,3373,2403,2741,122321,populacao_seade-sp_2000a2024,populacao_seade-sp_2000a2024_masculino_2017.csv
2017,Capela do Socorro,CAPELA_DO_SOCORRO,Cidade Dutra,Cidade_Dutra,masculino,5719,6311,6685,7053,8129,8228,7548,7189,6964,6085,5371,4454,3633,2750,1973,2160,90252,populacao_seade-sp_2000a2024,populacao_seade-sp_2000a2024_masculino_2017.csv
2017,Itaquera,ITAQUERA,Cidade Líder,Cidade_Lider,masculino,3929,4452,4728,4896,5686,5767,5418,5258,5040,4260,3796,3261,2704,1996,1418,1392,64001,populacao_seade-sp_2000a2024,populacao_seade-sp_2000a2024_masculino_2017.csv
2017,Cidade Tiradentes,CIDADE_TIRADENTES,Cidade Tiradentes,Cidade_Tiradentes,masculino,6818,7692,8770,9179,10014,9269,8107,7423,6943,5778,4876,3985,3106,2000,1217,1010,96187,populacao_seade-sp_2000a2024,populacao_seade-sp_2000a2024_masculino_2017.csv
2017,Sé,SE,Consolação,Consolacao,masculino,938,921,852,864,1324,2392,2911,2533,2120,1687,1695,1624,1367,1148,960,1672,25008,populacao_seade-sp_2000a2024,populacao_seade-sp_2000a2024_masculino_2017.csv
2017,Ipiranga,IPIRANGA,Cursino,Cursino,masculino,2656,3050,3057,2994,3544,3940,4075,4112,3864,3388,3337,3095,2572,1948,1451,2416,49499,populacao_seade-sp_2000a2024,populacao_seade-sp_2000a2024_masculino_2017.csv
2017,Ermelino Matarazzo,ERMELINO_MATARAZZO,Ermelino Matarazzo,Ermelino_Matarazzo,masculino,3447,3908,4125,4248,4850,4909,4559,4291,4182,3720,3275,2684,2198,1633,1131,1296,54456,populacao_seade-sp_2000a2024,populacao_seade-sp_2000a2024_masculino_2017.csv
2017,Freguesia/Brasilândia,FREGUESIA_BRASILANDIA,Freguesia do Ó,Freguesia_do_O,masculino,3815,4095,4173,4483,5317,5639,5512,5384,5054,4396,4331,4018,3283,2392,1724,2476,66092,populacao_seade-sp_2000a2024,populacao_seade-sp_2000a2024_masculino_2017.csv
2017,Capela do Socorro,CAPELA_DO_SOCORRO,Grajaú,Grajau,masculino,13176,14395,15374,16127,17999,17199,15168,14020,13458,11783,10107,7866,5970,4091,2602,2294,181629,populacao_seade-sp_2000a2024,populacao_seade-sp_2000a2024_masculino_2017.csv
2017,Guaianases,GUAIANASES,Guaianases,Guaianases,masculino,3704,4026,4302,4469,5193,4917,4234,3982,3803,3274,2840,2289,1812,1284,848,883,51860,populacao_seade-sp_2000a2024,populacao_seade-sp_2000a2024_masculino_2017.csv
2017,São Mateus,SAO_MATEUS,Iguatemi,Iguatemi,masculino,4976,5449,5853,6185,7003,6478,5537,5045,4852,4449,3932,3063,2327,1554,1009,909,68621,populacao_seade-sp_2000a2024,populacao_seade-sp_2000a2024_masculino_2017.csv
2017,Ipiranga,IPIRANGA,Ipiranga,Ipiranga,masculino,2817,3168,3230,3234,3865,4251,4391,4450,4294,3694,3483,3077,2590,1969,1481,2443,52437,populacao_seade-sp_2000a2024,populacao_seade-sp_2000a2024_masculino_2017.csv
2017,Pinheiros,PINHEIROS,Itaim Bibi,Itaim_Bibi,masculino,2165,2399,2056,1753,2177,2866,3746,4610,4481,3368,3022,2815,2561,2152,1739,2754,44664,populacao_seade-sp_2000a2024,populacao_seade-sp_2000a2024_masculino_2017.csv
2017,Itaim Paulista,ITAIM_PAULISTA,Itaim Paulista,Itaim_Paulista,masculino,7051,7787,8453,9072,10452,9891,8493,7711,7319,6478,5797,4697,3586,2502,1708,1723,102720,populacao_seade-sp_2000a2024,populacao_seade-sp_2000a2024_masculino_2017.csv
2017,Itaquera,ITAQUERA,Itaquera,Itaquera,masculino,6481,7200,7651,8055,9208,8963,8092,7782,7781,6824,5952,4828,3798,2804,2037,2303,99759,populacao_seade-sp_2000a2024,populacao_seade-sp_2000a2024_masculino_2017.csv
2017,Jabaquara,JABAQUARA,Jabaquara,Jabaquara,masculino,6069,6817,6955,7073,8191,8711,8726,8799,8279,7136,6667,5626,4539,3262,2476,3573,102899,populacao_seade-sp_2000a2024,populacao_seade-sp_2000a2024_masculino_2017.csv
2017,Jaçanã/Tremembé,JACANA_TREMEMBE,Jaçanã,Jacana,masculino,2441,2917,3219,3313,3769,3842,3654,3502,3282,2746,2481,2171,1780,1342,974,1341,42774,populacao_seade-sp_2000a2024,populacao_seade-sp_2000a2024_masculino_2017.csv
2017,Lapa,LAPA,Jaguara,Jaguara,masculino,617,684,710,703,832,972,1015,1000,937,788,759,708,621,503,391,560,11800,populacao_seade-sp_2000a2024,populacao_seade-sp_2000a2024_masculino_2017.csv
2017,Lapa,LAPA,Jaguaré,Jaguare,masculino,1516,1757,1838,1775,2024,2232,2308,2323,2157,1746,1505,1199,949,711,560,824,25424,populacao_seade-sp_2000a2024,populacao_seade-sp_2000a2024_masculino_2017.csv
2017,Pirituba/Jaraguá,PIRITUBA_JARAGUA,Jaraguá,Jaragua,masculino,6554,7192,7858,8442,9467,8882,7889,7550,7339,6354,5571,4530,3421,2327,1522,1494,96392,populacao_seade-sp_2000a2024,populacao_seade-sp_2000a2024_masculino_2017.csv
2017,M'Boi Mirim,M_BOI_MIRIM,Jardim Ângela,Jardim_Angela,masculino,10739,12191,13150,13430,14573,13663,12336,11705,11510,9745,7669,5820,4482,3103,1980,1849,147945,populacao_seade-sp_2000a2024,populacao_seade-sp_2000a2024_masculino_2017.csv
2017,São Miguel,SAO_MIGUEL,Jardim Helena,Jardim_Helena,masculino,4791,5097,5235,5528,6353,6012,5262,4850,4638,4102,3530,2757,2138,1549,1086,1181,64109,populacao_seade-sp_2000a2024,populacao_seade-sp_2000a2024_masculino_2017.csv
2017,Pinheiros,PINHEIROS,Jardim Paulista,Jardim_Paulista,masculino,1697,1805,1583,1426,1801,2564,3396,3857,3564,2837,2621,2411,2156,1951,1683,2737,38089,populacao_seade-sp_2000a2024,populacao_seade-sp_2000a2024_masculino_2017.csv
2017,M'Boi Mirim,M_BOI_MIRIM,Jardim São Luís,Jardim_Sao_Luis,masculino,8500,9326,9851,10205,11421,11793,11205,10729,10191,8467,7031,5693,4480,3154,2161,2300,126507,populacao_seade-sp_2000a2024,populacao_seade-sp_2000a2024_masculino_2017.csv
2017,Itaquera,ITAQUERA,José Bonifácio,Jose_Bonifacio,masculino,3412,4230,4780,4917,5405,5148,5031,5230,4911,3916,3270,2714,2403,1913,1234,1181,59695,populacao_seade-sp_2000a2024,populacao_seade-sp_2000a2024_masculino_2017.csv
2017,Guaianases,GUAIANASES,Lajeado,Lajeado,masculino,5785,6415,6737,7098,8179,7790,6625,5920,5824,5075,4275,3448,2655,1833,1213,1240,80112,populacao_seade-sp_2000a2024,populacao_seade-sp_2000a2024_masculino_2017.csv
2017,Lapa,LAPA,Lapa,Lapa,masculino,1525,1792,1767,1631,2012,2416,2642,2815,2733,2363,2377,2242,1886,1464,1200,2141,33006,populacao_seade-sp_2000a2024,populacao_seade-sp_2000a2024_masculino_2017.csv
2017,Sé,SE,Liberdade,Liberdade,masculino,1635,1712,1552,1490,1983,2637,3088,3127,2760,2247,2013,1806,1557,1268,964,1446,31285,populacao_seade-sp_2000a2024,populacao_seade-sp_2000a2024_masculino_2017.csv
2017,Casa Verde/Cachoeirinha,CASA_VERDE_CACHOEIRINHA,Limão,Limao,masculino,2529,2614,2526,2590,3054,3378,3272,3096,2908,2526,2354,2076,1731,1319,957,1328,38258,populacao_seade-sp_2000a2024,populacao_seade-sp_2000a2024_masculino_2017.csv
2017,Santana/Tucuruvi,SANTANA_TUCURUVI,Mandaqui,Mandaqui,masculino,2608,2917,3034,3207,3896,4230,4047,3930,3965,3666,3502,3045,2419,1786,1389,1983,49624,populacao_seade-sp_2000a2024,populacao_seade-sp_2000a2024_masculino_2017.csv
2017,Parelheiros,PARELHEIROS,Marsilac,Marsilac,masculino,272,332,427,489,549,486,371,329,310,309,309,281,242,173,117,131,5127,populacao_seade-sp_2000a2024,populacao_seade-sp_2000a2024_masculino_2017.csv
2017,Vila Mariana,VILA_MARIANA,Moema,Moema,masculino,1605,1926,1845,1667,2000,2375,2818,3367,3470,2891,2744,2600,2425,2098,1587,2377,37795,populacao_seade-sp_2000a2024,populacao_seade-sp_2000a2024_masculino_2017.csv
2017,Mooca,MOOCA,Mooca,Mooca,masculino,1893,2079,2004,1945,2492,2954,3039,3116,3087,2785,2678,2398,2032,1491,1149,2023,37165,populacao_seade-sp_2000a2024,populacao_seade-sp_2000a2024_masculino_2017.csv
2017,Butantã,BUTANTA,Morumbi,Morumbi,masculino,1332,1377,1341,1380,1586,1590,1565,1621,1638,1496,1438,1242,1038,848,711,1054,21257,populacao_seade-sp_2000a2024,populacao_seade-sp_2000a2024_masculino_2017.csv
2017,Parelheiros,PARELHEIROS,Parelheiros,Parelheiros,masculino,5332,5683,6090,6554,7293,6505,5472,5195,5134,4516,3831,3040,2312,1548,1014,933,70452,populacao_seade-sp_2000a2024,populacao_seade-sp_2000a2024_masculino_2017.csv
2017,Mooca,MOOCA,Pari,Pari,masculino,600,590,546,521,642,767,741,666,589,531,482,397,311,257,206,351,8197,populacao_seade-sp_2000a2024,populacao_seade-sp_2000a2024_masculino_2017.csv
2017,Itaquera,ITAQUERA,Parque do Carmo,Parque_do_Carmo,masculino,2243,2559,2782,2806,3151,3174,3002,2775,2701,2371,1974,1632,1365,1049,718,756,35058,populacao_seade-sp_2000a2024,populacao_seade-sp_2000a2024_masculino_2017.csv
2017,Cidade Ademar,CIDADE_ADEMAR,Pedreira,Pedreira,masculino,4742,5573,6079,6383,7314,7204,6394,5992,5774,5003,4286,3453,2650,1875,1230,1223,75175,populacao_seade-sp_2000a2024,populacao_seade-sp_2000a2024_masculino_2017.csv
2017,Penha,PENHA,Penha,Penha,masculino,3266,3618,3755,3841,4629,5125,5115,4880,4667,4196,4088,3661,3020,2383,1856,2857,60957,populacao_seade-sp_2000a2024,populacao_seade-sp_2000a2024_masculino_2017.csv
2017,Lapa,LAPA,Perdizes,Perdizes,masculino,2068,2408,2456,2287,2808,3659,4193,4527,4159,3444,3336,3245,2990,2459,1857,2733,48629,populacao_seade-sp_2000a2024,populacao_seade-sp_2000a2024_masculino_2017.csv
2017,Perus,PERUS,Perus,Perus,masculino,3042,3204,3346,3542,4015,3893,3252,3036,3134,2823,2402,1849,1390,969,645,700,41242,populacao_seade-sp_2000a2024,populacao_seade-sp_2000a2024_masculino_2017.csv
2017,Pinheiros,PINHEIROS,Pinheiros,Pinheiros,masculino,1286,1473,1381,1241,1487,1960,2579,2937,2665,2143,2063,1900,1710,1422,1173,1946,29366,populacao_seade-sp_2000a2024,populacao_seade-sp_2000a2024_masculino_2017.csv
2017,Pirituba/Jaraguá,PIRITUBA_JARAGUA,Pirituba,Pirituba,masculino,4859,5529,5742,5838,6788,7146,6978,6785,6331,5645,5421,4748,3870,2846,2108,2719,83353,populacao_seade-sp_2000a2024,populacao_seade-sp_2000a2024_masculino_2017.csv
2017,Ermelino Matarazzo,ERMELINO_MATARAZZO,Ponte Rasa,Ponte_Rasa,masculino,2393,2769,2974,3143,3676,3778,3653,3397,3152,2872,2760,2496,2079,1537,1158,1572,43409,populacao_seade-sp_2000a2024,populacao_seade-sp_2000a2024_masculino_2017.csv
2017,Butantã,BUTANTA,Raposo Tavares,Raposo_Tavares,masculino,3722,3970,4109,4105,4613,4569,4383,4415,4194,3499,2924,2310,1912,1475,1092,1074,52366,populacao_seade-sp_2000a2024,populacao_seade-sp_2000a2024_masculino_2017.csv
2017,Sé,SE,República,Republica,masculino,1498,1422,1226,1139,1508,2514,3338,3346,3098,2594,2212,1777,1378,994,742,950,29736,populacao_seade-sp_2000a2024,populacao_seade-sp_2000a2024_masculino_2017.csv
2017,Butantã,BUTANTA,Rio Pequeno,Rio_Pequeno,masculino,4368,4271,4139,4154,4754,5211,5244,5078,4745,4148,3800,3145,2503,1860,1359,1811,60590,populacao_seade-sp_2000a2024,populacao_seade-sp_2000a2024_masculino_2017.csv
2017,Ipiranga,IPIRANGA,Sacomã,Sacoma,masculino,6905,8140,8653,8596,10071,10817,10694,10427,9755,8403,7636,6515,5205,3708,2647,3702,121874,populacao_seade-sp_2000a2024,populacao_seade-sp_2000a2024_masculino_2017.csv
2017,Sé,SE,Santa Cecília,Santa_Cecilia,masculino,1954,2009,1832,1765,2265,3074,3677,3692,3447,2937,2707,2317,1941,1530,1162,1825,38134,populacao_seade-sp_2000a2024,populacao_seade-sp_2000a2024_masculino_2017.csv
2017,Santana/Tucuruvi,SANTANA_TUCURUVI,Santana,Santana,masculino,2658,2775,2703,2816,3604,4142,4260,4146,3944,3583,3720,3592,3183,2515,1870,3041,52552,populacao_seade-sp_2000a2024,populacao_seade-sp_2000a2024_masculino_2017.csv
2017,Santo Amaro,SANTO_AMARO,Santo Amaro,Santo_Amaro,masculino,1658,1922,1999,2034,2433,2634,2778,2953,3031,2712,2724,2494,2152,1767,1504,2366,37161,populacao_seade-sp_2000a2024,populacao_seade-sp_2000a2024_masculino_2017.csv
2017,Pirituba/Jaraguá,PIRITUBA_JARAGUA,São Domingos,Sao_Domingos,masculino,2300,2716,2867,2880,3389,3598,3492,3341,3196,2914,2774,2361,1862,1431,1099,1445,41665,populacao_seade-sp_2000a2024,populacao_seade-sp_2000a2024_masculino_2017.csv
2017,Vila Prudente,VILA_PRUDENTE,São Lucas,Sao_Lucas,masculino,3341,4002,4335,4322,5131,5686,5657,5363,5076,4495,4530,4034,3242,2444,1927,2991,66576,populacao_seade-sp_2000a2024,populacao_seade-sp_2000a2024_masculino_2017.csv
2017,São Mateus,SAO_MATEUS,São Mateus,Sao_Mateus,masculino,4706,5218,5526,5820,6713,6768,6291,5867,5631,4967,4545,3881,3145,2323,1694,2113,75208,populacao_seade-sp_2000a2024,populacao_seade-sp_2000a2024_masculino_2017.csv
2017,São Miguel,SAO_MIGUEL,São Miguel,Sao_Miguel,masculino,3013,3006,2953,3147,3701,3725,3359,3004,2936,2718,2530,2135,1658,1217,930,1313,41345,populacao_seade-sp_2000a2024,populacao_seade-sp_2000a2024_masculino_2017.csv
2017,São Mateus,SAO_MATEUS,São Rafael,Sao_Rafael,masculino,4468,5358,6247,6477,7112,6510,5578,5408,5543,4927,4204,3212,2407,1706,1253,1308,71718,populacao_seade-sp_2000a2024,populacao_seade-sp_2000a2024_masculino_2017.csv
2017,Sapopemba,SAPOPEMBA,Sapopemba,Sapopemba,masculino,8303,9348,10050,10420,11976,12334,11244,10401,9894,8537,7814,6720,5450,3956,2757,3238,132442,populacao_seade-sp_2000a2024,populacao_seade-sp_2000a2024_masculino_2017.csv
2017,Vila Mariana,VILA_MARIANA,Saúde,Saude,masculino,2706,3034,2895,2739,3374,4257,5056,5513,5113,4345,4200,3982,3535,2749,2182,3503,59183,populacao_seade-sp_2000a2024,populacao_seade-sp_2000a2024_masculino_2017.csv
2017,Sé,SE,Sé,Se,masculino,909,743,668,711,846,1080,1192,1126,1153,973,758,556,392,252,188,220,11767,populacao_seade-sp_2000a2024,populacao_seade-sp_2000a2024_masculino_2017.csv
2017,Capela do Socorro,CAPELA_DO_SOCORRO,Socorro,Socorro,masculino,908,988,1049,1062,1254,1414,1419,1383,1388,1226,1215,1126,957,774,662,982,17807,populacao_seade-sp_2000a2024,populacao_seade-sp_2000a2024_masculino_2017.csv
2017,Mooca,MOOCA,Tatuapé,Tatuape,masculino,2032,2235,2416,2556,3136,3456,3445,3479,3505,3283,3406,3070,2518,1890,1428,2389,44244,populacao_seade-sp_2000a2024,populacao_seade-sp_2000a2024_masculino_2017.csv
2017,Jaçanã/Tremembé,JACANA_TREMEMBE,Tremembé,Tremembe,masculino,6321,6782,7154,7571,8809,8619,7697,7310,7180,6336,5686,4702,3702,2662,1902,2314,94747,populacao_seade-sp_2000a2024,populacao_seade-sp_2000a2024_masculino_2017.csv
2017,Santana/Tucuruvi,SANTANA_TUCURUVI,Tucuruvi,Tucuruvi,masculino,2180,2485,2567,2610,3248,3837,3919,3780,3568,3113,3060,2905,2572,1963,1520,2513,45840,populacao_seade-sp_2000a2024,populacao_seade-sp_2000a2024_masculino_2017.csv
2017,Campo Limpo,CAMPO_LIMPO,Vila Andrade,Vila_Andrade,masculino,4400,5348,5975,5902,6549,7011,6623,6301,6251,5142,4285,3352,2358,1576,1116,1177,73366,populacao_seade-sp_2000a2024,populacao_seade-sp_2000a2024_masculino_2017.csv
2017,Itaim Paulista,ITAIM_PAULISTA,Vila Curuçá,Vila_Curuca,masculino,4426,5056,5631,6064,6963,6502,5785,5252,5139,4582,4003,3210,2473,1792,1316,1556,69750,populacao_seade-sp_2000a2024,populacao_seade-sp_2000a2024_masculino_2017.csv
2017,Aricanduva/Formosa/Carrão,ARICANDUVA_FORMOSA_CARRAO,Vila Formosa,Vila_Formosa,masculino,2155,2524,2695,2838,3465,3753,3597,3346,3202,2933,3038,2877,2402,1784,1366,2175,44150,populacao_seade-sp_2000a2024,populacao_seade-sp_2000a2024_masculino_2017.csv
2017,Vila Maria/Vila Guilherme,VILA_MARIA_VILA_GUILHERME,Vila Guilherme,Vila_Guilherme,masculino,1549,1605,1611,1589,1769,1961,2077,2087,2028,1727,1579,1445,1235,920,699,1158,25039,populacao_seade-sp_2000a2024,populacao_seade-sp_2000a2024_masculino_2017.csv
2017,São Miguel,SAO_MIGUEL,Vila Jacuí,Vila_Jacui,masculino,3788,4698,5350,5566,6372,6367,5723,5236,4972,4356,3976,3285,2532,1711,1153,1281,66366,populacao_seade-sp_2000a2024,populacao_seade-sp_2000a2024_masculino_2017.csv
2017,Lapa,LAPA,Vila Leopoldina,Vila_Leopoldina,masculino,1025,1274,1270,1199,1441,1749,1921,2118,2230,1801,1564,1269,968,693,503,775,21800,populacao_seade-sp_2000a2024,populacao_seade-sp_2000a2024_masculino_2017.csv
2017,Vila Maria/Vila Guilherme,VILA_MARIA_VILA_GUILHERME,Vila Maria,Vila_Maria,masculino,3500,3707,3809,3809,4431,4831,4720,4356,4034,3416,3052,2615,2112,1502,1121,1732,52747,populacao_seade-sp_2000a2024,populacao_seade-sp_2000a2024_masculino_2017.csv
2017,Vila Mariana,VILA_MARIANA,Vila Mariana,Vila_Mariana,masculino,2573,2733,2642,2513,3198,4416,5472,5661,4937,4011,3991,3876,3561,3008,2334,3551,58477,populacao_seade-sp_2000a2024,populacao_seade-sp_2000a2024_masculino_2017.csv
2017,Penha,PENHA,Vila Matilde,Vila_Matilde,masculino,2562,2969,3154,3281,4000,4283,4104,3921,3716,3329,3279,2917,2421,1814,1438,2091,49279,populacao_seade-sp_2000a2024,populacao_seade-sp_2000a2024_masculino_2017.csv
2017,Vila Maria/Vila Guilherme,VILA_MARIA_VILA_GUILHERME,Vila Medeiros,Vila_Medeiros,masculino,3485,3838,3897,3952,4646,5038,4928,4523,4149,3574,3456,3129,2614,1971,1545,2318,57063,populacao_seade-sp_2000a2024,populacao_seade-sp_2000a2024_masculino_2017.csv
2017,Vila Prudente,VILA_PRUDENTE,Vila Prudente,Vila_Prudente,masculino,2482,2838,2902,2937,3594,4240,4348,4201,3837,3339,3383,3090,2574,1987,1542,2283,49577,populacao_seade-sp_2000a2024,populacao_seade-sp_2000a2024_masculino_2017.csv
2017,Butantã,BUTANTA,Vila Sônia,Vila_Sonia,masculino,3442,3746,3738,3732,4394,4764,4743,4717,4469,3801,3435,2965,2448,1878,1468,2046,55786,populacao_seade-sp_2000a2024,populacao_seade-sp_2000a2024_masculino_2017.csv
2017,,NAO_IDENTIFICADO,Ignorado,Ignorado,masculino,-,-,-,-,-,-,-,-,-,-,-,-,-,-,-,-,-,populacao_seade-sp_2000a2024,populacao_seade-sp_2000a2024_masculino_2017.csv
2018,Mooca,MOOCA,Água Rasa,Agua_Rasa,masculino,2015,2249,2174,2223,2716,3048,3145,3200,3178,2759,2685,2681,2302,1779,1404,2328,39886,populacao_seade-sp_2000a2024,populacao_seade-sp_2000a2024_masculino_2018.csv
2018,Pinheiros,PINHEIROS,Alto de Pinheiros,Alto_de_Pinheiros,masculino,670,807,877,895,1128,1308,1256,1304,1393,1202,1261,1287,1161,1011,864,1637,18061,populacao_seade-sp_2000a2024,populacao_seade-sp_2000a2024_masculino_2018.csv
2018,Perus,PERUS,Anhanguera,Anhanguera,masculino,2219,2454,2776,3072,3648,3519,2956,2674,2740,2617,2330,1670,1142,705,403,338,35263,populacao_seade-sp_2000a2024,populacao_seade-sp_2000a2024_masculino_2018.csv
2018,Aricanduva/Formosa/Carrão,ARICANDUVA_FORMOSA_CARRAO,Aricanduva,Aricanduva,masculino,2254,2584,2763,2924,3434,3563,3439,3304,3211,2956,2816,2477,2108,1629,1322,1902,42686,populacao_seade-sp_2000a2024,populacao_seade-sp_2000a2024_masculino_2018.csv
2018,Penha,PENHA,Artur Alvim,Artur_Alvim,masculino,2520,2903,3083,3207,3797,3949,3885,3964,3815,3139,2824,2528,2114,1705,1337,1778,46548,populacao_seade-sp_2000a2024,populacao_seade-sp_2000a2024_masculino_2018.csv
2018,Lapa,LAPA,Barra Funda,Barra_Funda,masculino,717,756,654,621,753,944,1038,1142,1120,904,745,685,622,492,382,589,12164,populacao_seade-sp_2000a2024,populacao_seade-sp_2000a2024_masculino_2018.csv
2018,Sé,SE,Bela Vista,Bela_Vista,masculino,1514,1534,1258,1163,1454,2241,3330,3619,3080,2291,1988,1708,1444,1165,901,1323,30013,populacao_seade-sp_2000a2024,populacao_seade-sp_2000a2024_masculino_2018.csv
2018,Mooca,MOOCA,Belém,Belem,masculino,1815,1864,1475,1354,1549,1914,2309,2379,2149,1687,1481,1353,1144,877,607,1011,24968,populacao_seade-sp_2000a2024,populacao_seade-sp_2000a2024_masculino_2018.csv
2018,Sé,SE,Bom Retiro,Bom_Retiro,masculino,1096,1169,1053,1027,1213,1465,1560,1507,1364,1055,927,791,666,484,349,558,16284,populacao_seade-sp_2000a2024,populacao_seade-sp_2000a2024_masculino_2018.csv
2018,Mooca,MOOCA,Brás,Bras,masculino,1276,1298,1039,1014,1221,1532,1703,1690,1555,1255,1054,882,704,517,386,420,17546,populacao_seade-sp_2000a2024,populacao_seade-sp_2000a2024_masculino_2018.csv
2018,Freguesia/Brasilândia,FREGUESIA_BRASILANDIA,Brasilândia,Brasilandia,masculino,9077,9633,9583,10210,11481,11067,9945,9229,8673,7606,6737,5352,4171,2960,2053,2343,120120,populacao_seade-sp_2000a2024,populacao_seade-sp_2000a2024_masculino_2018.csv
2018,Butantã,BUTANTA,Butantã,Butanta,masculino,1129,1282,1254,1198,1444,1946,2409,2412,2139,1721,1601,1489,1334,1120,915,1529,24922,populacao_seade-sp_2000a2024,populacao_seade-sp_2000a2024_masculino_2018.csv
2018,Casa Verde/Cachoeirinha,CASA_VERDE_CACHOEIRINHA,Cachoeirinha,Cachoeirinha,masculino,4759,5248,5297,5475,6205,6276,5795,5505,5158,4366,3990,3368,2697,1862,1306,1603,68910,populacao_seade-sp_2000a2024,populacao_seade-sp_2000a2024_masculino_2018.csv
2018,Sé,SE,Cambuci,Cambuci,masculino,1116,1284,1270,1183,1318,1455,1556,1717,1741,1461,1299,1124,935,715,547,921,19642,populacao_seade-sp_2000a2024,populacao_seade-sp_2000a2024_masculino_2018.csv
2018,Santo Amaro,SANTO_AMARO,Campo Belo,Campo_Belo,masculino,1535,1789,1740,1586,1800,2104,2362,2642,2747,2368,2247,2087,1877,1586,1308,2279,32057,populacao_seade-sp_2000a2024,populacao_seade-sp_2000a2024_masculino_2018.csv
2018,Santo Amaro,SANTO_AMARO,Campo Grande,Campo_Grande,masculino,2587,3108,3349,3327,3838,3938,3794,4156,4391,3927,3820,3376,2732,2013,1514,2053,51923,populacao_seade-sp_2000a2024,populacao_seade-sp_2000a2024_masculino_2018.csv
2018,Campo Limpo,CAMPO_LIMPO,Campo Limpo,Campo_Limpo,masculino,7044,8020,8466,8589,9742,9722,9337,9250,9064,7487,6200,4997,4034,2868,1963,2127,108910,populacao_seade-sp_2000a2024,populacao_seade-sp_2000a2024_masculino_2018.csv
2018,Penha,PENHA,Cangaíba,Cangaiba,masculino,4128,4525,4550,4840,5730,5943,5591,5205,4989,4400,4157,3626,2914,2122,1571,2009,66300,populacao_seade-sp_2000a2024,populacao_seade-sp_2000a2024_masculino_2018.csv
2018,Campo Limpo,CAMPO_LIMPO,Capão Redondo,Capao_Redondo,masculino,8946,9865,10214,10561,11993,12024,11175,10676,10133,8555,7175,5567,4448,3283,2270,2194,129079,populacao_seade-sp_2000a2024,populacao_seade-sp_2000a2024_masculino_2018.csv
2018,Aricanduva/Formosa/Carrão,ARICANDUVA_FORMOSA_CARRAO,Carrão,Carrao,masculino,1841,2137,2269,2405,2958,3196,3076,3072,3120,2792,2733,2576,2168,1704,1347,2169,39563,populacao_seade-sp_2000a2024,populacao_seade-sp_2000a2024_masculino_2018.csv
2018,Casa Verde/Cachoeirinha,CASA_VERDE_CACHOEIRINHA,Casa Verde,Casa_Verde,masculino,2269,2495,2427,2455,2816,3127,3255,3200,3017,2486,2399,2247,1921,1467,1111,1722,38414,populacao_seade-sp_2000a2024,populacao_seade-sp_2000a2024_masculino_2018.csv
2018,Cidade Ademar,CIDADE_ADEMAR,Cidade Ademar,Cidade_Ademar,masculino,8250,8985,9006,9318,10679,11121,10605,10147,9654,8044,6917,5548,4508,3447,2497,2838,121564,populacao_seade-sp_2000a2024,populacao_seade-sp_2000a2024_masculino_2018.csv
2018,Capela do Socorro,CAPELA_DO_SOCORRO,Cidade Dutra,Cidade_Dutra,masculino,5591,6208,6447,6873,8003,8092,7497,7135,6958,6058,5436,4503,3700,2821,2050,2260,89632,populacao_seade-sp_2000a2024,populacao_seade-sp_2000a2024_masculino_2018.csv
2018,Itaquera,ITAQUERA,Cidade Líder,Cidade_Lider,masculino,3900,4394,4653,4848,5665,5772,5407,5287,5119,4331,3854,3317,2780,2092,1484,1494,64397,populacao_seade-sp_2000a2024,populacao_seade-sp_2000a2024_masculino_2018.csv
2018,Cidade Tiradentes,CIDADE_TIRADENTES,Cidade Tiradentes,Cidade_Tiradentes,masculino,6722,7407,8312,9008,9933,9305,8019,7424,6917,5794,4926,4000,3179,2125,1282,1081,95434,populacao_seade-sp_2000a2024,populacao_seade-sp_2000a2024_masculino_2018.csv
2018,Sé,SE,Consolação,Consolacao,masculino,943,943,855,847,1200,2076,2908,2633,2202,1725,1649,1642,1409,1157,985,1700,24874,populacao_seade-sp_2000a2024,populacao_seade-sp_2000a2024_masculino_2018.csv
2018,Ipiranga,IPIRANGA,Cursino,Cursino,masculino,2587,3010,3042,2967,3445,3804,3974,4112,3936,3375,3303,3106,2653,2012,1507,2437,49270,populacao_seade-sp_2000a2024,populacao_seade-sp_2000a2024_masculino_2018.csv
2018,Ermelino Matarazzo,ERMELINO_MATARAZZO,Ermelino Matarazzo,Ermelino_Matarazzo,masculino,3390,3834,4034,4177,4808,4852,4540,4308,4177,3716,3341,2736,2244,1700,1188,1352,54397,populacao_seade-sp_2000a2024,populacao_seade-sp_2000a2024_masculino_2018.csv
2018,Freguesia/Brasilândia,FREGUESIA_BRASILANDIA,Freguesia do Ó,Freguesia_do_O,masculino,3744,4111,4072,4359,5254,5507,5447,5386,5143,4378,4269,4026,3399,2484,1789,2517,65885,populacao_seade-sp_2000a2024,populacao_seade-sp_2000a2024_masculino_2018.csv
2018,Capela do Socorro,CAPELA_DO_SOCORRO,Grajaú,Grajau,masculino,13055,14283,14930,15907,18001,17273,15242,14138,13520,11829,10396,8127,6203,4320,2798,2476,182498,populacao_seade-sp_2000a2024,populacao_seade-sp_2000a2024_masculino_2018.csv
2018,Guaianases,GUAIANASES,Guaianases,Guaianases,masculino,3676,3995,4171,4423,5109,5005,4252,3989,3840,3289,2903,2343,1864,1349,897,927,52032,populacao_seade-sp_2000a2024,populacao_seade-sp_2000a2024_masculino_2018.csv
2018,São Mateus,SAO_MATEUS,Iguatemi,Iguatemi,masculino,4993,5414,5738,6132,7042,6627,5615,5138,4897,4434,4065,3185,2428,1667,1069,983,69427,populacao_seade-sp_2000a2024,populacao_seade-sp_2000a2024_masculino_2018.csv
2018,Ipiranga,IPIRANGA,Ipiranga,Ipiranga,masculino,2782,3181,3225,3246,3804,4182,4319,4505,4384,3770,3508,3160,2668,2071,1542,2493,52840,populacao_seade-sp_2000a2024,populacao_seade-sp_2000a2024_masculino_2018.csv
2018,Pinheiros,PINHEIROS,Itaim Bibi,Itaim_Bibi,masculino,2119,2442,2163,1804,2098,2715,3517,4541,4679,3565,3044,2866,2614,2229,1813,2871,45080,populacao_seade-sp_2000a2024,populacao_seade-sp_2000a2024_masculino_2018.csv
2018,Itaim Paulista,ITAIM_PAULISTA,Itaim Paulista,Itaim_Paulista,masculino,6916,7607,8083,8791,10268,9902,8478,7708,7283,6394,5830,4766,3692,2596,1772,1806,101892,populacao_seade-sp_2000a2024,populacao_seade-sp_2000a2024_masculino_2018.csv
2018,Itaquera,ITAQUERA,Itaquera,Itaquera,masculino,6402,7138,7456,7928,9171,8998,8091,7780,7772,6889,6078,4955,3927,2906,2115,2415,100021,populacao_seade-sp_2000a2024,populacao_seade-sp_2000a2024_masculino_2018.csv
2018,Jabaquara,JABAQUARA,Jabaquara,Jabaquara,masculino,5929,6739,6842,6958,8089,8508,8547,8740,8436,7114,6681,5751,4651,3426,2512,3659,102582,populacao_seade-sp_2000a2024,populacao_seade-sp_2000a2024_masculino_2018.csv
2018,Jaçanã/Tremembé,JACANA_TREMEMBE,Jaçanã,Jacana,masculino,2402,2800,3134,3255,3730,3781,3608,3501,3319,2765,2484,2180,1823,1377,1009,1361,42529,populacao_seade-sp_2000a2024,populacao_seade-sp_2000a2024_masculino_2018.csv
2018,Lapa,LAPA,Jaguara,Jaguara,masculino,608,685,696,706,812,935,999,1008,958,799,751,712,632,515,403,575,11794,populacao_seade-sp_2000a2024,populacao_seade-sp_2000a2024_masculino_2018.csv
2018,Lapa,LAPA,Jaguaré,Jaguare,masculino,1498,1737,1829,1798,2002,2178,2271,2346,2226,1799,1548,1255,985,747,575,855,25649,populacao_seade-sp_2000a2024,populacao_seade-sp_2000a2024_masculino_2018.csv
2018,Pirituba/Jaraguá,PIRITUBA_JARAGUA,Jaraguá,Jaragua,masculino,6545,7177,7651,8369,9551,9024,7937,7611,7437,6444,5715,4672,3598,2467,1622,1592,97412,populacao_seade-sp_2000a2024,populacao_seade-sp_2000a2024_masculino_2018.csv
2018,M'Boi Mirim,M_BOI_MIRIM,Jardim Ângela,Jardim_Angela,masculino,10609,11955,12823,13307,14588,13689,12267,11768,11492,9931,8031,5987,4643,3273,2116,1971,148450,populacao_seade-sp_2000a2024,populacao_seade-sp_2000a2024_masculino_2018.csv
2018,São Miguel,SAO_MIGUEL,Jardim Helena,Jardim_Helena,masculino,4716,5062,5069,5365,6264,6015,5242,4855,4622,4066,3603,2815,2190,1599,1123,1226,63832,populacao_seade-sp_2000a2024,populacao_seade-sp_2000a2024_masculino_2018.csv
2018,Pinheiros,PINHEIROS,Jardim Paulista,Jardim_Paulista,masculino,1661,1826,1626,1431,1714,2332,3188,3820,3692,2900,2621,2428,2187,1944,1732,2816,37918,populacao_seade-sp_2000a2024,populacao_seade-sp_2000a2024_masculino_2018.csv
2018,M'Boi Mirim,M_BOI_MIRIM,Jardim São Luís,Jardim_Sao_Luis,masculino,8328,9204,9522,10025,11350,11528,11095,10691,10250,8551,7204,5761,4616,3291,2255,2411,126082,populacao_seade-sp_2000a2024,populacao_seade-sp_2000a2024_masculino_2018.csv
2018,Itaquera,ITAQUERA,José Bonifácio,Jose_Bonifacio,masculino,3378,4042,4693,4866,5429,5157,4902,5199,5042,4019,3361,2761,2408,1981,1340,1257,59835,populacao_seade-sp_2000a2024,populacao_seade-sp_2000a2024_masculino_2018.csv
2018,Guaianases,GUAIANASES,Lajeado,Lajeado,masculino,5714,6292,6565,6903,8101,7820,6691,5964,5753,5116,4371,3501,2754,1920,1277,1304,80046,populacao_seade-sp_2000a2024,populacao_seade-sp_2000a2024_masculino_2018.csv
2018,Lapa,LAPA,Lapa,Lapa,masculino,1510,1794,1811,1677,1959,2362,2597,2844,2828,2420,2371,2300,1976,1537,1235,2202,33423,populacao_seade-sp_2000a2024,populacao_seade-sp_2000a2024_masculino_2018.csv
2018,Sé,SE,Liberdade,Liberdade,masculino,1589,1747,1563,1478,1859,2464,2959,3167,2854,2278,2040,1811,1596,1292,1010,1482,31189,populacao_seade-sp_2000a2024,populacao_seade-sp_2000a2024_masculino_2018.csv
2018,Casa Verde/Cachoeirinha,CASA_VERDE_CACHOEIRINHA,Limão,Limao,masculino,2487,2669,2495,2551,3015,3274,3283,3113,2962,2527,2368,2097,1777,1362,1000,1356,38336,populacao_seade-sp_2000a2024,populacao_seade-sp_2000a2024_masculino_2018.csv
2018,Santana/Tucuruvi,SANTANA_TUCURUVI,Mandaqui,Mandaqui,masculino,2559,2886,2972,3133,3818,4140,4031,3924,3950,3637,3506,3094,2510,1849,1415,2036,49460,populacao_seade-sp_2000a2024,populacao_seade-sp_2000a2024_masculino_2018.csv
2018,Parelheiros,PARELHEIROS,Marsilac,Marsilac,masculino,280,322,413,490,567,514,395,338,323,302,321,286,254,186,126,141,5258,populacao_seade-sp_2000a2024,populacao_seade-sp_2000a2024_masculino_2018.csv
2018,Vila Mariana,VILA_MARIANA,Moema,Moema,masculino,1564,1884,1890,1688,1948,2286,2663,3281,3524,2966,2728,2618,2440,2148,1691,2471,37790,populacao_seade-sp_2000a2024,populacao_seade-sp_2000a2024_masculino_2018.csv
2018,Mooca,MOOCA,Mooca,Mooca,masculino,1865,2105,2028,1961,2406,2890,3014,3129,3143,2805,2703,2447,2097,1584,1179,2058,37414,populacao_seade-sp_2000a2024,populacao_seade-sp_2000a2024_masculino_2018.csv
2018,Butantã,BUTANTA,Morumbi,Morumbi,masculino,1295,1395,1312,1353,1566,1571,1518,1598,1632,1479,1432,1264,1055,860,719,1088,21137,populacao_seade-sp_2000a2024,populacao_seade-sp_2000a2024_masculino_2018.csv
2018,Parelheiros,PARELHEIROS,Parelheiros,Parelheiros,masculino,5354,5704,5942,6478,7376,6698,5554,5219,5186,4563,3981,3134,2428,1653,1074,1007,71351,populacao_seade-sp_2000a2024,populacao_seade-sp_2000a2024_masculino_2018.csv
2018,Mooca,MOOCA,Pari,Pari,masculino,587,611,542,524,613,734,744,677,605,521,494,402,323,255,212,350,8194,populacao_seade-sp_2000a2024,populacao_seade-sp_2000a2024_masculino_2018.csv
2018,Itaquera,ITAQUERA,Parque do Carmo,Parque_do_Carmo,masculino,2219,2526,2715,2816,3139,3173,2989,2840,2696,2410,2054,1656,1405,1086,768,800,35292,populacao_seade-sp_2000a2024,populacao_seade-sp_2000a2024_masculino_2018.csv
2018,Cidade Ademar,CIDADE_ADEMAR,Pedreira,Pedreira,masculino,4733,5420,5994,6289,7357,7256,6489,6042,5855,5062,4436,3554,2784,1974,1328,1309,75882,populacao_seade-sp_2000a2024,populacao_seade-sp_2000a2024_masculino_2018.csv
2018,Penha,PENHA,Penha,Penha,masculino,3222,3626,3697,3830,4548,5043,5077,4971,4722,4207,4086,3731,3122,2446,1921,2918,61167,populacao_seade-sp_2000a2024,populacao_seade-sp_2000a2024_masculino_2018.csv
2018,Lapa,LAPA,Perdizes,Perdizes,masculino,2024,2356,2444,2310,2677,3410,4051,4457,4319,3458,3311,3211,3022,2521,1947,2814,48332,populacao_seade-sp_2000a2024,populacao_seade-sp_2000a2024_masculino_2018.csv
2018,Perus,PERUS,Perus,Perus,masculino,3022,3219,3253,3489,4019,3917,3341,3014,3112,2833,2481,1915,1448,1017,682,732,41494,populacao_seade-sp_2000a2024,populacao_seade-sp_2000a2024_masculino_2018.csv
2018,Pinheiros,PINHEIROS,Pinheiros,Pinheiros,masculino,1260,1471,1415,1261,1441,1821,2415,2938,2786,2195,2054,1936,1735,1472,1204,2006,29410,populacao_seade-sp_2000a2024,populacao_seade-sp_2000a2024_masculino_2018.csv
2018,Pirituba/Jaraguá,PIRITUBA_JARAGUA,Pirituba,Pirituba,masculino,4799,5478,5685,5797,6741,7067,6923,6858,6484,5618,5460,4839,4012,2982,2187,2831,83761,populacao_seade-sp_2000a2024,populacao_seade-sp_2000a2024_masculino_2018.csv
2018,Ermelino Matarazzo,ERMELINO_MATARAZZO,Ponte Rasa,Ponte_Rasa,masculino,2353,2709,2902,3070,3635,3722,3605,3458,3178,2834,2762,2495,2140,1594,1186,1616,43259,populacao_seade-sp_2000a2024,populacao_seade-sp_2000a2024_masculino_2018.csv
2018,Butantã,BUTANTA,Raposo Tavares,Raposo_Tavares,masculino,3691,4032,4025,4153,4604,4624,4335,4445,4304,3580,3050,2399,1962,1544,1144,1166,53058,populacao_seade-sp_2000a2024,populacao_seade-sp_2000a2024_masculino_2018.csv
2018,Sé,SE,República,Republica,masculino,1465,1511,1239,1158,1420,2214,3230,3414,3172,2648,2285,1834,1438,1042,766,988,29824,populacao_seade-sp_2000a2024,populacao_seade-sp_2000a2024_masculino_2018.csv
2018,Butantã,BUTANTA,Rio Pequeno,Rio_Pequeno,masculino,4293,4465,4035,4179,4699,5092,5188,5147,4845,4162,3865,3245,2594,1944,1419,1878,61050,populacao_seade-sp_2000a2024,populacao_seade-sp_2000a2024_masculino_2018.csv
2018,Ipiranga,IPIRANGA,Sacomã,Sacoma,masculino,6822,7946,8570,8586,9947,10689,10580,10538,9961,8468,7762,6652,5422,3916,2770,3821,122450,populacao_seade-sp_2000a2024,populacao_seade-sp_2000a2024_masculino_2018.csv
2018,Sé,SE,Santa Cecília,Santa_Cecilia,masculino,1914,2059,1845,1760,2162,2846,3538,3751,3499,2977,2721,2373,1979,1577,1204,1855,38060,populacao_seade-sp_2000a2024,populacao_seade-sp_2000a2024_masculino_2018.csv
2018,Santana/Tucuruvi,SANTANA_TUCURUVI,Santana,Santana,masculino,2612,2834,2672,2768,3477,4039,4177,4209,3994,3564,3646,3608,3240,2605,1954,3083,52482,populacao_seade-sp_2000a2024,populacao_seade-sp_2000a2024_masculino_2018.csv
2018,Santo Amaro,SANTO_AMARO,Santo Amaro,Santo_Amaro,masculino,1645,1937,2014,2059,2434,2636,2737,2990,3093,2789,2724,2593,2226,1843,1543,2478,37741,populacao_seade-sp_2000a2024,populacao_seade-sp_2000a2024_masculino_2018.csv
2018,Pirituba/Jaraguá,PIRITUBA_JARAGUA,São Domingos,Sao_Domingos,masculino,2270,2654,2846,2863,3348,3558,3467,3386,3236,2899,2801,2424,1941,1471,1139,1501,41804,populacao_seade-sp_2000a2024,populacao_seade-sp_2000a2024_masculino_2018.csv
2018,Vila Prudente,VILA_PRUDENTE,São Lucas,Sao_Lucas,masculino,3299,3866,4271,4300,5016,5546,5592,5434,5124,4495,4441,4136,3340,2534,1960,3051,66405,populacao_seade-sp_2000a2024,populacao_seade-sp_2000a2024_masculino_2018.csv
2018,São Mateus,SAO_MATEUS,São Mateus,Sao_Mateus,masculino,4633,5176,5371,5717,6654,6710,6269,5929,5646,4977,4579,3943,3235,2414,1755,2191,75199,populacao_seade-sp_2000a2024,populacao_seade-sp_2000a2024_masculino_2018.csv
2018,São Miguel,SAO_MIGUEL,São Miguel,Sao_Miguel,masculino,2932,3055,2836,3044,3609,3660,3336,3025,2870,2668,2514,2148,1700,1238,936,1320,40891,populacao_seade-sp_2000a2024,populacao_seade-sp_2000a2024_masculino_2018.csv
2018,São Mateus,SAO_MATEUS,São Rafael,Sao_Rafael,masculino,4436,5147,6020,6438,7077,6599,5602,5367,5509,4960,4328,3342,2503,1786,1289,1393,71796,populacao_seade-sp_2000a2024,populacao_seade-sp_2000a2024_masculino_2018.csv
2018,Sapopemba,SAPOPEMBA,Sapopemba,Sapopemba,masculino,8136,9142,9699,10222,11761,12085,11236,10402,9909,8528,7798,6776,5567,4107,2866,3347,131581,populacao_seade-sp_2000a2024,populacao_seade-sp_2000a2024_masculino_2018.csv
2018,Vila Mariana,VILA_MARIANA,Saúde,Saude,masculino,2638,3044,2925,2747,3250,4010,4836,5495,5297,4372,4203,3987,3622,2870,2240,3605,59141,populacao_seade-sp_2000a2024,populacao_seade-sp_2000a2024_masculino_2018.csv
2018,Sé,SE,Sé,Se,masculino,877,821,635,705,825,1003,1166,1137,1125,1002,786,579,413,268,189,229,11760,populacao_seade-sp_2000a2024,populacao_seade-sp_2000a2024_masculino_2018.csv
2018,Capela do Socorro,CAPELA_DO_SOCORRO,Socorro,Socorro,masculino,892,998,1017,1072,1226,1381,1408,1398,1388,1246,1196,1146,981,794,666,1016,17825,populacao_seade-sp_2000a2024,populacao_seade-sp_2000a2024_masculino_2018.csv
2018,Mooca,MOOCA,Tatuapé,Tatuape,masculino,2013,2259,2360,2567,3082,3427,3425,3509,3542,3286,3373,3174,2610,1992,1486,2442,44547,populacao_seade-sp_2000a2024,populacao_seade-sp_2000a2024_masculino_2018.csv
2018,Jaçanã/Tremembé,JACANA_TREMEMBE,Tremembé,Tremembe,masculino,6240,6751,6936,7435,8683,8619,7681,7307,7174,6340,5746,4795,3813,2771,1966,2393,94650,populacao_seade-sp_2000a2024,populacao_seade-sp_2000a2024_masculino_2018.csv
2018,Santana/Tucuruvi,SANTANA_TUCURUVI,Tucuruvi,Tucuruvi,masculino,2155,2466,2550,2593,3164,3711,3899,3833,3645,3138,3046,2919,2632,2062,1561,2566,45940,populacao_seade-sp_2000a2024,populacao_seade-sp_2000a2024_masculino_2018.csv
2018,Campo Limpo,CAMPO_LIMPO,Vila Andrade,Vila_Andrade,masculino,4441,5187,5979,6055,6695,6995,6774,6427,6360,5389,4462,3541,2561,1694,1188,1284,75032,populacao_seade-sp_2000a2024,populacao_seade-sp_2000a2024_masculino_2018.csv
2018,Itaim Paulista,ITAIM_PAULISTA,Vila Curuçá,Vila_Curuca,masculino,4366,4900,5407,5895,6886,6559,5718,5325,5049,4587,4052,3281,2546,1852,1348,1613,69384,populacao_seade-sp_2000a2024,populacao_seade-sp_2000a2024_masculino_2018.csv
2018,Aricanduva/Formosa/Carrão,ARICANDUVA_FORMOSA_CARRAO,Vila Formosa,Vila_Formosa,masculino,2129,2458,2657,2774,3401,3684,3591,3393,3221,2912,2971,2897,2475,1859,1400,2209,44031,populacao_seade-sp_2000a2024,populacao_seade-sp_2000a2024_masculino_2018.csv
2018,Vila Maria/Vila Guilherme,VILA_MARIA_VILA_GUILHERME,Vila Guilherme,Vila_Guilherme,masculino,1507,1643,1568,1597,1740,1882,2018,2094,2039,1753,1582,1443,1266,958,714,1167,24971,populacao_seade-sp_2000a2024,populacao_seade-sp_2000a2024_masculino_2018.csv
2018,São Miguel,SAO_MIGUEL,Vila Jacuí,Vila_Jacui,masculino,3742,4425,5202,5432,6301,6288,5728,5257,4977,4338,3989,3354,2618,1813,1203,1340,66007,populacao_seade-sp_2000a2024,populacao_seade-sp_2000a2024_masculino_2018.csv
2018,Lapa,LAPA,Vila Leopoldina,Vila_Leopoldina,masculino,1011,1248,1311,1218,1432,1689,1899,2096,2268,1901,1598,1342,1023,740,533,807,22116,populacao_seade-sp_2000a2024,populacao_seade-sp_2000a2024_masculino_2018.csv
2018,Vila Maria/Vila Guilherme,VILA_MARIA_VILA_GUILHERME,Vila Maria,Vila_Maria,masculino,3425,3722,3681,3795,4307,4697,4656,4418,4056,3441,3067,2640,2170,1572,1138,1748,52533,populacao_seade-sp_2000a2024,populacao_seade-sp_2000a2024_masculino_2018.csv
2018,Vila Mariana,VILA_MARIANA,Vila Mariana,Vila_Mariana,masculino,2536,2776,2640,2538,3036,4082,5232,5747,5162,4078,3935,3893,3605,3085,2448,3666,58459,populacao_seade-sp_2000a2024,populacao_seade-sp_2000a2024_masculino_2018.csv
2018,Penha,PENHA,Vila Matilde,Vila_Matilde,masculino,2525,2914,3107,3231,3921,4238,4088,3960,3771,3314,3256,2971,2483,1893,1453,2149,49274,populacao_seade-sp_2000a2024,populacao_seade-sp_2000a2024_masculino_2018.csv
2018,Vila Maria/Vila Guilherme,VILA_MARIA_VILA_GUILHERME,Vila Medeiros,Vila_Medeiros,masculino,3397,3793,3799,3868,4521,4863,4849,4573,4165,3559,3386,3135,2652,2027,1551,2342,56480,populacao_seade-sp_2000a2024,populacao_seade-sp_2000a2024_masculino_2018.csv
2018,Vila Prudente,VILA_PRUDENTE,Vila Prudente,Vila_Prudente,masculino,2449,2807,2891,2908,3521,4085,4323,4249,3956,3336,3338,3148,2647,2059,1588,2343,49648,populacao_seade-sp_2000a2024,populacao_seade-sp_2000a2024_masculino_2018.csv
2018,Butantã,BUTANTA,Vila Sônia,Vila_Sonia,masculino,3402,3788,3730,3746,4352,4696,4714,4764,4593,3872,3509,3038,2542,1959,1520,2138,56363,populacao_seade-sp_2000a2024,populacao_seade-sp_2000a2024_masculino_2018.csv
2018,,NAO_IDENTIFICADO,Ignorado,Ignorado,masculino,-,-,-,-,-,-,-,-,-,-,-,-,-,-,-,-,-,populacao_seade-sp_2000a2024,populacao_seade-sp_2000a2024_masculino_2018.csv
2019,Mooca,MOOCA,Água Rasa,Agua_Rasa,masculino,1979,2275,2161,2191,2662,2971,3108,3210,3208,2808,2616,2712,2378,1843,1430,2368,39920,populacao_seade-sp_2000a2024,populacao_seade-sp_2000a2024_masculino_2019.csv
2019,Pinheiros,PINHEIROS,Alto de Pinheiros,Alto_de_Pinheiros,masculino,650,777,860,877,1069,1279,1245,1252,1414,1190,1209,1301,1157,1035,868,1674,17857,populacao_seade-sp_2000a2024,populacao_seade-sp_2000a2024_masculino_2019.csv
2019,Perus,PERUS,Anhanguera,Anhanguera,masculino,2229,2380,2707,3027,3676,3582,3033,2679,2710,2594,2440,1765,1220,765,444,363,35614,populacao_seade-sp_2000a2024,populacao_seade-sp_2000a2024_masculino_2019.csv
2019,Aricanduva/Formosa/Carrão,ARICANDUVA_FORMOSA_CARRAO,Aricanduva,Aricanduva,masculino,2223,2541,2698,2879,3398,3510,3421,3341,3209,2937,2849,2495,2180,1669,1341,1964,42655,populacao_seade-sp_2000a2024,populacao_seade-sp_2000a2024_masculino_2019.csv
2019,Penha,PENHA,Artur Alvim,Artur_Alvim,masculino,2464,2828,3005,3129,3718,3869,3785,3939,3847,3187,2786,2568,2126,1743,1347,1835,46176,populacao_seade-sp_2000a2024,populacao_seade-sp_2000a2024_masculino_2019.csv
2019,Lapa,LAPA,Barra Funda,Barra_Funda,masculino,739,832,698,671,762,971,1061,1208,1202,999,797,719,678,535,417,632,12921,populacao_seade-sp_2000a2024,populacao_seade-sp_2000a2024_masculino_2019.csv
2019,Sé,SE,Bela Vista,Bela_Vista,masculino,1468,1594,1257,1151,1341,1943,3122,3656,3201,2327,1990,1726,1453,1192,919,1351,29691,populacao_seade-sp_2000a2024,populacao_seade-sp_2000a2024_masculino_2019.csv
2019,Mooca,MOOCA,Belém,Belem,masculino,1786,2013,1515,1382,1517,1801,2266,2457,2240,1770,1489,1397,1178,935,643,1022,25411,populacao_seade-sp_2000a2024,populacao_seade-sp_2000a2024_masculino_2019.csv
2019,Sé,SE,Bom Retiro,Bom_Retiro,masculino,1065,1199,1041,1024,1163,1385,1547,1506,1419,1064,941,793,682,508,355,562,16254,populacao_seade-sp_2000a2024,populacao_seade-sp_2000a2024_masculino_2019.csv
2019,Mooca,MOOCA,Brás,Bras,masculino,1255,1411,1047,1032,1189,1476,1699,1745,1610,1311,1092,909,748,539,409,447,17919,populacao_seade-sp_2000a2024,populacao_seade-sp_2000a2024_masculino_2019.csv
2019,Freguesia/Brasilândia,FREGUESIA_BRASILANDIA,Brasilândia,Brasilandia,masculino,8873,9585,9161,9946,11340,10931,9820,9229,8597,7506,6826,5405,4280,3044,2120,2400,119063,populacao_seade-sp_2000a2024,populacao_seade-sp_2000a2024_masculino_2019.csv
2019,Butantã,BUTANTA,Butantã,Butanta,masculino,1104,1273,1252,1199,1378,1785,2350,2457,2205,1742,1590,1500,1344,1144,933,1553,24809,populacao_seade-sp_2000a2024,populacao_seade-sp_2000a2024_masculino_2019.csv
2019,Casa Verde/Cachoeirinha,CASA_VERDE_CACHOEIRINHA,Cachoeirinha,Cachoeirinha,masculino,4667,5223,5146,5416,6113,6218,5763,5518,5235,4340,4042,3392,2817,1944,1348,1653,68835,populacao_seade-sp_2000a2024,populacao_seade-sp_2000a2024_masculino_2019.csv
2019,Sé,SE,Cambuci,Cambuci,masculino,1110,1294,1299,1220,1321,1437,1530,1725,1798,1512,1336,1160,973,754,567,942,19978,populacao_seade-sp_2000a2024,populacao_seade-sp_2000a2024_masculino_2019.csv
2019,Santo Amaro,SANTO_AMARO,Campo Belo,Campo_Belo,masculino,1510,1793,1775,1617,1769,2030,2307,2610,2810,2412,2259,2131,1910,1652,1337,2350,32272,populacao_seade-sp_2000a2024,populacao_seade-sp_2000a2024_masculino_2019.csv
2019,Santo Amaro,SANTO_AMARO,Campo Grande,Campo_Grande,masculino,2558,3058,3363,3346,3806,3970,3738,4117,4481,3953,3873,3496,2869,2133,1570,2168,52499,populacao_seade-sp_2000a2024,populacao_seade-sp_2000a2024_masculino_2019.csv
2019,Campo Limpo,CAMPO_LIMPO,Campo Limpo,Campo_Limpo,masculino,6990,7883,8396,8515,9812,9647,9304,9274,9220,7693,6427,5096,4216,3021,2079,2246,109819,populacao_seade-sp_2000a2024,populacao_seade-sp_2000a2024_masculino_2019.csv
2019,Penha,PENHA,Cangaíba,Cangaiba,masculino,4071,4535,4439,4748,5667,5859,5617,5249,5027,4391,4172,3696,3027,2207,1614,2086,66405,populacao_seade-sp_2000a2024,populacao_seade-sp_2000a2024_masculino_2019.csv
2019,Campo Limpo,CAMPO_LIMPO,Capão Redondo,Capao_Redondo,masculino,8801,9713,9927,10402,11873,11901,11066,10702,10172,8625,7396,5670,4548,3408,2375,2335,128914,populacao_seade-sp_2000a2024,populacao_seade-sp_2000a2024_masculino_2019.csv
2019,Aricanduva/Formosa/Carrão,ARICANDUVA_FORMOSA_CARRAO,Carrão,Carrao,masculino,1816,2115,2241,2367,2894,3160,3075,3068,3149,2817,2706,2631,2237,1760,1384,2212,39632,populacao_seade-sp_2000a2024,populacao_seade-sp_2000a2024_masculino_2019.csv
2019,Casa Verde/Cachoeirinha,CASA_VERDE_CACHOEIRINHA,Casa Verde,Casa_Verde,masculino,2214,2504,2376,2431,2759,2988,3218,3181,3087,2479,2359,2251,1963,1511,1130,1736,38187,populacao_seade-sp_2000a2024,populacao_seade-sp_2000a2024_masculino_2019.csv
2019,Cidade Ademar,CIDADE_ADEMAR,Cidade Ademar,Cidade_Ademar,masculino,8055,8901,8706,9140,10445,10831,10476,10077,9708,8055,7035,5608,4574,3520,2592,2934,120657,populacao_seade-sp_2000a2024,populacao_seade-sp_2000a2024_masculino_2019.csv
2019,Capela do Socorro,CAPELA_DO_SOCORRO,Cidade Dutra,Cidade_Dutra,masculino,5462,6101,6214,6690,7871,7947,7442,7077,6946,6023,5495,4548,3763,2893,2128,2361,88961,populacao_seade-sp_2000a2024,populacao_seade-sp_2000a2024_masculino_2019.csv
2019,Itaquera,ITAQUERA,Cidade Líder,Cidade_Lider,masculino,3869,4332,4573,4795,5635,5768,5385,5319,5194,4400,3909,3370,2854,2190,1551,1603,64747,populacao_seade-sp_2000a2024,populacao_seade-sp_2000a2024_masculino_2019.csv
2019,Cidade Tiradentes,CIDADE_TIRADENTES,Cidade Tiradentes,Cidade_Tiradentes,masculino,6622,7125,7869,8832,9848,9328,7923,7421,6884,5807,4973,4013,3253,2258,1350,1153,94659,populacao_seade-sp_2000a2024,populacao_seade-sp_2000a2024_masculino_2019.csv
2019,Sé,SE,Consolação,Consolacao,masculino,945,962,855,828,1083,1794,2895,2728,2282,1757,1601,1657,1448,1164,1008,1721,24728,populacao_seade-sp_2000a2024,populacao_seade-sp_2000a2024_masculino_2019.csv
2019,Ipiranga,IPIRANGA,Cursino,Cursino,masculino,2518,2967,3025,2937,3348,3665,3871,4106,4006,3359,3266,3115,2735,2079,1563,2455,49015,populacao_seade-sp_2000a2024,populacao_seade-sp_2000a2024_masculino_2019.csv
2019,Ermelino Matarazzo,ERMELINO_MATARAZZO,Ermelino Matarazzo,Ermelino_Matarazzo,masculino,3331,3753,3940,4102,4761,4790,4513,4323,4170,3710,3404,2784,2289,1768,1247,1408,54293,populacao_seade-sp_2000a2024,populacao_seade-sp_2000a2024_masculino_2019.csv
2019,Freguesia/Brasilândia,FREGUESIA_BRASILANDIA,Freguesia do Ó,Freguesia_do_O,masculino,3668,4120,3968,4231,5184,5369,5377,5373,5226,4353,4201,4027,3510,2579,1855,2557,65598,populacao_seade-sp_2000a2024,populacao_seade-sp_2000a2024_masculino_2019.csv
2019,Capela do Socorro,CAPELA_DO_SOCORRO,Grajaú,Grajau,masculino,12922,14153,14473,15666,17981,17326,15343,14251,13585,11839,10675,8391,6432,4550,2988,2650,183225,populacao_seade-sp_2000a2024,populacao_seade-sp_2000a2024_masculino_2019.csv
2019,Guaianases,GUAIANASES,Guaianases,Guaianases,masculino,3645,3958,4037,4370,5020,5085,4263,3993,3873,3301,2965,2395,1918,1414,948,972,52157,populacao_seade-sp_2000a2024,populacao_seade-sp_2000a2024_masculino_2019.csv
2019,São Mateus,SAO_MATEUS,Iguatemi,Iguatemi,masculino,5007,5376,5621,6078,7076,6768,5689,5235,4938,4419,4200,3311,2532,1786,1132,1065,70233,populacao_seade-sp_2000a2024,populacao_seade-sp_2000a2024_masculino_2019.csv
2019,Ipiranga,IPIRANGA,Ipiranga,Ipiranga,masculino,2748,3189,3219,3256,3744,4111,4245,4561,4473,3846,3531,3244,2749,2176,1604,2545,53241,populacao_seade-sp_2000a2024,populacao_seade-sp_2000a2024_masculino_2019.csv
2019,Pinheiros,PINHEIROS,Itaim Bibi,Itaim_Bibi,masculino,2072,2484,2272,1852,2019,2566,3296,4459,4882,3770,3061,2914,2663,2309,1889,2987,45495,populacao_seade-sp_2000a2024,populacao_seade-sp_2000a2024_masculino_2019.csv
2019,Itaim Paulista,ITAIM_PAULISTA,Itaim Paulista,Itaim_Paulista,masculino,6775,7420,7719,8510,10084,9898,8450,7700,7238,6304,5857,4834,3793,2691,1837,1891,101001,populacao_seade-sp_2000a2024,populacao_seade-sp_2000a2024_masculino_2019.csv
2019,Itaquera,ITAQUERA,Itaquera,Itaquera,masculino,6314,7062,7255,7791,9116,9013,8082,7770,7752,6942,6196,5078,4056,3010,2193,2528,100158,populacao_seade-sp_2000a2024,populacao_seade-sp_2000a2024_masculino_2019.csv
2019,Jabaquara,JABAQUARA,Jabaquara,Jabaquara,masculino,5785,6653,6721,6837,7976,8295,8360,8683,8585,7083,6686,5870,4762,3593,2544,3741,102174,populacao_seade-sp_2000a2024,populacao_seade-sp_2000a2024_masculino_2019.csv
2019,Jaçanã/Tremembé,JACANA_TREMEMBE,Jaçanã,Jacana,masculino,2361,2686,3051,3195,3688,3717,3555,3499,3354,2783,2484,2189,1867,1410,1045,1383,42267,populacao_seade-sp_2000a2024,populacao_seade-sp_2000a2024_masculino_2019.csv
2019,Lapa,LAPA,Jaguara,Jaguara,masculino,597,685,684,708,792,899,983,1012,978,811,745,718,643,528,415,590,11788,populacao_seade-sp_2000a2024,populacao_seade-sp_2000a2024_masculino_2019.csv
2019,Lapa,LAPA,Jaguaré,Jaguare,masculino,1479,1716,1819,1819,1977,2122,2235,2365,2298,1850,1590,1309,1022,783,590,889,25863,populacao_seade-sp_2000a2024,populacao_seade-sp_2000a2024_masculino_2019.csv
2019,Pirituba/Jaraguá,PIRITUBA_JARAGUA,Jaraguá,Jaragua,masculino,6532,7149,7441,8288,9626,9153,7975,7669,7527,6528,5853,4813,3781,2614,1727,1697,98373,populacao_seade-sp_2000a2024,populacao_seade-sp_2000a2024_masculino_2019.csv
2019,M'Boi Mirim,M_BOI_MIRIM,Jardim Ângela,Jardim_Angela,masculino,10473,11713,12492,13173,14585,13695,12186,11825,11463,10110,8401,6155,4804,3449,2260,2101,148885,populacao_seade-sp_2000a2024,populacao_seade-sp_2000a2024_masculino_2019.csv
2019,São Miguel,SAO_MIGUEL,Jardim Helena,Jardim_Helena,masculino,4639,5023,4902,5201,6175,6008,5216,4857,4600,4025,3675,2871,2241,1649,1161,1273,63516,populacao_seade-sp_2000a2024,populacao_seade-sp_2000a2024_masculino_2019.csv
2019,Pinheiros,PINHEIROS,Jardim Paulista,Jardim_Paulista,masculino,1624,1843,1668,1435,1629,2118,2989,3772,3820,2962,2618,2440,2215,1934,1780,2893,37740,populacao_seade-sp_2000a2024,populacao_seade-sp_2000a2024_masculino_2019.csv
2019,M'Boi Mirim,M_BOI_MIRIM,Jardim São Luís,Jardim_Sao_Luis,masculino,8148,9069,9189,9833,11260,11244,10970,10638,10293,8623,7370,5819,4752,3428,2350,2524,125510,populacao_seade-sp_2000a2024,populacao_seade-sp_2000a2024_masculino_2019.csv
2019,Itaquera,ITAQUERA,José Bonifácio,Jose_Bonifacio,masculino,3344,3858,4606,4812,5452,5158,4773,5165,5172,4120,3454,2805,2412,2050,1453,1336,59970,populacao_seade-sp_2000a2024,populacao_seade-sp_2000a2024_masculino_2019.csv
2019,Guaianases,GUAIANASES,Lajeado,Lajeado,masculino,5637,6161,6389,6704,8014,7837,6744,6005,5677,5149,4463,3550,2849,2007,1342,1367,79895,populacao_seade-sp_2000a2024,populacao_seade-sp_2000a2024_masculino_2019.csv
2019,Lapa,LAPA,Lapa,Lapa,masculino,1497,1796,1857,1723,1908,2307,2554,2866,2928,2481,2365,2362,2068,1614,1271,2263,33860,populacao_seade-sp_2000a2024,populacao_seade-sp_2000a2024_masculino_2019.csv
2019,Sé,SE,Liberdade,Liberdade,masculino,1541,1780,1573,1463,1740,2296,2829,3201,2947,2305,2063,1813,1634,1314,1059,1516,31074,populacao_seade-sp_2000a2024,populacao_seade-sp_2000a2024_masculino_2019.csv
2019,Casa Verde/Cachoeirinha,CASA_VERDE_CACHOEIRINHA,Limão,Limao,masculino,2442,2719,2460,2508,2973,3164,3284,3124,3009,2526,2376,2112,1821,1402,1041,1383,38344,populacao_seade-sp_2000a2024,populacao_seade-sp_2000a2024_masculino_2019.csv
2019,Santana/Tucuruvi,SANTANA_TUCURUVI,Mandaqui,Mandaqui,masculino,2511,2854,2909,3060,3739,4048,4017,3907,3930,3604,3506,3140,2601,1914,1439,2088,49267,populacao_seade-sp_2000a2024,populacao_seade-sp_2000a2024_masculino_2019.csv
2019,Parelheiros,PARELHEIROS,Marsilac,Marsilac,masculino,289,311,398,491,587,541,419,346,335,293,333,291,265,199,136,150,5384,populacao_seade-sp_2000a2024,populacao_seade-sp_2000a2024_masculino_2019.csv
2019,Vila Mariana,VILA_MARIANA,Moema,Moema,masculino,1523,1843,1933,1708,1892,2195,2515,3187,3579,3041,2710,2632,2453,2198,1797,2568,37774,populacao_seade-sp_2000a2024,populacao_seade-sp_2000a2024_masculino_2019.csv
2019,Mooca,MOOCA,Mooca,Mooca,masculino,1834,2130,2048,1976,2317,2823,2983,3138,3194,2821,2726,2495,2162,1681,1207,2088,37623,populacao_seade-sp_2000a2024,populacao_seade-sp_2000a2024_masculino_2019.csv
2019,Butantã,BUTANTA,Morumbi,Morumbi,masculino,1257,1411,1281,1324,1541,1549,1469,1575,1624,1462,1423,1283,1071,871,724,1121,20986,populacao_seade-sp_2000a2024,populacao_seade-sp_2000a2024_masculino_2019.csv
2019,Parelheiros,PARELHEIROS,Parelheiros,Parelheiros,masculino,5370,5714,5788,6394,7449,6880,5627,5238,5231,4605,4131,3224,2545,1762,1138,1083,72179,populacao_seade-sp_2000a2024,populacao_seade-sp_2000a2024_masculino_2019.csv
2019,Mooca,MOOCA,Pari,Pari,masculino,573,633,535,526,584,703,746,691,620,510,506,408,336,254,218,350,8193,populacao_seade-sp_2000a2024,populacao_seade-sp_2000a2024_masculino_2019.csv
2019,Itaquera,ITAQUERA,Parque do Carmo,Parque_do_Carmo,masculino,2192,2489,2643,2821,3123,3167,2965,2901,2689,2444,2132,1680,1443,1122,822,847,35480,populacao_seade-sp_2000a2024,populacao_seade-sp_2000a2024_masculino_2019.csv
2019,Cidade Ademar,CIDADE_ADEMAR,Pedreira,Pedreira,masculino,4721,5263,5904,6189,7397,7298,6573,6090,5934,5115,4586,3655,2920,2078,1430,1399,76552,populacao_seade-sp_2000a2024,populacao_seade-sp_2000a2024_masculino_2019.csv
2019,Penha,PENHA,Penha,Penha,masculino,3178,3631,3638,3817,4465,4956,5028,5071,4775,4216,4079,3799,3225,2509,1988,2977,61352,populacao_seade-sp_2000a2024,populacao_seade-sp_2000a2024_masculino_2019.csv
2019,Lapa,LAPA,Perdizes,Perdizes,masculino,1979,2303,2431,2331,2549,3174,3911,4381,4482,3470,3282,3174,3053,2583,2040,2895,48038,populacao_seade-sp_2000a2024,populacao_seade-sp_2000a2024_masculino_2019.csv
2019,Perus,PERUS,Perus,Perus,masculino,3001,3228,3157,3432,4019,3935,3430,2988,3086,2842,2559,1981,1506,1067,722,766,41719,populacao_seade-sp_2000a2024,populacao_seade-sp_2000a2024_masculino_2019.csv
2019,Pinheiros,PINHEIROS,Pinheiros,Pinheiros,masculino,1233,1465,1448,1280,1392,1691,2259,2934,2908,2247,2041,1973,1757,1519,1234,2067,29448,populacao_seade-sp_2000a2024,populacao_seade-sp_2000a2024_masculino_2019.csv
2019,Pirituba/Jaraguá,PIRITUBA_JARAGUA,Pirituba,Pirituba,masculino,4737,5420,5624,5748,6688,6978,6866,6918,6638,5587,5492,4928,4155,3120,2264,2946,84109,populacao_seade-sp_2000a2024,populacao_seade-sp_2000a2024_masculino_2019.csv
2019,Ermelino Matarazzo,ERMELINO_MATARAZZO,Ponte Rasa,Ponte_Rasa,masculino,2310,2646,2826,2997,3589,3660,3550,3517,3199,2794,2761,2492,2201,1653,1213,1656,43064,populacao_seade-sp_2000a2024,populacao_seade-sp_2000a2024_masculino_2019.csv
2019,Butantã,BUTANTA,Raposo Tavares,Raposo_Tavares,masculino,3653,4088,3938,4193,4586,4670,4281,4465,4410,3658,3173,2487,2012,1609,1196,1264,53683,populacao_seade-sp_2000a2024,populacao_seade-sp_2000a2024_masculino_2019.csv
2019,Sé,SE,República,Republica,masculino,1429,1601,1249,1174,1333,1947,3118,3472,3236,2696,2352,1891,1498,1088,789,1024,29897,populacao_seade-sp_2000a2024,populacao_seade-sp_2000a2024_masculino_2019.csv
2019,Butantã,BUTANTA,Rio Pequeno,Rio_Pequeno,masculino,4213,4661,3928,4197,4636,4965,5126,5202,4940,4169,3926,3341,2685,2028,1479,1945,61441,populacao_seade-sp_2000a2024,populacao_seade-sp_2000a2024_masculino_2019.csv
2019,Ipiranga,IPIRANGA,Sacomã,Sacoma,masculino,6735,7746,8475,8567,9808,10546,10452,10647,10160,8523,7881,6785,5642,4132,2895,3937,122931,populacao_seade-sp_2000a2024,populacao_seade-sp_2000a2024_masculino_2019.csv
2019,Sé,SE,Santa Cecília,Santa_Cecilia,masculino,1873,2107,1858,1753,2060,2633,3399,3805,3549,3013,2733,2428,2017,1626,1246,1885,37985,populacao_seade-sp_2000a2024,populacao_seade-sp_2000a2024_masculino_2019.csv
2019,Santana/Tucuruvi,SANTANA_TUCURUVI,Santana,Santana,masculino,2564,2887,2638,2720,3350,3932,4099,4256,4042,3544,3570,3621,3293,2698,2039,3125,52378,populacao_seade-sp_2000a2024,populacao_seade-sp_2000a2024_masculino_2019.csv
2019,Santo Amaro,SANTO_AMARO,Santo Amaro,Santo_Amaro,masculino,1632,1951,2027,2084,2434,2637,2694,3030,3142,2869,2722,2694,2303,1922,1583,2597,38321,populacao_seade-sp_2000a2024,populacao_seade-sp_2000a2024_masculino_2019.csv
2019,Pirituba/Jaraguá,PIRITUBA_JARAGUA,São Domingos,Sao_Domingos,masculino,2240,2592,2823,2843,3305,3514,3445,3425,3275,2882,2826,2487,2022,1510,1182,1556,41927,populacao_seade-sp_2000a2024,populacao_seade-sp_2000a2024_masculino_2019.csv
2019,Vila Prudente,VILA_PRUDENTE,São Lucas,Sao_Lucas,masculino,3255,3729,4203,4274,4901,5402,5521,5510,5165,4493,4350,4236,3438,2624,1993,3107,66201,populacao_seade-sp_2000a2024,populacao_seade-sp_2000a2024_masculino_2019.csv
2019,São Mateus,SAO_MATEUS,São Mateus,Sao_Mateus,masculino,4558,5128,5214,5613,6592,6645,6238,5991,5659,4985,4607,4005,3327,2507,1816,2268,75153,populacao_seade-sp_2000a2024,populacao_seade-sp_2000a2024_masculino_2019.csv
2019,São Miguel,SAO_MIGUEL,São Miguel,Sao_Miguel,masculino,2847,3094,2716,2937,3511,3582,3300,3036,2797,2611,2490,2155,1741,1257,940,1326,40340,populacao_seade-sp_2000a2024,populacao_seade-sp_2000a2024_masculino_2019.csv
2019,São Mateus,SAO_MATEUS,São Rafael,Sao_Rafael,masculino,4398,4937,5793,6389,7039,6679,5619,5321,5471,4987,4448,3474,2599,1868,1325,1483,71830,populacao_seade-sp_2000a2024,populacao_seade-sp_2000a2024_masculino_2019.csv
2019,Sapopemba,SAPOPEMBA,Sapopemba,Sapopemba,masculino,7969,8933,9350,10016,11539,11826,11220,10395,9915,8509,7772,6827,5684,4258,2980,3458,130651,populacao_seade-sp_2000a2024,populacao_seade-sp_2000a2024_masculino_2019.csv
2019,Vila Mariana,VILA_MARIANA,Saúde,Saude,masculino,2572,3053,2954,2756,3130,3777,4623,5473,5486,4399,4206,3989,3710,2994,2299,3709,59130,populacao_seade-sp_2000a2024,populacao_seade-sp_2000a2024_masculino_2019.csv
2019,Sé,SE,Sé,Se,masculino,844,905,601,695,802,928,1138,1145,1095,1027,813,602,433,283,189,239,11739,populacao_seade-sp_2000a2024,populacao_seade-sp_2000a2024_masculino_2019.csv
2019,Capela do Socorro,CAPELA_DO_SOCORRO,Socorro,Socorro,masculino,876,1008,985,1082,1198,1347,1396,1412,1387,1264,1175,1166,1004,814,667,1049,17830,populacao_seade-sp_2000a2024,populacao_seade-sp_2000a2024_masculino_2019.csv
2019,Mooca,MOOCA,Tatuapé,Tatuape,masculino,1992,2281,2304,2579,3028,3395,3404,3542,3580,3287,3338,3279,2705,2096,1544,2494,44848,populacao_seade-sp_2000a2024,populacao_seade-sp_2000a2024_masculino_2019.csv
2019,Jaçanã/Tremembé,JACANA_TREMEMBE,Tremembé,Tremembe,masculino,6153,6711,6717,7294,8550,8606,7656,7296,7159,6339,5799,4885,3921,2883,2030,2473,94472,populacao_seade-sp_2000a2024,populacao_seade-sp_2000a2024_masculino_2019.csv
2019,Santana/Tucuruvi,SANTANA_TUCURUVI,Tucuruvi,Tucuruvi,masculino,2127,2445,2529,2575,3080,3583,3881,3878,3721,3159,3026,2930,2689,2162,1603,2615,46003,populacao_seade-sp_2000a2024,populacao_seade-sp_2000a2024_masculino_2019.csv
2019,Campo Limpo,CAMPO_LIMPO,Vila Andrade,Vila_Andrade,masculino,4478,5020,5975,6203,6833,6965,6924,6548,6465,5640,4639,3737,2775,1818,1264,1398,76682,populacao_seade-sp_2000a2024,populacao_seade-sp_2000a2024_masculino_2019.csv
2019,Itaim Paulista,ITAIM_PAULISTA,Vila Curuçá,Vila_Curuca,masculino,4304,4744,5188,5727,6804,6611,5646,5399,4956,4587,4098,3352,2619,1910,1381,1669,68995,populacao_seade-sp_2000a2024,populacao_seade-sp_2000a2024_masculino_2019.csv
2019,Aricanduva/Formosa/Carrão,ARICANDUVA_FORMOSA_CARRAO,Vila Formosa,Vila_Formosa,masculino,2103,2394,2617,2711,3338,3611,3581,3441,3238,2889,2904,2916,2549,1937,1432,2243,43904,populacao_seade-sp_2000a2024,populacao_seade-sp_2000a2024_masculino_2019.csv
2019,Vila Maria/Vila Guilherme,VILA_MARIA_VILA_GUILHERME,Vila Guilherme,Vila_Guilherme,masculino,1465,1680,1524,1606,1712,1806,1958,2101,2049,1778,1585,1439,1296,996,729,1174,24898,populacao_seade-sp_2000a2024,populacao_seade-sp_2000a2024_masculino_2019.csv
2019,São Miguel,SAO_MIGUEL,Vila Jacuí,Vila_Jacui,masculino,3696,4165,5055,5298,6224,6205,5728,5279,4979,4319,4000,3424,2705,1918,1253,1402,65650,populacao_seade-sp_2000a2024,populacao_seade-sp_2000a2024_masculino_2019.csv
2019,Lapa,LAPA,Vila Leopoldina,Vila_Leopoldina,masculino,996,1217,1349,1235,1422,1628,1875,2076,2299,2004,1631,1415,1079,788,564,838,22416,populacao_seade-sp_2000a2024,populacao_seade-sp_2000a2024_masculino_2019.csv
2019,Vila Maria/Vila Guilherme,VILA_MARIA_VILA_GUILHERME,Vila Maria,Vila_Maria,masculino,3350,3734,3555,3777,4182,4560,4587,4478,4074,3462,3079,2663,2229,1645,1155,1765,52295,populacao_seade-sp_2000a2024,populacao_seade-sp_2000a2024_masculino_2019.csv
2019,Vila Mariana,VILA_MARIANA,Vila Mariana,Vila_Mariana,masculino,2496,2815,2633,2563,2880,3766,4997,5831,5391,4141,3876,3906,3645,3160,2566,3781,58447,populacao_seade-sp_2000a2024,populacao_seade-sp_2000a2024_masculino_2019.csv
2019,Penha,PENHA,Vila Matilde,Vila_Matilde,masculino,2487,2857,3056,3180,3838,4190,4057,3999,3821,3297,3232,3023,2543,1972,1469,2206,49227,populacao_seade-sp_2000a2024,populacao_seade-sp_2000a2024_masculino_2019.csv
2019,Vila Maria/Vila Guilherme,VILA_MARIA_VILA_GUILHERME,Vila Medeiros,Vila_Medeiros,masculino,3309,3744,3700,3784,4394,4689,4766,4624,4179,3541,3313,3139,2688,2085,1556,2365,55876,populacao_seade-sp_2000a2024,populacao_seade-sp_2000a2024_masculino_2019.csv
2019,Vila Prudente,VILA_PRUDENTE,Vila Prudente,Vila_Prudente,masculino,2412,2771,2874,2877,3444,3927,4294,4288,4071,3328,3288,3204,2719,2128,1632,2402,49659,populacao_seade-sp_2000a2024,populacao_seade-sp_2000a2024_masculino_2019.csv
2019,Butantã,BUTANTA,Vila Sônia,Vila_Sonia,masculino,3360,3827,3721,3756,4309,4625,4679,4809,4715,3942,3582,3111,2639,2042,1573,2232,56922,populacao_seade-sp_2000a2024,populacao_seade-sp_2000a2024_masculino_2019.csv
2019,,NAO_IDENTIFICADO,Ignorado,Ignorado,masculino,-,-,-,-,-,-,-,-,-,-,-,-,-,-,-,-,-,populacao_seade-sp_2000a2024,populacao_seade-sp_2000a2024_masculino_2019.csv
2020,Mooca,MOOCA,Água Rasa,Agua_Rasa,masculino,1940,2297,2145,2157,2603,2890,3068,3214,3236,2851,2544,2738,2449,1904,1453,2404,39893,populacao_seade-sp_2000a2024,populacao_seade-sp_2000a2024_masculino_2020.csv
2020,Pinheiros,PINHEIROS,Alto de Pinheiros,Alto_de_Pinheiros,masculino,629,748,842,858,1012,1249,1233,1202,1432,1176,1156,1313,1152,1055,871,1703,17631,populacao_seade-sp_2000a2024,populacao_seade-sp_2000a2024_masculino_2020.csv
2020,Perus,PERUS,Anhanguera,Anhanguera,masculino,2234,2301,2632,2972,3692,3635,3104,2679,2674,2564,2547,1858,1299,827,489,390,35897,populacao_seade-sp_2000a2024,populacao_seade-sp_2000a2024_masculino_2020.csv
2020,Aricanduva/Formosa/Carrão,ARICANDUVA_FORMOSA_CARRAO,Aricanduva,Aricanduva,masculino,2188,2493,2629,2829,3359,3452,3401,3371,3203,2914,2878,2509,2250,1707,1356,2026,42565,populacao_seade-sp_2000a2024,populacao_seade-sp_2000a2024_masculino_2020.csv
2020,Penha,PENHA,Artur Alvim,Artur_Alvim,masculino,2404,2746,2922,3045,3633,3779,3678,3911,3872,3225,2740,2606,2133,1777,1355,1888,45714,populacao_seade-sp_2000a2024,populacao_seade-sp_2000a2024_masculino_2020.csv
2020,Lapa,LAPA,Barra Funda,Barra_Funda,masculino,760,912,738,721,767,994,1079,1278,1282,1102,848,749,732,576,456,673,13667,populacao_seade-sp_2000a2024,populacao_seade-sp_2000a2024_masculino_2020.csv
2020,Sé,SE,Bela Vista,Bela_Vista,masculino,1417,1646,1249,1133,1230,1677,2912,3676,3309,2348,1981,1736,1452,1213,932,1369,29280,populacao_seade-sp_2000a2024,populacao_seade-sp_2000a2024_masculino_2020.csv
2020,Mooca,MOOCA,Belém,Belem,masculino,1752,2164,1547,1404,1481,1689,2217,2528,2323,1849,1490,1438,1208,993,680,1029,25792,populacao_seade-sp_2000a2024,populacao_seade-sp_2000a2024_masculino_2020.csv
2020,Sé,SE,Bom Retiro,Bom_Retiro,masculino,1029,1225,1027,1018,1113,1305,1530,1501,1470,1071,950,795,697,532,361,565,16189,populacao_seade-sp_2000a2024,populacao_seade-sp_2000a2024_masculino_2020.csv
2020,Mooca,MOOCA,Brás,Bras,masculino,1229,1527,1051,1045,1154,1416,1687,1790,1658,1361,1125,933,791,557,433,477,18234,populacao_seade-sp_2000a2024,populacao_seade-sp_2000a2024_masculino_2020.csv
2020,Freguesia/Brasilândia,FREGUESIA_BRASILANDIA,Brasilândia,Brasilandia,masculino,8651,9508,8736,9666,11174,10763,9671,9207,8502,7390,6899,5445,4379,3124,2183,2451,117749,populacao_seade-sp_2000a2024,populacao_seade-sp_2000a2024_masculino_2020.csv
2020,Butantã,BUTANTA,Butantã,Butanta,masculino,1077,1266,1247,1197,1314,1634,2288,2502,2271,1761,1576,1506,1355,1166,949,1577,24686,populacao_seade-sp_2000a2024,populacao_seade-sp_2000a2024_masculino_2020.csv
2020,Casa Verde/Cachoeirinha,CASA_VERDE_CACHOEIRINHA,Cachoeirinha,Cachoeirinha,masculino,4569,5185,4986,5344,6007,6140,5712,5520,5302,4305,4084,3409,2937,2024,1392,1700,68616,populacao_seade-sp_2000a2024,populacao_seade-sp_2000a2024_masculino_2020.csv
2020,Sé,SE,Cambuci,Cambuci,masculino,1100,1302,1326,1255,1319,1416,1501,1727,1851,1559,1369,1197,1012,792,585,963,20274,populacao_seade-sp_2000a2024,populacao_seade-sp_2000a2024_masculino_2020.csv
2020,Santo Amaro,SANTO_AMARO,Campo Belo,Campo_Belo,masculino,1482,1794,1808,1644,1736,1955,2252,2580,2876,2451,2268,2175,1940,1716,1363,2421,32461,populacao_seade-sp_2000a2024,populacao_seade-sp_2000a2024_masculino_2020.csv
2020,Santo Amaro,SANTO_AMARO,Campo Grande,Campo_Grande,masculino,2526,3003,3372,3358,3770,3995,3678,4074,4570,3973,3922,3615,3011,2255,1626,2281,53029,populacao_seade-sp_2000a2024,populacao_seade-sp_2000a2024_masculino_2020.csv
2020,Campo Limpo,CAMPO_LIMPO,Campo Limpo,Campo_Limpo,masculino,6922,7728,8307,8424,9866,9546,9250,9266,9360,7891,6645,5187,4397,3177,2197,2369,110532,populacao_seade-sp_2000a2024,populacao_seade-sp_2000a2024_masculino_2020.csv
2020,Penha,PENHA,Cangaíba,Cangaiba,masculino,4009,4537,4322,4652,5597,5765,5638,5285,5059,4376,4181,3761,3141,2294,1657,2163,66437,populacao_seade-sp_2000a2024,populacao_seade-sp_2000a2024_masculino_2020.csv
2020,Campo Limpo,CAMPO_LIMPO,Capão Redondo,Capao_Redondo,masculino,8642,9540,9630,10227,11738,11751,10934,10710,10192,8680,7608,5765,4641,3531,2481,2480,128550,populacao_seade-sp_2000a2024,populacao_seade-sp_2000a2024_masculino_2020.csv
2020,Aricanduva/Formosa/Carrão,ARICANDUVA_FORMOSA_CARRAO,Carrão,Carrao,masculino,1788,2086,2206,2321,2823,3116,3069,3061,3169,2836,2671,2681,2301,1814,1419,2253,39614,populacao_seade-sp_2000a2024,populacao_seade-sp_2000a2024_masculino_2020.csv
2020,Casa Verde/Cachoeirinha,CASA_VERDE_CACHOEIRINHA,Casa Verde,Casa_Verde,masculino,2157,2505,2322,2400,2698,2848,3176,3158,3153,2465,2315,2250,1999,1552,1149,1748,37895,populacao_seade-sp_2000a2024,populacao_seade-sp_2000a2024_masculino_2020.csv
2020,Cidade Ademar,CIDADE_ADEMAR,Cidade Ademar,Cidade_Ademar,masculino,7851,8797,8401,8946,10199,10522,10330,9989,9743,8051,7142,5661,4634,3586,2682,3027,119561,populacao_seade-sp_2000a2024,populacao_seade-sp_2000a2024_masculino_2020.csv
2020,Capela do Socorro,CAPELA_DO_SOCORRO,Cidade Dutra,Cidade_Dutra,masculino,5330,5987,5979,6503,7730,7790,7370,7012,6925,5982,5547,4588,3823,2961,2206,2464,88197,populacao_seade-sp_2000a2024,populacao_seade-sp_2000a2024_masculino_2020.csv
2020,Itaquera,ITAQUERA,Cidade Líder,Cidade_Lider,masculino,3830,4262,4486,4733,5598,5750,5356,5333,5262,4459,3956,3418,2926,2286,1618,1716,64989,populacao_seade-sp_2000a2024,populacao_seade-sp_2000a2024_masculino_2020.csv
2020,Cidade Tiradentes,CIDADE_TIRADENTES,Cidade Tiradentes,Cidade_Tiradentes,masculino,6510,6836,7432,8638,9737,9325,7811,7401,6836,5805,5006,4018,3320,2393,1418,1230,93716,populacao_seade-sp_2000a2024,populacao_seade-sp_2000a2024_masculino_2020.csv
2020,Sé,SE,Consolação,Consolacao,masculino,943,976,852,805,973,1542,2866,2814,2353,1782,1546,1663,1480,1164,1027,1734,24520,populacao_seade-sp_2000a2024,populacao_seade-sp_2000a2024_masculino_2020.csv
2020,Ipiranga,IPIRANGA,Cursino,Cursino,masculino,2447,2920,3004,2905,3248,3527,3766,4096,4072,3338,3225,3121,2816,2142,1619,2470,48716,populacao_seade-sp_2000a2024,populacao_seade-sp_2000a2024_masculino_2020.csv
2020,Ermelino Matarazzo,ERMELINO_MATARAZZO,Ermelino Matarazzo,Ermelino_Matarazzo,masculino,3266,3667,3840,4018,4704,4716,4477,4330,4151,3693,3461,2827,2327,1832,1305,1463,54077,populacao_seade-sp_2000a2024,populacao_seade-sp_2000a2024_masculino_2020.csv
2020,Freguesia/Brasilândia,FREGUESIA_BRASILANDIA,Freguesia do Ó,Freguesia_do_O,masculino,3587,4118,3856,4101,5104,5220,5298,5346,5297,4320,4125,4021,3618,2670,1919,2590,65190,populacao_seade-sp_2000a2024,populacao_seade-sp_2000a2024_masculino_2020.csv
2020,Capela do Socorro,CAPELA_DO_SOCORRO,Grajaú,Grajau,masculino,12767,13996,13980,15413,17934,17333,15363,14340,13612,11853,10937,8638,6654,4817,3172,2818,183627,populacao_seade-sp_2000a2024,populacao_seade-sp_2000a2024_masculino_2020.csv
2020,Guaianases,GUAIANASES,Guaianases,Guaianases,masculino,3609,3918,3902,4313,4925,5156,4269,3993,3903,3308,3022,2447,1969,1481,998,1020,52233,populacao_seade-sp_2000a2024,populacao_seade-sp_2000a2024_masculino_2020.csv
2020,São Mateus,SAO_MATEUS,Iguatemi,Iguatemi,masculino,5015,5329,5497,6015,7095,6902,5756,5323,4971,4394,4330,3436,2637,1912,1198,1149,70959,populacao_seade-sp_2000a2024,populacao_seade-sp_2000a2024_masculino_2020.csv
2020,Ipiranga,IPIRANGA,Ipiranga,Ipiranga,masculino,2709,3192,3207,3260,3676,4032,4166,4605,4559,3915,3548,3325,2825,2282,1667,2591,53559,populacao_seade-sp_2000a2024,populacao_seade-sp_2000a2024_masculino_2020.csv
2020,Pinheiros,PINHEIROS,Itaim Bibi,Itaim_Bibi,masculino,2021,2520,2381,1898,1941,2420,3082,4376,5076,3976,3071,2958,2708,2386,1961,3102,45877,populacao_seade-sp_2000a2024,populacao_seade-sp_2000a2024_masculino_2020.csv
2020,Itaim Paulista,ITAIM_PAULISTA,Itaim Paulista,Itaim_Paulista,masculino,6630,7225,7360,8223,9880,9872,8408,7680,7183,6207,5874,4895,3894,2783,1900,1977,99991,populacao_seade-sp_2000a2024,populacao_seade-sp_2000a2024_masculino_2020.csv
2020,Itaquera,ITAQUERA,Itaquera,Itaquera,masculino,6213,6971,7042,7640,9041,9007,8055,7745,7714,6982,6302,5193,4178,3107,2267,2642,100099,populacao_seade-sp_2000a2024,populacao_seade-sp_2000a2024_masculino_2020.csv
2020,Jabaquara,JABAQUARA,Jabaquara,Jabaquara,masculino,5634,6553,6589,6705,7851,8065,8161,8596,8721,7038,6678,5977,4867,3761,2571,3819,101586,populacao_seade-sp_2000a2024,populacao_seade-sp_2000a2024_masculino_2020.csv
2020,Jaçanã/Tremembé,JACANA_TREMEMBE,Jaçanã,Jacana,masculino,2318,2570,2962,3129,3639,3643,3501,3491,3383,2796,2478,2193,1907,1443,1079,1399,41931,populacao_seade-sp_2000a2024,populacao_seade-sp_2000a2024_masculino_2020.csv
2020,Lapa,LAPA,Jaguara,Jaguara,masculino,585,684,669,709,771,863,967,1019,997,819,735,722,652,542,428,605,11767,populacao_seade-sp_2000a2024,populacao_seade-sp_2000a2024_masculino_2020.csv
2020,Lapa,LAPA,Jaguaré,Jaguare,masculino,1457,1690,1804,1836,1950,2064,2194,2381,2363,1900,1629,1364,1057,819,605,921,26034,populacao_seade-sp_2000a2024,populacao_seade-sp_2000a2024_masculino_2020.csv
2020,Pirituba/Jaraguá,PIRITUBA_JARAGUA,Jaraguá,Jaragua,masculino,6505,7108,7222,8191,9678,9262,8000,7714,7605,6601,5984,4951,3967,2765,1835,1802,99190,populacao_seade-sp_2000a2024,populacao_seade-sp_2000a2024_masculino_2020.csv
2020,M'Boi Mirim,M_BOI_MIRIM,Jardim Ângela,Jardim_Angela,masculino,10315,11443,12139,13008,14558,13663,12075,11854,11408,10266,8768,6312,4961,3627,2407,2234,149038,populacao_seade-sp_2000a2024,populacao_seade-sp_2000a2024_masculino_2020.csv
2020,São Miguel,SAO_MIGUEL,Jardim Helena,Jardim_Helena,masculino,4556,4971,4730,5032,6072,5986,5181,4851,4570,3979,3741,2922,2290,1697,1199,1319,63096,populacao_seade-sp_2000a2024,populacao_seade-sp_2000a2024_masculino_2020.csv
2020,Pinheiros,PINHEIROS,Jardim Paulista,Jardim_Paulista,masculino,1583,1856,1706,1434,1544,1917,2796,3719,3945,3016,2607,2448,2237,1918,1825,2965,37516,populacao_seade-sp_2000a2024,populacao_seade-sp_2000a2024_masculino_2020.csv
2020,M'Boi Mirim,M_BOI_MIRIM,Jardim São Luís,Jardim_Sao_Luis,masculino,7960,8919,8853,9629,11153,10944,10826,10573,10320,8681,7526,5868,4884,3566,2445,2638,124785,populacao_seade-sp_2000a2024,populacao_seade-sp_2000a2024_masculino_2020.csv
2020,Itaquera,ITAQUERA,José Bonifácio,Jose_Bonifacio,masculino,3304,3676,4512,4752,5465,5148,4640,5122,5298,4217,3541,2846,2413,2116,1573,1418,60041,populacao_seade-sp_2000a2024,populacao_seade-sp_2000a2024_masculino_2020.csv
2020,Guaianases,GUAIANASES,Lajeado,Lajeado,masculino,5551,6018,6203,6498,7905,7833,6784,6033,5588,5170,4547,3594,2944,2094,1409,1431,79602,populacao_seade-sp_2000a2024,populacao_seade-sp_2000a2024_masculino_2020.csv
2020,Lapa,LAPA,Lapa,Lapa,masculino,1481,1795,1900,1767,1854,2250,2508,2892,3025,2538,2356,2420,2161,1692,1306,2323,34268,populacao_seade-sp_2000a2024,populacao_seade-sp_2000a2024_masculino_2020.csv
2020,Sé,SE,Liberdade,Liberdade,masculino,1491,1807,1576,1442,1625,2133,2696,3224,3032,2326,2078,1808,1666,1332,1105,1547,30888,populacao_seade-sp_2000a2024,populacao_seade-sp_2000a2024_masculino_2020.csv
2020,Casa Verde/Cachoeirinha,CASA_VERDE_CACHOEIRINHA,Limão,Limao,masculino,2392,2763,2420,2460,2924,3052,3279,3131,3052,2518,2380,2125,1864,1441,1081,1406,38288,populacao_seade-sp_2000a2024,populacao_seade-sp_2000a2024_masculino_2020.csv
2020,Santana/Tucuruvi,SANTANA_TUCURUVI,Mandaqui,Mandaqui,masculino,2459,2817,2841,2981,3655,3948,3994,3884,3906,3565,3500,3182,2692,1977,1464,2139,49004,populacao_seade-sp_2000a2024,populacao_seade-sp_2000a2024_masculino_2020.csv
2020,Parelheiros,PARELHEIROS,Marsilac,Marsilac,masculino,297,300,383,489,601,569,444,353,349,286,344,294,278,214,148,161,5510,populacao_seade-sp_2000a2024,populacao_seade-sp_2000a2024_masculino_2020.csv
2020,Vila Mariana,VILA_MARIANA,Moema,Moema,masculino,1480,1796,1973,1726,1837,2106,2370,3096,3621,3112,2685,2643,2461,2243,1907,2662,37718,populacao_seade-sp_2000a2024,populacao_seade-sp_2000a2024_masculino_2020.csv
2020,Mooca,MOOCA,Mooca,Mooca,masculino,1802,2148,2063,1986,2228,2748,2947,3138,3239,2829,2741,2536,2223,1778,1233,2116,37755,populacao_seade-sp_2000a2024,populacao_seade-sp_2000a2024_masculino_2020.csv
2020,Butantã,BUTANTA,Morumbi,Morumbi,masculino,1217,1422,1248,1293,1514,1524,1418,1546,1613,1440,1410,1298,1085,880,729,1154,20791,populacao_seade-sp_2000a2024,populacao_seade-sp_2000a2024_masculino_2020.csv
2020,Parelheiros,PARELHEIROS,Parelheiros,Parelheiros,masculino,5370,5708,5621,6293,7494,7046,5684,5243,5261,4634,4273,3308,2662,1873,1201,1162,72833,populacao_seade-sp_2000a2024,populacao_seade-sp_2000a2024_masculino_2020.csv
2020,Mooca,MOOCA,Pari,Pari,masculino,559,654,529,528,555,670,747,702,635,500,517,413,348,251,225,348,8181,populacao_seade-sp_2000a2024,populacao_seade-sp_2000a2024_masculino_2020.csv
2020,Itaquera,ITAQUERA,Parque do Carmo,Parque_do_Carmo,masculino,2161,2447,2572,2819,3101,3150,2941,2964,2676,2476,2210,1698,1479,1157,878,894,35623,populacao_seade-sp_2000a2024,populacao_seade-sp_2000a2024_masculino_2020.csv
2020,Cidade Ademar,CIDADE_ADEMAR,Pedreira,Pedreira,masculino,4702,5103,5807,6086,7418,7328,6653,6129,6003,5164,4735,3755,3061,2182,1540,1494,77160,populacao_seade-sp_2000a2024,populacao_seade-sp_2000a2024_masculino_2020.csv
2020,Penha,PENHA,Penha,Penha,masculino,3129,3629,3573,3798,4376,4861,4978,5151,4820,4217,4064,3863,3327,2569,2052,3033,61440,populacao_seade-sp_2000a2024,populacao_seade-sp_2000a2024_masculino_2020.csv
2020,Lapa,LAPA,Perdizes,Perdizes,masculino,1933,2246,2412,2347,2423,2947,3770,4298,4643,3473,3248,3133,3078,2641,2134,2974,47700,populacao_seade-sp_2000a2024,populacao_seade-sp_2000a2024_masculino_2020.csv
2020,Perus,PERUS,Perus,Perus,masculino,2975,3234,3060,3372,4015,3946,3515,2962,3057,2845,2636,2046,1564,1118,762,801,41908,populacao_seade-sp_2000a2024,populacao_seade-sp_2000a2024_masculino_2020.csv
2020,Pinheiros,PINHEIROS,Pinheiros,Pinheiros,masculino,1204,1457,1479,1295,1342,1564,2109,2930,3030,2293,2025,2004,1775,1566,1264,2124,29461,populacao_seade-sp_2000a2024,populacao_seade-sp_2000a2024_masculino_2020.csv
2020,Pirituba/Jaraguá,PIRITUBA_JARAGUA,Pirituba,Pirituba,masculino,4671,5356,5554,5697,6627,6880,6804,6968,6784,5550,5520,5015,4299,3261,2341,3062,84389,populacao_seade-sp_2000a2024,populacao_seade-sp_2000a2024_masculino_2020.csv
2020,Ermelino Matarazzo,ERMELINO_MATARAZZO,Ponte Rasa,Ponte_Rasa,masculino,2264,2578,2748,2918,3537,3591,3489,3570,3216,2746,2753,2484,2259,1709,1238,1696,42796,populacao_seade-sp_2000a2024,populacao_seade-sp_2000a2024_masculino_2020.csv
2020,Butantã,BUTANTA,Raposo Tavares,Raposo_Tavares,masculino,3608,4134,3842,4227,4558,4704,4219,4479,4508,3728,3295,2570,2056,1676,1248,1367,54219,populacao_seade-sp_2000a2024,populacao_seade-sp_2000a2024_masculino_2020.csv
2020,Sé,SE,República,Republica,masculino,1391,1690,1256,1188,1249,1704,3002,3522,3294,2736,2416,1940,1556,1134,810,1058,29946,populacao_seade-sp_2000a2024,populacao_seade-sp_2000a2024_masculino_2020.csv
2020,Butantã,BUTANTA,Rio Pequeno,Rio_Pequeno,masculino,4127,4851,3815,4206,4565,4828,5055,5247,5025,4168,3978,3435,2773,2113,1540,2011,61737,populacao_seade-sp_2000a2024,populacao_seade-sp_2000a2024_masculino_2020.csv
2020,Ipiranga,IPIRANGA,Sacomã,Sacoma,masculino,6636,7536,8365,8532,9653,10378,10303,10730,10344,8559,7985,6906,5858,4350,3019,4050,123204,populacao_seade-sp_2000a2024,populacao_seade-sp_2000a2024_masculino_2020.csv
2020,Sé,SE,Santa Cecília,Santa_Cecilia,masculino,1829,2151,1866,1742,1960,2428,3258,3856,3591,3043,2739,2480,2049,1671,1287,1912,37862,populacao_seade-sp_2000a2024,populacao_seade-sp_2000a2024_masculino_2020.csv
2020,Santana/Tucuruvi,SANTANA_TUCURUVI,Santana,Santana,masculino,2513,2936,2598,2665,3223,3817,4013,4300,4081,3514,3486,3626,3340,2783,2122,3158,52175,populacao_seade-sp_2000a2024,populacao_seade-sp_2000a2024_masculino_2020.csv
2020,Santo Amaro,SANTO_AMARO,Santo Amaro,Santo_Amaro,masculino,1618,1960,2038,2104,2428,2632,2648,3069,3188,2945,2717,2794,2378,2001,1621,2715,38856,populacao_seade-sp_2000a2024,populacao_seade-sp_2000a2024_masculino_2020.csv
2020,Pirituba/Jaraguá,PIRITUBA_JARAGUA,São Domingos,Sao_Domingos,masculino,2208,2524,2795,2819,3258,3463,3417,3459,3309,2861,2846,2546,2101,1548,1224,1611,41989,populacao_seade-sp_2000a2024,populacao_seade-sp_2000a2024_masculino_2020.csv
2020,Vila Prudente,VILA_PRUDENTE,São Lucas,Sao_Lucas,masculino,3206,3593,4129,4241,4779,5251,5443,5568,5200,4482,4253,4332,3533,2712,2021,3161,65904,populacao_seade-sp_2000a2024,populacao_seade-sp_2000a2024_masculino_2020.csv
2020,São Mateus,SAO_MATEUS,São Mateus,Sao_Mateus,masculino,4476,5070,5053,5498,6518,6565,6194,6041,5659,4982,4627,4059,3414,2599,1876,2344,74975,populacao_seade-sp_2000a2024,populacao_seade-sp_2000a2024_masculino_2020.csv
2020,São Miguel,SAO_MIGUEL,São Miguel,Sao_Miguel,masculino,2758,3125,2594,2827,3407,3497,3259,3042,2720,2548,2459,2157,1776,1272,942,1326,39709,populacao_seade-sp_2000a2024,populacao_seade-sp_2000a2024_masculino_2020.csv
2020,São Mateus,SAO_MATEUS,São Rafael,Sao_Rafael,masculino,4359,4731,5572,6336,6984,6751,5631,5273,5430,5010,4569,3610,2697,1952,1360,1576,71841,populacao_seade-sp_2000a2024,populacao_seade-sp_2000a2024_masculino_2020.csv
2020,Sapopemba,SAPOPEMBA,Sapopemba,Sapopemba,masculino,7789,8709,8997,9799,11300,11544,11178,10370,9902,8475,7734,6866,5792,4410,3087,3564,129516,populacao_seade-sp_2000a2024,populacao_seade-sp_2000a2024_masculino_2020.csv
2020,Vila Mariana,VILA_MARIANA,Saúde,Saude,masculino,2501,3055,2975,2757,3008,3544,4411,5442,5670,4416,4198,3983,3794,3116,2354,3808,59032,populacao_seade-sp_2000a2024,populacao_seade-sp_2000a2024_masculino_2020.csv
2020,Sé,SE,Sé,Se,masculino,806,991,566,681,774,852,1104,1146,1057,1048,835,619,451,298,187,247,11662,populacao_seade-sp_2000a2024,populacao_seade-sp_2000a2024_masculino_2020.csv
2020,Capela do Socorro,CAPELA_DO_SOCORRO,Socorro,Socorro,masculino,858,1016,953,1089,1167,1311,1382,1426,1384,1281,1152,1185,1025,831,669,1081,17810,populacao_seade-sp_2000a2024,populacao_seade-sp_2000a2024_masculino_2020.csv
2020,Mooca,MOOCA,Tatuapé,Tatuape,masculino,1970,2299,2246,2583,2970,3356,3377,3562,3612,3282,3299,3384,2799,2203,1604,2543,45089,populacao_seade-sp_2000a2024,populacao_seade-sp_2000a2024_masculino_2020.csv
2020,Jaçanã/Tremembé,JACANA_TREMEMBE,Tremembé,Tremembe,masculino,6061,6660,6495,7145,8406,8577,7620,7279,7135,6327,5845,4969,4027,2994,2093,2551,94184,populacao_seade-sp_2000a2024,populacao_seade-sp_2000a2024_masculino_2020.csv
2020,Santana/Tucuruvi,SANTANA_TUCURUVI,Tucuruvi,Tucuruvi,masculino,2095,2417,2504,2549,2992,3453,3856,3914,3791,3173,3002,2937,2742,2264,1641,2662,45992,populacao_seade-sp_2000a2024,populacao_seade-sp_2000a2024_masculino_2020.csv
2020,Campo Limpo,CAMPO_LIMPO,Vila Andrade,Vila_Andrade,masculino,4506,4847,5956,6339,6959,6916,7048,6659,6552,5889,4811,3934,3003,1947,1342,1521,78229,populacao_seade-sp_2000a2024,populacao_seade-sp_2000a2024_masculino_2020.csv
2020,Itaim Paulista,ITAIM_PAULISTA,Vila Curuçá,Vila_Curuca,masculino,4235,4581,4966,5551,6703,6640,5562,5461,4855,4580,4135,3418,2689,1967,1412,1726,68481,populacao_seade-sp_2000a2024,populacao_seade-sp_2000a2024_masculino_2020.csv
2020,Aricanduva/Formosa/Carrão,ARICANDUVA_FORMOSA_CARRAO,Vila Formosa,Vila_Formosa,masculino,2075,2327,2574,2644,3271,3535,3567,3486,3252,2862,2834,2931,2623,2015,1463,2273,43732,populacao_seade-sp_2000a2024,populacao_seade-sp_2000a2024_masculino_2020.csv
2020,Vila Maria/Vila Guilherme,VILA_MARIA_VILA_GUILHERME,Vila Guilherme,Vila_Guilherme,masculino,1424,1714,1479,1610,1679,1726,1898,2105,2054,1799,1583,1433,1325,1034,744,1179,24786,populacao_seade-sp_2000a2024,populacao_seade-sp_2000a2024_masculino_2020.csv
2020,São Miguel,SAO_MIGUEL,Vila Jacuí,Vila_Jacui,masculino,3644,3913,4904,5161,6139,6109,5715,5293,4972,4293,4003,3489,2791,2027,1305,1463,65221,populacao_seade-sp_2000a2024,populacao_seade-sp_2000a2024_masculino_2020.csv
2020,Lapa,LAPA,Vila Leopoldina,Vila_Leopoldina,masculino,977,1184,1385,1249,1406,1563,1844,2047,2319,2103,1658,1486,1133,838,593,868,22653,populacao_seade-sp_2000a2024,populacao_seade-sp_2000a2024_masculino_2020.csv
2020,Vila Maria/Vila Guilherme,VILA_MARIA_VILA_GUILHERME,Vila Maria,Vila_Maria,masculino,3273,3739,3428,3758,4056,4421,4511,4534,4088,3480,3087,2683,2286,1719,1170,1778,52011,populacao_seade-sp_2000a2024,populacao_seade-sp_2000a2024_masculino_2020.csv
2020,Vila Mariana,VILA_MARIANA,Vila Mariana,Vila_Mariana,masculino,2450,2845,2620,2577,2724,3463,4759,5900,5614,4192,3806,3908,3677,3226,2681,3889,58331,populacao_seade-sp_2000a2024,populacao_seade-sp_2000a2024_masculino_2020.csv
2020,Penha,PENHA,Vila Matilde,Vila_Matilde,masculino,2445,2794,3000,3121,3747,4130,4024,4024,3862,3273,3199,3068,2599,2049,1480,2260,49075,populacao_seade-sp_2000a2024,populacao_seade-sp_2000a2024_masculino_2020.csv
2020,Vila Maria/Vila Guilherme,VILA_MARIA_VILA_GUILHERME,Vila Medeiros,Vila_Medeiros,masculino,3218,3688,3598,3695,4263,4511,4671,4667,4186,3516,3237,3138,2719,2139,1558,2385,55189,populacao_seade-sp_2000a2024,populacao_seade-sp_2000a2024_masculino_2020.csv
2020,Vila Prudente,VILA_PRUDENTE,Vila Prudente,Vila_Prudente,masculino,2375,2732,2855,2841,3364,3768,4261,4319,4184,3313,3235,3254,2791,2198,1674,2461,49625,populacao_seade-sp_2000a2024,populacao_seade-sp_2000a2024_masculino_2020.csv
2020,Butantã,BUTANTA,Vila Sônia,Vila_Sonia,masculino,3315,3861,3707,3763,4258,4546,4639,4845,4833,4007,3651,3179,2736,2124,1625,2327,57416,populacao_seade-sp_2000a2024,populacao_seade-sp_2000a2024_masculino_2020.csv
2020,,NAO_IDENTIFICADO,Ignorado,Ignorado,masculino,-,-,-,-,-,-,-,-,-,-,-,-,-,-,-,-,-,populacao_seade-sp_2000a2024,populacao_seade-sp_2000a2024_masculino_2020.csv
2021,Mooca,MOOCA,Água Rasa,Agua_Rasa,masculino,1900,2254,2135,2153,2552,2812,2997,3206,3252,2850,2584,2672,2491,1974,1493,2424,39749,populacao_seade-sp_2000a2024,populacao_seade-sp_2000a2024_masculino_2021.csv
2021,Pinheiros,PINHEIROS,Alto de Pinheiros,Alto_de_Pinheiros,masculino,606,726,798,845,986,1177,1210,1204,1378,1184,1144,1261,1171,1057,883,1713,17343,populacao_seade-sp_2000a2024,populacao_seade-sp_2000a2024_masculino_2021.csv
2021,Perus,PERUS,Anhanguera,Anhanguera,masculino,2230,2321,2515,2911,3614,3622,3169,2777,2691,2520,2531,1959,1385,891,528,426,36090,populacao_seade-sp_2000a2024,populacao_seade-sp_2000a2024_masculino_2021.csv
2021,Aricanduva/Formosa/Carrão,ARICANDUVA_FORMOSA_CARRAO,Aricanduva,Aricanduva,masculino,2153,2456,2543,2776,3287,3394,3358,3386,3243,2883,2852,2546,2281,1772,1378,2059,42367,populacao_seade-sp_2000a2024,populacao_seade-sp_2000a2024_masculino_2021.csv
2021,Penha,PENHA,Artur Alvim,Artur_Alvim,masculino,2333,2680,2795,2977,3517,3670,3605,3837,3854,3217,2773,2571,2180,1794,1374,1909,45086,populacao_seade-sp_2000a2024,populacao_seade-sp_2000a2024_masculino_2021.csv
2021,Lapa,LAPA,Barra Funda,Barra_Funda,masculino,778,937,796,771,824,999,1114,1310,1356,1164,934,801,768,627,491,724,14394,populacao_seade-sp_2000a2024,populacao_seade-sp_2000a2024_masculino_2021.csv
2021,Sé,SE,Bela Vista,Bela_Vista,masculino,1342,1609,1286,1146,1217,1544,2550,3504,3374,2435,2022,1756,1488,1234,954,1396,28857,populacao_seade-sp_2000a2024,populacao_seade-sp_2000a2024_masculino_2021.csv
2021,Mooca,MOOCA,Belém,Belem,masculino,1717,2139,1651,1453,1508,1648,2100,2517,2412,1917,1567,1455,1260,1031,723,1061,26159,populacao_seade-sp_2000a2024,populacao_seade-sp_2000a2024_masculino_2021.csv
2021,Sé,SE,Bom Retiro,Bom_Retiro,masculino,1002,1194,1037,1015,1105,1244,1453,1506,1476,1105,960,810,707,550,377,570,16111,populacao_seade-sp_2000a2024,populacao_seade-sp_2000a2024_masculino_2021.csv
2021,Mooca,MOOCA,Brás,Bras,masculino,1218,1507,1128,1061,1171,1375,1638,1806,1716,1400,1176,972,823,597,449,506,18543,populacao_seade-sp_2000a2024,populacao_seade-sp_2000a2024_masculino_2021.csv
2021,Freguesia/Brasilândia,FREGUESIA_BRASILANDIA,Brasilândia,Brasilandia,masculino,8414,9288,8552,9281,10824,10552,9573,9171,8514,7256,6798,5536,4449,3220,2228,2509,116165,populacao_seade-sp_2000a2024,populacao_seade-sp_2000a2024_masculino_2021.csv
2021,Butantã,BUTANTA,Butantã,Butanta,masculino,1046,1243,1225,1204,1312,1554,2112,2470,2326,1805,1597,1504,1376,1186,964,1596,24520,populacao_seade-sp_2000a2024,populacao_seade-sp_2000a2024_masculino_2021.csv
2021,Casa Verde/Cachoeirinha,CASA_VERDE_CACHOEIRINHA,Cachoeirinha,Cachoeirinha,masculino,4466,5082,4885,5216,5907,6007,5669,5538,5323,4330,4053,3465,2974,2126,1441,1747,68229,populacao_seade-sp_2000a2024,populacao_seade-sp_2000a2024_masculino_2021.csv
2021,Sé,SE,Cambuci,Cambuci,masculino,1092,1297,1315,1288,1349,1404,1486,1715,1864,1596,1414,1235,1054,832,613,985,20539,populacao_seade-sp_2000a2024,populacao_seade-sp_2000a2024_masculino_2021.csv
2021,Santo Amaro,SANTO_AMARO,Campo Belo,Campo_Belo,masculino,1449,1766,1785,1689,1762,1912,2181,2548,2852,2491,2308,2194,1996,1755,1408,2468,32564,populacao_seade-sp_2000a2024,populacao_seade-sp_2000a2024_masculino_2021.csv
2021,Santo Amaro,SANTO_AMARO,Campo Grande,Campo_Grande,masculino,2494,2972,3264,3390,3768,3935,3720,4053,4539,4020,3942,3678,3138,2382,1711,2371,53377,populacao_seade-sp_2000a2024,populacao_seade-sp_2000a2024_masculino_2021.csv
2021,Campo Limpo,CAMPO_LIMPO,Campo Limpo,Campo_Limpo,masculino,6842,7675,8034,8398,9734,9554,9210,9326,9394,7955,6821,5395,4514,3337,2298,2493,110980,populacao_seade-sp_2000a2024,populacao_seade-sp_2000a2024_masculino_2021.csv
2021,Penha,PENHA,Cangaíba,Cangaiba,masculino,3944,4478,4269,4565,5466,5670,5575,5369,5115,4376,4171,3791,3225,2399,1713,2223,66349,populacao_seade-sp_2000a2024,populacao_seade-sp_2000a2024_masculino_2021.csv
2021,Campo Limpo,CAMPO_LIMPO,Capão Redondo,Capao_Redondo,masculino,8473,9399,9340,10002,11513,11566,10865,10717,10245,8643,7668,5969,4763,3632,2561,2604,127960,populacao_seade-sp_2000a2024,populacao_seade-sp_2000a2024_masculino_2021.csv
2021,Aricanduva/Formosa/Carrão,ARICANDUVA_FORMOSA_CARRAO,Carrão,Carrao,masculino,1754,2056,2145,2299,2754,3018,3036,3084,3171,2830,2687,2658,2363,1878,1453,2286,39472,populacao_seade-sp_2000a2024,populacao_seade-sp_2000a2024_masculino_2021.csv
2021,Casa Verde/Cachoeirinha,CASA_VERDE_CACHOEIRINHA,Casa Verde,Casa_Verde,masculino,2095,2444,2293,2361,2656,2772,3042,3154,3142,2500,2304,2219,2016,1592,1174,1756,37520,populacao_seade-sp_2000a2024,populacao_seade-sp_2000a2024_masculino_2021.csv
2021,Cidade Ademar,CIDADE_ADEMAR,Cidade Ademar,Cidade_Ademar,masculino,7638,8593,8190,8693,9953,10229,10090,9970,9690,8021,7141,5779,4714,3657,2717,3118,118193,populacao_seade-sp_2000a2024,populacao_seade-sp_2000a2024_masculino_2021.csv
2021,Capela do Socorro,CAPELA_DO_SOCORRO,Cidade Dutra,Cidade_Dutra,masculino,5195,5854,5786,6302,7491,7618,7265,7031,6883,5918,5510,4654,3886,3028,2245,2552,87218,populacao_seade-sp_2000a2024,populacao_seade-sp_2000a2024_masculino_2021.csv
2021,Itaquera,ITAQUERA,Cidade Líder,Cidade_Lider,masculino,3780,4228,4351,4675,5505,5680,5366,5366,5295,4483,4011,3476,2989,2358,1680,1804,65047,populacao_seade-sp_2000a2024,populacao_seade-sp_2000a2024_masculino_2021.csv
2021,Cidade Tiradentes,CIDADE_TIRADENTES,Cidade Tiradentes,Cidade_Tiradentes,masculino,6376,6736,7031,8215,9495,9167,7848,7378,6842,5723,5007,4067,3351,2460,1494,1295,92485,populacao_seade-sp_2000a2024,populacao_seade-sp_2000a2024_masculino_2021.csv
2021,Sé,SE,Consolação,Consolacao,masculino,916,987,861,815,951,1390,2501,2849,2460,1842,1584,1630,1514,1211,1032,1763,24306,populacao_seade-sp_2000a2024,populacao_seade-sp_2000a2024_masculino_2021.csv
2021,Ipiranga,IPIRANGA,Cursino,Cursino,masculino,2373,2846,2916,2907,3199,3404,3642,4032,4079,3368,3208,3099,2845,2221,1660,2507,48306,populacao_seade-sp_2000a2024,populacao_seade-sp_2000a2024_masculino_2021.csv
2021,Ermelino Matarazzo,ERMELINO_MATARAZZO,Ermelino Matarazzo,Ermelino_Matarazzo,masculino,3199,3604,3700,3944,4596,4639,4431,4350,4171,3649,3447,2890,2382,1877,1346,1520,53745,populacao_seade-sp_2000a2024,populacao_seade-sp_2000a2024_masculino_2021.csv
2021,Freguesia/Brasilândia,FREGUESIA_BRASILANDIA,Freguesia do Ó,Freguesia_do_O,masculino,3497,4035,3806,4016,4929,5117,5178,5331,5293,4349,4094,3969,3641,2773,1977,2640,64645,populacao_seade-sp_2000a2024,populacao_seade-sp_2000a2024_masculino_2021.csv
2021,Capela do Socorro,CAPELA_DO_SOCORRO,Grajaú,Grajau,masculino,12598,13858,13637,15014,17585,17234,15462,14522,13747,11803,10948,8904,6916,5002,3304,3012,183546,populacao_seade-sp_2000a2024,populacao_seade-sp_2000a2024_masculino_2021.csv
2021,Guaianases,GUAIANASES,Guaianases,Guaianases,masculino,3564,3887,3807,4196,4845,5036,4352,4044,3914,3306,3030,2508,2027,1530,1040,1068,52154,populacao_seade-sp_2000a2024,populacao_seade-sp_2000a2024_masculino_2021.csv
2021,São Mateus,SAO_MATEUS,Iguatemi,Iguatemi,masculino,5002,5358,5377,5929,6999,6885,5903,5454,5079,4399,4316,3569,2764,2010,1279,1225,71548,populacao_seade-sp_2000a2024,populacao_seade-sp_2000a2024_masculino_2021.csv
2021,Ipiranga,IPIRANGA,Ipiranga,Ipiranga,masculino,2657,3154,3163,3270,3666,3938,4106,4574,4621,3958,3613,3358,2920,2362,1738,2648,53746,populacao_seade-sp_2000a2024,populacao_seade-sp_2000a2024_masculino_2021.csv
2021,Pinheiros,PINHEIROS,Itaim Bibi,Itaim_Bibi,masculino,1946,2481,2396,2016,1991,2323,2938,4165,5033,4132,3262,3003,2788,2458,2029,3225,46186,populacao_seade-sp_2000a2024,populacao_seade-sp_2000a2024_masculino_2021.csv
2021,Itaim Paulista,ITAIM_PAULISTA,Itaim Paulista,Itaim_Paulista,masculino,6479,7082,7069,7895,9516,9628,8427,7727,7188,6115,5784,4935,3976,2875,1955,2049,98700,populacao_seade-sp_2000a2024,populacao_seade-sp_2000a2024_masculino_2021.csv
2021,Itaquera,ITAQUERA,Itaquera,Itaquera,masculino,6114,6875,6858,7469,8843,8898,8094,7808,7716,6898,6342,5309,4307,3223,2330,2735,99819,populacao_seade-sp_2000a2024,populacao_seade-sp_2000a2024_masculino_2021.csv
2021,Jabaquara,JABAQUARA,Jabaquara,Jabaquara,masculino,5484,6397,6403,6621,7676,7904,7981,8488,8670,7099,6638,6003,4999,3869,2678,3861,100771,populacao_seade-sp_2000a2024,populacao_seade-sp_2000a2024_masculino_2021.csv
2021,Jaçanã/Tremembé,JACANA_TREMEMBE,Jaçanã,Jacana,masculino,2265,2525,2792,3057,3549,3575,3447,3474,3381,2794,2487,2196,1925,1483,1096,1423,41469,populacao_seade-sp_2000a2024,populacao_seade-sp_2000a2024_masculino_2021.csv
2021,Lapa,LAPA,Jaguara,Jaguara,masculino,574,672,659,700,771,836,933,1011,1006,830,744,716,661,554,435,620,11722,populacao_seade-sp_2000a2024,populacao_seade-sp_2000a2024_masculino_2021.csv
2021,Lapa,LAPA,Jaguaré,Jaguare,masculino,1432,1671,1755,1836,1961,2024,2145,2368,2391,1945,1676,1407,1112,855,631,944,26153,populacao_seade-sp_2000a2024,populacao_seade-sp_2000a2024_masculino_2021.csv
2021,Pirituba/Jaraguá,PIRITUBA_JARAGUA,Jaraguá,Jaragua,masculino,6466,7106,7082,8005,9518,9251,8135,7831,7682,6628,6063,5095,4120,2924,1932,1913,99751,populacao_seade-sp_2000a2024,populacao_seade-sp_2000a2024_masculino_2021.csv
2021,M'Boi Mirim,M_BOI_MIRIM,Jardim Ângela,Jardim_Angela,masculino,10169,11309,11702,12742,14337,13570,12118,11891,11487,10153,8921,6631,5135,3775,2520,2375,148835,populacao_seade-sp_2000a2024,populacao_seade-sp_2000a2024_masculino_2021.csv
2021,São Miguel,SAO_MIGUEL,Jardim Helena,Jardim_Helena,masculino,4457,4890,4622,4891,5857,5869,5191,4873,4580,3924,3698,2993,2351,1745,1228,1360,62529,populacao_seade-sp_2000a2024,populacao_seade-sp_2000a2024_masculino_2021.csv
2021,Pinheiros,PINHEIROS,Jardim Paulista,Jardim_Paulista,masculino,1503,1826,1704,1485,1547,1817,2559,3540,3928,3109,2674,2467,2277,1964,1812,3043,37255,populacao_seade-sp_2000a2024,populacao_seade-sp_2000a2024_masculino_2021.csv
2021,M'Boi Mirim,M_BOI_MIRIM,Jardim São Luís,Jardim_Sao_Luis,masculino,7781,8746,8600,9356,10906,10800,10612,10570,10306,8654,7593,6036,4973,3696,2533,2745,123907,populacao_seade-sp_2000a2024,populacao_seade-sp_2000a2024_masculino_2021.csv
2021,Itaquera,ITAQUERA,José Bonifácio,Jose_Bonifacio,masculino,3257,3644,4242,4691,5379,5136,4659,5040,5282,4292,3631,2938,2471,2136,1618,1521,59937,populacao_seade-sp_2000a2024,populacao_seade-sp_2000a2024_masculino_2021.csv
2021,Guaianases,GUAIANASES,Lajeado,Lajeado,masculino,5461,5938,5977,6355,7639,7696,6815,6138,5635,5054,4570,3684,3005,2179,1461,1496,79103,populacao_seade-sp_2000a2024,populacao_seade-sp_2000a2024_masculino_2021.csv
2021,Lapa,LAPA,Lapa,Lapa,masculino,1457,1780,1872,1821,1893,2171,2456,2872,3059,2602,2412,2425,2234,1781,1362,2374,34571,populacao_seade-sp_2000a2024,populacao_seade-sp_2000a2024_masculino_2021.csv
2021,Sé,SE,Liberdade,Liberdade,masculino,1429,1760,1586,1464,1606,1990,2529,3123,3081,2387,2108,1842,1685,1375,1119,1596,30680,populacao_seade-sp_2000a2024,populacao_seade-sp_2000a2024_masculino_2021.csv
2021,Casa Verde/Cachoeirinha,CASA_VERDE_CACHOEIRINHA,Limão,Limao,masculino,2343,2715,2431,2440,2859,2991,3179,3168,3071,2540,2377,2143,1892,1487,1107,1442,38185,populacao_seade-sp_2000a2024,populacao_seade-sp_2000a2024_masculino_2021.csv
2021,Santana/Tucuruvi,SANTANA_TUCURUVI,Mandaqui,Mandaqui,masculino,2405,2763,2763,2932,3548,3839,3913,3909,3896,3513,3461,3191,2746,2058,1503,2169,48609,populacao_seade-sp_2000a2024,populacao_seade-sp_2000a2024_masculino_2021.csv
2021,Parelheiros,PARELHEIROS,Marsilac,Marsilac,masculino,305,310,363,475,594,581,469,380,358,296,334,306,285,227,157,171,5611,populacao_seade-sp_2000a2024,populacao_seade-sp_2000a2024_masculino_2021.csv
2021,Vila Mariana,VILA_MARIANA,Moema,Moema,masculino,1419,1757,1905,1778,1851,2035,2291,2962,3542,3137,2759,2642,2500,2276,1943,2788,37585,populacao_seade-sp_2000a2024,populacao_seade-sp_2000a2024_masculino_2021.csv
2021,Mooca,MOOCA,Mooca,Mooca,masculino,1770,2116,2052,2014,2225,2623,2882,3136,3255,2848,2754,2566,2283,1843,1298,2142,37807,populacao_seade-sp_2000a2024,populacao_seade-sp_2000a2024_masculino_2021.csv
2021,Butantã,BUTANTA,Morumbi,Morumbi,masculino,1174,1381,1242,1269,1473,1487,1401,1511,1587,1419,1389,1294,1108,898,734,1168,20535,populacao_seade-sp_2000a2024,populacao_seade-sp_2000a2024_masculino_2021.csv
2021,Parelheiros,PARELHEIROS,Parelheiros,Parelheiros,masculino,5345,5728,5537,6156,7350,7051,5851,5361,5287,4632,4306,3444,2758,1974,1272,1234,73286,populacao_seade-sp_2000a2024,populacao_seade-sp_2000a2024_masculino_2021.csv
2021,Mooca,MOOCA,Pari,Pari,masculino,547,642,540,527,555,634,719,712,649,510,508,427,357,263,222,350,8162,populacao_seade-sp_2000a2024,populacao_seade-sp_2000a2024_masculino_2021.csv
2021,Itaquera,ITAQUERA,Parque do Carmo,Parque_do_Carmo,masculino,2136,2421,2498,2766,3095,3120,2948,2977,2745,2450,2242,1772,1510,1197,901,949,35727,populacao_seade-sp_2000a2024,populacao_seade-sp_2000a2024_masculino_2021.csv
2021,Cidade Ademar,CIDADE_ADEMAR,Pedreira,Pedreira,masculino,4679,5098,5556,6035,7277,7318,6725,6278,6068,5191,4787,3900,3173,2305,1610,1599,77599,populacao_seade-sp_2000a2024,populacao_seade-sp_2000a2024_masculino_2021.csv
2021,Penha,PENHA,Penha,Penha,masculino,3082,3579,3520,3753,4335,4738,4904,5157,4916,4222,4065,3866,3408,2667,2090,3093,61395,populacao_seade-sp_2000a2024,populacao_seade-sp_2000a2024_masculino_2021.csv
2021,Lapa,LAPA,Perdizes,Perdizes,masculino,1854,2205,2327,2353,2436,2793,3528,4201,4593,3581,3263,3126,3072,2689,2175,3074,47270,populacao_seade-sp_2000a2024,populacao_seade-sp_2000a2024_masculino_2021.csv
2021,Perus,PERUS,Perus,Perus,masculino,2943,3218,3026,3296,3937,3926,3547,3075,3043,2801,2644,2122,1633,1172,795,840,42018,populacao_seade-sp_2000a2024,populacao_seade-sp_2000a2024_masculino_2021.csv
2021,Pinheiros,PINHEIROS,Pinheiros,Pinheiros,masculino,1152,1434,1457,1338,1361,1507,1971,2780,3048,2384,2079,2010,1828,1601,1302,2177,29429,populacao_seade-sp_2000a2024,populacao_seade-sp_2000a2024_masculino_2021.csv
2021,Pirituba/Jaraguá,PIRITUBA_JARAGUA,Pirituba,Pirituba,masculino,4600,5295,5416,5671,6548,6790,6747,6988,6866,5634,5486,5067,4410,3399,2435,3163,84515,populacao_seade-sp_2000a2024,populacao_seade-sp_2000a2024_masculino_2021.csv
2021,Ermelino Matarazzo,ERMELINO_MATARAZZO,Ponte Rasa,Ponte_Rasa,masculino,2219,2530,2641,2858,3430,3523,3438,3546,3275,2737,2706,2489,2269,1765,1272,1724,42422,populacao_seade-sp_2000a2024,populacao_seade-sp_2000a2024_masculino_2021.csv
2021,Butantã,BUTANTA,Raposo Tavares,Raposo_Tavares,masculino,3573,4097,3839,4158,4584,4658,4276,4469,4543,3787,3365,2686,2146,1728,1294,1447,54650,populacao_seade-sp_2000a2024,populacao_seade-sp_2000a2024_masculino_2021.csv
2021,Sé,SE,República,Republica,masculino,1344,1665,1319,1213,1267,1597,2667,3462,3387,2791,2478,2024,1629,1199,848,1098,29988,populacao_seade-sp_2000a2024,populacao_seade-sp_2000a2024_masculino_2021.csv
2021,Butantã,BUTANTA,Rio Pequeno,Rio_Pequeno,masculino,4045,4772,3934,4124,4571,4744,4952,5249,5104,4223,3989,3511,2882,2203,1599,2083,61985,populacao_seade-sp_2000a2024,populacao_seade-sp_2000a2024_masculino_2021.csv
2021,Ipiranga,IPIRANGA,Sacomã,Sacoma,masculino,6546,7445,8026,8484,9580,10162,10195,10702,10465,8653,8026,7035,6013,4549,3161,4177,123219,populacao_seade-sp_2000a2024,populacao_seade-sp_2000a2024_masculino_2021.csv
2021,Sé,SE,Santa Cecília,Santa_Cecilia,masculino,1760,2115,1886,1768,1945,2302,3032,3754,3667,3069,2779,2508,2118,1718,1322,1954,37697,populacao_seade-sp_2000a2024,populacao_seade-sp_2000a2024_masculino_2021.csv
2021,Santana/Tucuruvi,SANTANA_TUCURUVI,Santana,Santana,masculino,2435,2884,2609,2644,3148,3658,3918,4264,4144,3524,3462,3562,3373,2844,2181,3222,51872,populacao_seade-sp_2000a2024,populacao_seade-sp_2000a2024_masculino_2021.csv
2021,Santo Amaro,SANTO_AMARO,Santo Amaro,Santo_Amaro,masculino,1600,1948,2019,2128,2438,2607,2654,3052,3236,2967,2791,2803,2489,2084,1680,2800,39296,populacao_seade-sp_2000a2024,populacao_seade-sp_2000a2024_masculino_2021.csv
2021,Pirituba/Jaraguá,PIRITUBA_JARAGUA,São Domingos,Sao_Domingos,masculino,2178,2491,2685,2811,3218,3396,3385,3468,3355,2866,2824,2576,2169,1620,1247,1660,41949,populacao_seade-sp_2000a2024,populacao_seade-sp_2000a2024_masculino_2021.csv
2021,Vila Prudente,VILA_PRUDENTE,São Lucas,Sao_Lucas,masculino,3142,3542,3916,4192,4721,5090,5312,5548,5270,4474,4240,4250,3637,2802,2074,3190,65400,populacao_seade-sp_2000a2024,populacao_seade-sp_2000a2024_masculino_2021.csv
2021,São Mateus,SAO_MATEUS,São Mateus,Sao_Mateus,masculino,4394,4986,4929,5366,6362,6464,6152,6070,5726,4948,4626,4099,3488,2685,1934,2413,74642,populacao_seade-sp_2000a2024,populacao_seade-sp_2000a2024_masculino_2021.csv
2021,São Miguel,SAO_MIGUEL,São Miguel,Sao_Miguel,masculino,2660,3029,2587,2713,3261,3374,3194,3037,2735,2459,2403,2142,1794,1309,948,1323,38968,populacao_seade-sp_2000a2024,populacao_seade-sp_2000a2024_masculino_2021.csv
2021,São Mateus,SAO_MATEUS,São Rafael,Sao_Rafael,masculino,4316,4704,5269,6143,6910,6678,5727,5349,5404,4940,4597,3730,2828,2042,1415,1639,71691,populacao_seade-sp_2000a2024,populacao_seade-sp_2000a2024_masculino_2021.csv
2021,Sapopemba,SAPOPEMBA,Sapopemba,Sapopemba,masculino,7603,8526,8651,9494,11010,11249,10967,10445,9910,8402,7706,6866,5873,4523,3177,3674,128076,populacao_seade-sp_2000a2024,populacao_seade-sp_2000a2024_masculino_2021.csv
2021,Vila Mariana,VILA_MARIANA,Saúde,Saude,masculino,2405,2987,2942,2804,3004,3393,4171,5264,5677,4541,4227,4006,3828,3214,2442,3892,58797,populacao_seade-sp_2000a2024,populacao_seade-sp_2000a2024_masculino_2021.csv
2021,Sé,SE,Sé,Se,masculino,776,957,617,650,763,826,1029,1135,1072,1013,859,645,473,316,197,251,11579,populacao_seade-sp_2000a2024,populacao_seade-sp_2000a2024_masculino_2021.csv
2021,Capela do Socorro,CAPELA_DO_SOCORRO,Socorro,Socorro,masculino,839,997,946,1058,1171,1271,1350,1424,1400,1268,1167,1167,1048,854,681,1094,17735,populacao_seade-sp_2000a2024,populacao_seade-sp_2000a2024_masculino_2021.csv
2021,Mooca,MOOCA,Tatuapé,Tatuape,masculino,1933,2279,2230,2532,2955,3264,3352,3572,3649,3285,3295,3360,2911,2296,1678,2600,45191,populacao_seade-sp_2000a2024,populacao_seade-sp_2000a2024_masculino_2021.csv
2021,Jaçanã/Tremembé,JACANA_TREMEMBE,Tremembé,Tremembe,masculino,5949,6585,6359,6961,8200,8387,7635,7334,7148,6268,5846,5041,4137,3101,2167,2625,93743,populacao_seade-sp_2000a2024,populacao_seade-sp_2000a2024_masculino_2021.csv
2021,Santana/Tucuruvi,SANTANA_TUCURUVI,Tucuruvi,Tucuruvi,masculino,2059,2387,2443,2542,2952,3337,3733,3934,3843,3208,3017,2928,2768,2323,1708,2699,45881,populacao_seade-sp_2000a2024,populacao_seade-sp_2000a2024_masculino_2021.csv
2021,Campo Limpo,CAMPO_LIMPO,Vila Andrade,Vila_Andrade,masculino,4533,4903,5680,6361,7069,6974,7039,6868,6697,5941,5039,4114,3197,2128,1433,1632,79608,populacao_seade-sp_2000a2024,populacao_seade-sp_2000a2024_masculino_2021.csv
2021,Itaim Paulista,ITAIM_PAULISTA,Vila Curuçá,Vila_Curuca,masculino,4152,4514,4729,5350,6477,6516,5618,5438,4929,4451,4127,3467,2763,2033,1445,1767,67776,populacao_seade-sp_2000a2024,populacao_seade-sp_2000a2024_masculino_2021.csv
2021,Aricanduva/Formosa/Carrão,ARICANDUVA_FORMOSA_CARRAO,Vila Formosa,Vila_Formosa,masculino,2037,2298,2466,2618,3178,3444,3507,3512,3304,2849,2806,2872,2655,2087,1512,2300,43445,populacao_seade-sp_2000a2024,populacao_seade-sp_2000a2024_masculino_2021.csv
2021,Vila Maria/Vila Guilherme,VILA_MARIA_VILA_GUILHERME,Vila Guilherme,Vila_Guilherme,masculino,1379,1667,1487,1573,1679,1686,1824,2064,2064,1792,1604,1439,1330,1065,768,1189,24610,populacao_seade-sp_2000a2024,populacao_seade-sp_2000a2024_masculino_2021.csv
2021,São Miguel,SAO_MIGUEL,Vila Jacuí,Vila_Jacui,masculino,3580,3869,4544,5045,5957,5997,5657,5343,5003,4259,3981,3512,2868,2107,1371,1519,64612,populacao_seade-sp_2000a2024,populacao_seade-sp_2000a2024_masculino_2021.csv
2021,Lapa,LAPA,Vila Leopoldina,Vila_Leopoldina,masculino,966,1168,1329,1288,1416,1535,1780,2038,2300,2113,1745,1521,1204,890,628,903,22824,populacao_seade-sp_2000a2024,populacao_seade-sp_2000a2024_masculino_2021.csv
2021,Vila Maria/Vila Guilherme,VILA_MARIA_VILA_GUILHERME,Vila Maria,Vila_Maria,masculino,3196,3663,3392,3651,4023,4271,4397,4517,4160,3467,3109,2707,2323,1776,1217,1790,51659,populacao_seade-sp_2000a2024,populacao_seade-sp_2000a2024_masculino_2021.csv
2021,Vila Mariana,VILA_MARIANA,Vila Mariana,Vila_Mariana,masculino,2353,2813,2624,2594,2742,3274,4418,5715,5730,4354,3873,3875,3726,3291,2735,4027,58144,populacao_seade-sp_2000a2024,populacao_seade-sp_2000a2024_masculino_2021.csv
2021,Penha,PENHA,Vila Matilde,Vila_Matilde,masculino,2395,2746,2887,3079,3661,4006,3980,4031,3897,3278,3171,3047,2655,2106,1528,2280,48747,populacao_seade-sp_2000a2024,populacao_seade-sp_2000a2024_masculino_2021.csv
2021,Vila Maria/Vila Guilherme,VILA_MARIA_VILA_GUILHERME,Vila Medeiros,Vila_Medeiros,masculino,3117,3588,3495,3616,4145,4356,4512,4629,4237,3492,3214,3079,2738,2178,1590,2382,54368,populacao_seade-sp_2000a2024,populacao_seade-sp_2000a2024_masculino_2021.csv
2021,Vila Prudente,VILA_PRUDENTE,Vila Prudente,Vila_Prudente,masculino,2337,2697,2778,2844,3314,3664,4114,4341,4237,3384,3227,3221,2860,2273,1721,2510,49522,populacao_seade-sp_2000a2024,populacao_seade-sp_2000a2024_masculino_2021.csv
2021,Butantã,BUTANTA,Vila Sônia,Vila_Sonia,masculino,3265,3823,3688,3774,4244,4464,4585,4868,4894,4081,3717,3261,2824,2220,1685,2408,57801,populacao_seade-sp_2000a2024,populacao_seade-sp_2000a2024_masculino_2021.csv
2021,,NAO_IDENTIFICADO,Ignorado,Ignorado,masculino,-,-,-,-,-,-,-,-,-,-,-,-,-,-,-,-,-,populacao_seade-sp_2000a2024,populacao_seade-sp_2000a2024_masculino_2021.csv
2022,Mooca,MOOCA,Água Rasa,Agua_Rasa,masculino,1856,2211,2122,2147,2498,2732,2925,3192,3269,2848,2619,2605,2529,2042,1532,2444,39571,populacao_seade-sp_2000a2024,populacao_seade-sp_2000a2024_masculino_2022.csv
2022,Pinheiros,PINHEIROS,Alto de Pinheiros,Alto_de_Pinheiros,masculino,584,704,756,832,961,1109,1187,1207,1327,1191,1130,1211,1192,1059,895,1714,17059,populacao_seade-sp_2000a2024,populacao_seade-sp_2000a2024_masculino_2022.csv
2022,Perus,PERUS,Anhanguera,Anhanguera,masculino,2231,2345,2409,2856,3545,3621,3238,2886,2712,2482,2518,2069,1481,962,571,466,36392,populacao_seade-sp_2000a2024,populacao_seade-sp_2000a2024_masculino_2022.csv
2022,Aricanduva/Formosa/Carrão,ARICANDUVA_FORMOSA_CARRAO,Aricanduva,Aricanduva,masculino,2111,2415,2454,2718,3210,3330,3306,3397,3276,2847,2821,2578,2302,1835,1397,2088,42085,populacao_seade-sp_2000a2024,populacao_seade-sp_2000a2024_masculino_2022.csv
2022,Penha,PENHA,Artur Alvim,Artur_Alvim,masculino,2262,2612,2670,2908,3402,3562,3528,3760,3827,3206,2801,2534,2223,1805,1390,1929,44419,populacao_seade-sp_2000a2024,populacao_seade-sp_2000a2024_masculino_2022.csv
2022,Lapa,LAPA,Barra Funda,Barra_Funda,masculino,791,957,849,817,877,995,1133,1336,1424,1221,1018,846,798,673,519,767,15021,populacao_seade-sp_2000a2024,populacao_seade-sp_2000a2024_masculino_2022.csv
2022,Sé,SE,Bela Vista,Bela_Vista,masculino,1268,1569,1319,1157,1201,1419,2227,3335,3431,2518,2057,1771,1521,1252,973,1420,28438,populacao_seade-sp_2000a2024,populacao_seade-sp_2000a2024_masculino_2022.csv
2022,Mooca,MOOCA,Belém,Belem,masculino,1676,2109,1753,1498,1529,1604,1983,2496,2500,1979,1644,1469,1314,1067,768,1090,26479,populacao_seade-sp_2000a2024,populacao_seade-sp_2000a2024_masculino_2022.csv
2022,Sé,SE,Bom Retiro,Bom_Retiro,masculino,976,1163,1049,1011,1097,1186,1381,1514,1484,1142,970,826,718,569,394,575,16055,populacao_seade-sp_2000a2024,populacao_seade-sp_2000a2024_masculino_2022.csv
2022,Mooca,MOOCA,Brás,Bras,masculino,1203,1482,1209,1077,1187,1330,1584,1821,1775,1437,1226,1010,857,636,463,537,18834,populacao_seade-sp_2000a2024,populacao_seade-sp_2000a2024_masculino_2022.csv
2022,Freguesia/Brasilândia,FREGUESIA_BRASILANDIA,Brasilândia,Brasilandia,masculino,8178,9064,8364,8901,10473,10338,9462,9127,8517,7117,6689,5623,4514,3318,2270,2564,114519,populacao_seade-sp_2000a2024,populacao_seade-sp_2000a2024_masculino_2022.csv
2022,Butantã,BUTANTA,Butantã,Butanta,masculino,1013,1215,1202,1208,1306,1473,1943,2434,2376,1843,1615,1501,1394,1202,978,1614,24317,populacao_seade-sp_2000a2024,populacao_seade-sp_2000a2024_masculino_2022.csv
2022,Casa Verde/Cachoeirinha,CASA_VERDE_CACHOEIRINHA,Cachoeirinha,Cachoeirinha,masculino,4354,4971,4774,5078,5797,5861,5612,5545,5330,4345,4013,3512,3008,2226,1491,1787,67704,populacao_seade-sp_2000a2024,populacao_seade-sp_2000a2024_masculino_2022.csv
2022,Sé,SE,Cambuci,Cambuci,masculino,1085,1291,1306,1324,1379,1392,1471,1704,1877,1634,1462,1274,1100,872,642,1008,20821,populacao_seade-sp_2000a2024,populacao_seade-sp_2000a2024_masculino_2022.csv
2022,Santo Amaro,SANTO_AMARO,Campo Belo,Campo_Belo,masculino,1414,1736,1759,1729,1784,1867,2108,2512,2832,2524,2344,2213,2047,1791,1452,2512,32624,populacao_seade-sp_2000a2024,populacao_seade-sp_2000a2024_masculino_2022.csv
2022,Santo Amaro,SANTO_AMARO,Campo Grande,Campo_Grande,masculino,2460,2938,3153,3416,3762,3872,3755,4029,4499,4064,3957,3737,3265,2513,1796,2461,53677,populacao_seade-sp_2000a2024,populacao_seade-sp_2000a2024_masculino_2022.csv
2022,Campo Limpo,CAMPO_LIMPO,Campo Limpo,Campo_Limpo,masculino,6758,7612,7760,8364,9594,9547,9154,9378,9414,8011,6995,5605,4629,3503,2401,2621,111346,populacao_seade-sp_2000a2024,populacao_seade-sp_2000a2024_masculino_2022.csv
2022,Penha,PENHA,Cangaíba,Cangaiba,masculino,3874,4413,4209,4472,5329,5565,5503,5444,5163,4367,4157,3816,3308,2504,1768,2281,66173,populacao_seade-sp_2000a2024,populacao_seade-sp_2000a2024_masculino_2022.csv
2022,Campo Limpo,CAMPO_LIMPO,Capão Redondo,Capao_Redondo,masculino,8299,9254,9046,9771,11285,11371,10781,10709,10289,8599,7721,6175,4884,3734,2636,2731,127285,populacao_seade-sp_2000a2024,populacao_seade-sp_2000a2024_masculino_2022.csv
2022,Aricanduva/Formosa/Carrão,ARICANDUVA_FORMOSA_CARRAO,Carrão,Carrao,masculino,1719,2027,2082,2276,2688,2924,3002,3108,3177,2824,2702,2635,2425,1944,1489,2322,39344,populacao_seade-sp_2000a2024,populacao_seade-sp_2000a2024_masculino_2022.csv
2022,Casa Verde/Cachoeirinha,CASA_VERDE_CACHOEIRINHA,Casa Verde,Casa_Verde,masculino,2035,2385,2260,2322,2614,2697,2913,3149,3130,2534,2289,2187,2029,1632,1200,1765,37141,populacao_seade-sp_2000a2024,populacao_seade-sp_2000a2024_masculino_2022.csv
2022,Cidade Ademar,CIDADE_ADEMAR,Cidade Ademar,Cidade_Ademar,masculino,7428,8393,7983,8441,9714,9938,9851,9937,9634,7989,7137,5895,4795,3729,2753,3211,116828,populacao_seade-sp_2000a2024,populacao_seade-sp_2000a2024_masculino_2022.csv
2022,Capela do Socorro,CAPELA_DO_SOCORRO,Cidade Dutra,Cidade_Dutra,masculino,5055,5715,5591,6096,7247,7436,7145,7038,6832,5848,5463,4716,3946,3093,2280,2640,86141,populacao_seade-sp_2000a2024,populacao_seade-sp_2000a2024_masculino_2022.csv
2022,Itaquera,ITAQUERA,Cidade Líder,Cidade_Lider,masculino,3730,4192,4216,4613,5414,5606,5372,5394,5324,4503,4064,3532,3056,2432,1745,1895,65088,populacao_seade-sp_2000a2024,populacao_seade-sp_2000a2024_masculino_2022.csv
2022,Cidade Tiradentes,CIDADE_TIRADENTES,Cidade Tiradentes,Cidade_Tiradentes,masculino,6247,6637,6649,7812,9255,9016,7885,7358,6848,5643,5010,4119,3385,2529,1577,1367,91337,populacao_seade-sp_2000a2024,populacao_seade-sp_2000a2024_masculino_2022.csv
2022,Sé,SE,Consolação,Consolacao,masculino,889,996,868,824,930,1252,2178,2880,2568,1901,1621,1596,1544,1258,1035,1790,24130,populacao_seade-sp_2000a2024,populacao_seade-sp_2000a2024_masculino_2022.csv
2022,Ipiranga,IPIRANGA,Cursino,Cursino,masculino,2298,2771,2825,2903,3149,3281,3515,3960,4081,3396,3186,3072,2870,2301,1700,2539,47847,populacao_seade-sp_2000a2024,populacao_seade-sp_2000a2024_masculino_2022.csv
2022,Ermelino Matarazzo,ERMELINO_MATARAZZO,Ermelino Matarazzo,Ermelino_Matarazzo,masculino,3133,3544,3565,3872,4492,4565,4386,4369,4193,3609,3435,2954,2441,1922,1388,1581,53449,populacao_seade-sp_2000a2024,populacao_seade-sp_2000a2024_masculino_2022.csv
2022,Freguesia/Brasilândia,FREGUESIA_BRASILANDIA,Freguesia do Ó,Freguesia_do_O,masculino,3405,3947,3749,3927,4754,5011,5051,5303,5283,4375,4063,3914,3662,2874,2033,2686,64037,populacao_seade-sp_2000a2024,populacao_seade-sp_2000a2024_masculino_2022.csv
2022,Capela do Socorro,CAPELA_DO_SOCORRO,Grajaú,Grajau,masculino,12439,13735,13305,14631,17244,17137,15552,14701,13867,11748,10979,9183,7192,5248,3466,3216,183643,populacao_seade-sp_2000a2024,populacao_seade-sp_2000a2024_masculino_2022.csv
2022,Guaianases,GUAIANASES,Guaianases,Guaianases,masculino,3513,3847,3706,4075,4758,4916,4426,4087,3917,3300,3030,2564,2082,1577,1082,1117,51997,populacao_seade-sp_2000a2024,populacao_seade-sp_2000a2024_masculino_2022.csv
2022,São Mateus,SAO_MATEUS,Iguatemi,Iguatemi,masculino,4990,5387,5256,5840,6895,6868,6049,5586,5190,4402,4303,3703,2898,2110,1364,1307,72148,populacao_seade-sp_2000a2024,populacao_seade-sp_2000a2024_masculino_2022.csv
2022,Ipiranga,IPIRANGA,Ipiranga,Ipiranga,masculino,2604,3113,3116,3274,3653,3843,4040,4527,4682,3997,3675,3387,3012,2441,1812,2703,53879,populacao_seade-sp_2000a2024,populacao_seade-sp_2000a2024_masculino_2022.csv
2022,Pinheiros,PINHEIROS,Itaim Bibi,Itaim_Bibi,masculino,1869,2439,2407,2133,2038,2225,2793,3957,4980,4285,3458,3043,2866,2529,2094,3347,46463,populacao_seade-sp_2000a2024,populacao_seade-sp_2000a2024_masculino_2022.csv
2022,Itaim Paulista,ITAIM_PAULISTA,Itaim Paulista,Itaim_Paulista,masculino,6325,6934,6780,7572,9152,9381,8436,7769,7186,6017,5690,4970,4055,2970,2008,2122,97367,populacao_seade-sp_2000a2024,populacao_seade-sp_2000a2024_masculino_2022.csv
2022,Itaquera,ITAQUERA,Itaquera,Itaquera,masculino,6012,6775,6670,7292,8636,8785,8121,7864,7709,6807,6373,5424,4435,3340,2390,2828,99461,populacao_seade-sp_2000a2024,populacao_seade-sp_2000a2024_masculino_2022.csv
2022,Jabaquara,JABAQUARA,Jabaquara,Jabaquara,masculino,5335,6241,6217,6534,7500,7738,7797,8379,8620,7155,6594,6021,5130,3979,2786,3901,99927,populacao_seade-sp_2000a2024,populacao_seade-sp_2000a2024_masculino_2022.csv
2022,Jaçanã/Tremembé,JACANA_TREMEMBE,Jaçanã,Jacana,masculino,2212,2478,2629,2984,3459,3503,3389,3454,3375,2792,2493,2198,1939,1522,1113,1445,40985,populacao_seade-sp_2000a2024,populacao_seade-sp_2000a2024_masculino_2022.csv
2022,Lapa,LAPA,Jaguara,Jaguara,masculino,561,661,647,689,768,811,898,1008,1013,838,754,711,668,566,444,634,11671,populacao_seade-sp_2000a2024,populacao_seade-sp_2000a2024_masculino_2022.csv
2022,Lapa,LAPA,Jaguaré,Jaguare,masculino,1405,1651,1703,1834,1973,1982,2092,2348,2417,1985,1722,1452,1169,892,655,969,26249,populacao_seade-sp_2000a2024,populacao_seade-sp_2000a2024_masculino_2022.csv
2022,Pirituba/Jaraguá,PIRITUBA_JARAGUA,Jaraguá,Jaragua,masculino,6424,7100,6939,7817,9350,9236,8264,7946,7755,6649,6136,5238,4277,3093,2035,2031,100290,populacao_seade-sp_2000a2024,populacao_seade-sp_2000a2024_masculino_2022.csv
2022,M'Boi Mirim,M_BOI_MIRIM,Jardim Ângela,Jardim_Angela,masculino,10023,11175,11274,12475,14104,13474,12150,11925,11561,10037,9072,6960,5314,3928,2636,2524,148632,populacao_seade-sp_2000a2024,populacao_seade-sp_2000a2024_masculino_2022.csv
2022,São Miguel,SAO_MIGUEL,Jardim Helena,Jardim_Helena,masculino,4352,4802,4508,4747,5638,5743,5190,4888,4585,3865,3651,3059,2408,1791,1256,1401,61884,populacao_seade-sp_2000a2024,populacao_seade-sp_2000a2024_masculino_2022.csv
2022,Pinheiros,PINHEIROS,Jardim Paulista,Jardim_Paulista,masculino,1426,1796,1700,1538,1546,1721,2339,3367,3912,3204,2741,2484,2316,2009,1799,3122,37020,populacao_seade-sp_2000a2024,populacao_seade-sp_2000a2024_masculino_2022.csv
2022,M'Boi Mirim,M_BOI_MIRIM,Jardim São Luís,Jardim_Sao_Luis,masculino,7599,8571,8342,9081,10654,10646,10385,10553,10282,8617,7651,6199,5059,3827,2621,2854,122941,populacao_seade-sp_2000a2024,populacao_seade-sp_2000a2024_masculino_2022.csv
2022,Itaquera,ITAQUERA,José Bonifácio,Jose_Bonifacio,masculino,3213,3615,3987,4633,5293,5121,4676,4962,5268,4370,3723,3031,2532,2152,1665,1632,59873,populacao_seade-sp_2000a2024,populacao_seade-sp_2000a2024_masculino_2022.csv
2022,Guaianases,GUAIANASES,Lajeado,Lajeado,masculino,5369,5857,5755,6214,7371,7560,6841,6243,5680,4935,4593,3773,3067,2268,1517,1563,78606,populacao_seade-sp_2000a2024,populacao_seade-sp_2000a2024_masculino_2022.csv
2022,Lapa,LAPA,Lapa,Lapa,masculino,1431,1761,1840,1873,1928,2092,2400,2846,3099,2663,2463,2422,2305,1871,1418,2424,34836,populacao_seade-sp_2000a2024,populacao_seade-sp_2000a2024_masculino_2022.csv
2022,Sé,SE,Liberdade,Liberdade,masculino,1368,1715,1594,1485,1587,1856,2371,3023,3133,2449,2136,1874,1702,1418,1133,1645,30489,populacao_seade-sp_2000a2024,populacao_seade-sp_2000a2024_masculino_2022.csv
2022,Casa Verde/Cachoeirinha,CASA_VERDE_CACHOEIRINHA,Limão,Limao,masculino,2291,2662,2436,2416,2792,2926,3077,3202,3084,2556,2370,2157,1917,1532,1132,1474,38024,populacao_seade-sp_2000a2024,populacao_seade-sp_2000a2024_masculino_2022.csv
2022,Santana/Tucuruvi,SANTANA_TUCURUVI,Mandaqui,Mandaqui,masculino,2354,2710,2687,2881,3446,3730,3833,3928,3885,3460,3422,3197,2802,2142,1541,2199,48217,populacao_seade-sp_2000a2024,populacao_seade-sp_2000a2024_masculino_2022.csv
2022,Parelheiros,PARELHEIROS,Marsilac,Marsilac,masculino,311,319,345,459,592,585,496,405,367,305,324,318,290,237,165,182,5700,populacao_seade-sp_2000a2024,populacao_seade-sp_2000a2024_masculino_2022.csv
2022,Vila Mariana,VILA_MARIANA,Moema,Moema,masculino,1359,1720,1840,1833,1866,1968,2213,2836,3468,3163,2834,2644,2542,2309,1982,2921,37498,populacao_seade-sp_2000a2024,populacao_seade-sp_2000a2024_masculino_2022.csv
2022,Mooca,MOOCA,Mooca,Mooca,masculino,1738,2083,2040,2041,2224,2503,2817,3132,3273,2867,2764,2594,2341,1909,1367,2166,37859,populacao_seade-sp_2000a2024,populacao_seade-sp_2000a2024_masculino_2022.csv
2022,Butantã,BUTANTA,Morumbi,Morumbi,masculino,1133,1342,1235,1245,1434,1452,1386,1477,1566,1399,1372,1292,1132,918,738,1185,20306,populacao_seade-sp_2000a2024,populacao_seade-sp_2000a2024_masculino_2022.csv
2022,Parelheiros,PARELHEIROS,Parelheiros,Parelheiros,masculino,5319,5746,5453,6020,7197,7057,6019,5481,5312,4628,4341,3585,2857,2081,1347,1311,73754,populacao_seade-sp_2000a2024,populacao_seade-sp_2000a2024_masculino_2022.csv
2022,Mooca,MOOCA,Pari,Pari,masculino,536,630,552,524,557,602,690,723,665,519,499,439,365,274,220,352,8147,populacao_seade-sp_2000a2024,populacao_seade-sp_2000a2024_masculino_2022.csv
2022,Itaquera,ITAQUERA,Parque do Carmo,Parque_do_Carmo,masculino,2106,2392,2420,2707,3085,3082,2947,2988,2812,2417,2270,1845,1539,1236,925,1002,35773,populacao_seade-sp_2000a2024,populacao_seade-sp_2000a2024_masculino_2022.csv
2022,Cidade Ademar,CIDADE_ADEMAR,Pedreira,Pedreira,masculino,4652,5089,5308,5973,7131,7299,6779,6424,6125,5211,4832,4045,3287,2431,1681,1710,77977,populacao_seade-sp_2000a2024,populacao_seade-sp_2000a2024_masculino_2022.csv
2022,Penha,PENHA,Penha,Penha,masculino,3036,3528,3465,3707,4293,4612,4828,5156,5010,4226,4064,3867,3489,2767,2124,3152,61324,populacao_seade-sp_2000a2024,populacao_seade-sp_2000a2024_masculino_2022.csv
2022,Lapa,LAPA,Perdizes,Perdizes,masculino,1776,2165,2243,2357,2448,2647,3300,4106,4536,3693,3279,3117,3067,2736,2216,3179,46865,populacao_seade-sp_2000a2024,populacao_seade-sp_2000a2024_masculino_2022.csv
2022,Perus,PERUS,Perus,Perus,masculino,2910,3199,2988,3216,3857,3901,3574,3188,3024,2754,2649,2197,1699,1226,829,881,42092,populacao_seade-sp_2000a2024,populacao_seade-sp_2000a2024_masculino_2022.csv
2022,Pinheiros,PINHEIROS,Pinheiros,Pinheiros,masculino,1102,1409,1435,1382,1379,1454,1842,2637,3071,2474,2132,2012,1879,1635,1340,2230,29413,populacao_seade-sp_2000a2024,populacao_seade-sp_2000a2024_masculino_2022.csv
2022,Pirituba/Jaraguá,PIRITUBA_JARAGUA,Pirituba,Pirituba,masculino,4523,5227,5272,5636,6459,6688,6678,6997,6939,5714,5445,5114,4519,3538,2528,3263,84540,populacao_seade-sp_2000a2024,populacao_seade-sp_2000a2024_masculino_2022.csv
2022,Ermelino Matarazzo,ERMELINO_MATARAZZO,Ponte Rasa,Ponte_Rasa,masculino,2173,2477,2533,2792,3323,3450,3380,3517,3329,2724,2654,2490,2273,1819,1307,1750,41991,populacao_seade-sp_2000a2024,populacao_seade-sp_2000a2024_masculino_2022.csv
2022,Butantã,BUTANTA,Raposo Tavares,Raposo_Tavares,masculino,3536,4054,3830,4084,4602,4606,4327,4451,4578,3842,3429,2801,2236,1778,1340,1530,55024,populacao_seade-sp_2000a2024,populacao_seade-sp_2000a2024_masculino_2022.csv
2022,Sé,SE,República,Republica,masculino,1295,1634,1381,1233,1280,1492,2360,3393,3470,2837,2533,2101,1697,1262,883,1134,29985,populacao_seade-sp_2000a2024,populacao_seade-sp_2000a2024_masculino_2022.csv
2022,Butantã,BUTANTA,Rio Pequeno,Rio_Pequeno,masculino,3959,4684,4046,4033,4568,4649,4840,5239,5171,4269,3993,3579,2989,2291,1658,2153,62121,populacao_seade-sp_2000a2024,populacao_seade-sp_2000a2024_masculino_2022.csv
2022,Ipiranga,IPIRANGA,Sacomã,Sacoma,masculino,6455,7351,7692,8429,9505,9943,10077,10665,10580,8741,8060,7161,6168,4752,3308,4305,123192,populacao_seade-sp_2000a2024,populacao_seade-sp_2000a2024_masculino_2022.csv
2022,Sé,SE,Santa Cecília,Santa_Cecilia,masculino,1693,2078,1903,1793,1930,2181,2818,3655,3741,3094,2819,2534,2188,1764,1356,1996,37543,populacao_seade-sp_2000a2024,populacao_seade-sp_2000a2024_masculino_2022.csv
2022,Santana/Tucuruvi,SANTANA_TUCURUVI,Santana,Santana,masculino,2357,2831,2616,2622,3074,3499,3822,4222,4203,3530,3431,3492,3406,2905,2238,3285,51533,populacao_seade-sp_2000a2024,populacao_seade-sp_2000a2024_masculino_2022.csv
2022,Santo Amaro,SANTO_AMARO,Santo Amaro,Santo_Amaro,masculino,1582,1934,1998,2149,2449,2580,2657,3033,3295,2991,2864,2812,2602,2164,1740,2887,39737,populacao_seade-sp_2000a2024,populacao_seade-sp_2000a2024_masculino_2022.csv
2022,Pirituba/Jaraguá,PIRITUBA_JARAGUA,São Domingos,Sao_Domingos,masculino,2149,2458,2574,2799,3177,3326,3348,3481,3397,2870,2798,2604,2235,1694,1269,1709,41888,populacao_seade-sp_2000a2024,populacao_seade-sp_2000a2024_masculino_2022.csv
2022,Vila Prudente,VILA_PRUDENTE,São Lucas,Sao_Lucas,masculino,3077,3491,3710,4140,4660,4931,5177,5524,5337,4461,4224,4167,3743,2893,2128,3216,64879,populacao_seade-sp_2000a2024,populacao_seade-sp_2000a2024_masculino_2022.csv
2022,São Mateus,SAO_MATEUS,São Mateus,Sao_Mateus,masculino,4308,4899,4804,5232,6206,6358,6101,6090,5790,4907,4622,4136,3562,2772,1991,2481,74259,populacao_seade-sp_2000a2024,populacao_seade-sp_2000a2024_masculino_2022.csv
2022,São Miguel,SAO_MIGUEL,São Miguel,Sao_Miguel,masculino,2561,2933,2576,2599,3116,3250,3123,3028,2746,2369,2341,2124,1807,1345,953,1317,38188,populacao_seade-sp_2000a2024,populacao_seade-sp_2000a2024_masculino_2022.csv
2022,São Mateus,SAO_MATEUS,São Rafael,Sao_Rafael,masculino,4272,4678,4980,5953,6834,6602,5819,5427,5377,4870,4625,3855,2964,2136,1472,1707,71571,populacao_seade-sp_2000a2024,populacao_seade-sp_2000a2024_masculino_2022.csv
2022,Sapopemba,SAPOPEMBA,Sapopemba,Sapopemba,masculino,7420,8343,8311,9190,10723,10955,10738,10519,9912,8325,7672,6862,5951,4636,3269,3782,126608,populacao_seade-sp_2000a2024,populacao_seade-sp_2000a2024_masculino_2022.csv
2022,Vila Mariana,VILA_MARIANA,Saúde,Saude,masculino,2312,2917,2906,2847,2996,3248,3938,5088,5677,4665,4251,4026,3861,3314,2529,3975,58550,populacao_seade-sp_2000a2024,populacao_seade-sp_2000a2024_masculino_2022.csv
2022,Sé,SE,Sé,Se,masculino,744,922,669,620,748,796,957,1123,1082,978,883,670,494,334,209,257,11486,populacao_seade-sp_2000a2024,populacao_seade-sp_2000a2024_masculino_2022.csv
2022,Capela do Socorro,CAPELA_DO_SOCORRO,Socorro,Socorro,masculino,818,975,938,1027,1170,1229,1317,1422,1414,1252,1181,1145,1072,875,690,1103,17628,populacao_seade-sp_2000a2024,populacao_seade-sp_2000a2024_masculino_2022.csv
2022,Mooca,MOOCA,Tatuapé,Tatuape,masculino,1897,2257,2213,2480,2940,3174,3321,3582,3688,3287,3288,3335,3028,2392,1754,2658,45294,populacao_seade-sp_2000a2024,populacao_seade-sp_2000a2024_masculino_2022.csv
2022,Jaçanã/Tremembé,JACANA_TREMEMBE,Tremembé,Tremembe,masculino,5846,6514,6228,6783,8006,8202,7651,7396,7166,6211,5850,5116,4253,3216,2241,2703,93382,populacao_seade-sp_2000a2024,populacao_seade-sp_2000a2024_masculino_2022.csv
2022,Santana/Tucuruvi,SANTANA_TUCURUVI,Tucuruvi,Tucuruvi,masculino,2020,2355,2380,2533,2911,3224,3611,3949,3893,3243,3029,2912,2793,2384,1777,2737,45751,populacao_seade-sp_2000a2024,populacao_seade-sp_2000a2024_masculino_2022.csv
2022,Campo Limpo,CAMPO_LIMPO,Vila Andrade,Vila_Andrade,masculino,4563,4963,5417,6387,7186,7035,7027,7091,6849,5996,5281,4304,3406,2324,1531,1749,81109,populacao_seade-sp_2000a2024,populacao_seade-sp_2000a2024_masculino_2022.csv
2022,Itaim Paulista,ITAIM_PAULISTA,Vila Curuçá,Vila_Curuca,masculino,4069,4446,4498,5153,6252,6389,5667,5413,5002,4323,4120,3513,2839,2099,1479,1807,67069,populacao_seade-sp_2000a2024,populacao_seade-sp_2000a2024_masculino_2022.csv
2022,Aricanduva/Formosa/Carrão,ARICANDUVA_FORMOSA_CARRAO,Vila Formosa,Vila_Formosa,masculino,1999,2269,2357,2589,3085,3352,3442,3535,3352,2834,2775,2810,2685,2157,1562,2322,43125,populacao_seade-sp_2000a2024,populacao_seade-sp_2000a2024_masculino_2022.csv
2022,Vila Maria/Vila Guilherme,VILA_MARIA_VILA_GUILHERME,Vila Guilherme,Vila_Guilherme,masculino,1335,1623,1495,1537,1676,1644,1753,2021,2075,1783,1624,1448,1336,1097,795,1196,24438,populacao_seade-sp_2000a2024,populacao_seade-sp_2000a2024_masculino_2022.csv
2022,São Miguel,SAO_MIGUEL,Vila Jacuí,Vila_Jacui,masculino,3514,3821,4205,4926,5777,5881,5588,5390,5029,4219,3956,3531,2946,2186,1440,1577,63986,populacao_seade-sp_2000a2024,populacao_seade-sp_2000a2024_masculino_2022.csv
2022,Lapa,LAPA,Vila Leopoldina,Vila_Leopoldina,masculino,955,1151,1279,1333,1426,1508,1720,2031,2279,2123,1838,1560,1280,944,666,941,23034,populacao_seade-sp_2000a2024,populacao_seade-sp_2000a2024_masculino_2022.csv
2022,Vila Maria/Vila Guilherme,VILA_MARIA_VILA_GUILHERME,Vila Maria,Vila_Maria,masculino,3116,3583,3353,3541,3985,4124,4278,4497,4227,3453,3125,2727,2358,1832,1265,1798,51262,populacao_seade-sp_2000a2024,populacao_seade-sp_2000a2024_masculino_2022.csv
2022,Vila Mariana,VILA_MARIANA,Vila Mariana,Vila_Mariana,masculino,2256,2779,2624,2609,2757,3089,4097,5519,5842,4517,3936,3838,3771,3354,2786,4165,57939,populacao_seade-sp_2000a2024,populacao_seade-sp_2000a2024_masculino_2022.csv
2022,Penha,PENHA,Vila Matilde,Vila_Matilde,masculino,2347,2700,2778,3037,3573,3882,3931,4037,3928,3283,3141,3024,2711,2160,1575,2303,48410,populacao_seade-sp_2000a2024,populacao_seade-sp_2000a2024_masculino_2022.csv
2022,Vila Maria/Vila Guilherme,VILA_MARIA_VILA_GUILHERME,Vila Medeiros,Vila_Medeiros,masculino,3014,3486,3390,3531,4027,4201,4350,4582,4283,3464,3186,3015,2753,2212,1619,2377,53490,populacao_seade-sp_2000a2024,populacao_seade-sp_2000a2024_masculino_2022.csv
2022,Vila Prudente,VILA_PRUDENTE,Vila Prudente,Vila_Prudente,masculino,2300,2661,2700,2845,3262,3561,3969,4358,4285,3455,3215,3183,2931,2348,1767,2562,49402,populacao_seade-sp_2000a2024,populacao_seade-sp_2000a2024_masculino_2022.csv
2022,Butantã,BUTANTA,Vila Sônia,Vila_Sonia,masculino,3213,3783,3667,3784,4227,4379,4524,4876,4956,4154,3782,3342,2914,2321,1745,2489,58156,populacao_seade-sp_2000a2024,populacao_seade-sp_2000a2024_masculino_2022.csv
2022,,NAO_IDENTIFICADO,Ignorado,Ignorado,masculino,-,-,-,-,-,-,-,-,-,-,-,-,-,-,-,-,-,populacao_seade-sp_2000a2024,populacao_seade-sp_2000a2024_masculino_2022.csv
2023,Mooca,MOOCA,Água Rasa,Agua_Rasa,masculino,1817,2171,2110,2145,2450,2659,2854,3185,3284,2848,2659,2541,2573,2118,1574,2466,39454,populacao_seade-sp_2000a2024,populacao_seade-sp_2000a2024_masculino_2023.csv
2023,Pinheiros,PINHEIROS,Alto de Pinheiros,Alto_de_Pinheiros,masculino,563,684,718,821,937,1047,1164,1211,1279,1198,1118,1164,1213,1062,908,1720,16807,populacao_seade-sp_2000a2024,populacao_seade-sp_2000a2024_masculino_2023.csv
2023,Perus,PERUS,Anhanguera,Anhanguera,masculino,2226,2362,2299,2794,3467,3607,3296,2990,2728,2437,2499,2177,1577,1035,616,508,36618,populacao_seade-sp_2000a2024,populacao_seade-sp_2000a2024_masculino_2023.csv
2023,Aricanduva/Formosa/Carrão,ARICANDUVA_FORMOSA_CARRAO,Aricanduva,Aricanduva,masculino,2076,2381,2374,2667,3144,3277,3263,3413,3323,2819,2797,2616,2334,1908,1418,2122,41932,populacao_seade-sp_2000a2024,populacao_seade-sp_2000a2024_masculino_2023.csv
2023,Penha,PENHA,Artur Alvim,Artur_Alvim,masculino,2199,2553,2557,2845,3295,3463,3458,3692,3813,3201,2834,2502,2271,1823,1410,1952,43868,populacao_seade-sp_2000a2024,populacao_seade-sp_2000a2024_masculino_2023.csv
2023,Lapa,LAPA,Barra Funda,Barra_Funda,masculino,804,978,911,866,936,994,1160,1363,1496,1282,1114,898,835,726,555,818,15736,populacao_seade-sp_2000a2024,populacao_seade-sp_2000a2024_masculino_2023.csv
2023,Sé,SE,Bela Vista,Bela_Vista,masculino,1195,1527,1351,1165,1184,1302,1940,3163,3487,2599,2090,1781,1553,1269,990,1443,28039,populacao_seade-sp_2000a2024,populacao_seade-sp_2000a2024_masculino_2023.csv
2023,Mooca,MOOCA,Belém,Belem,masculino,1644,2084,1868,1549,1556,1565,1877,2484,2595,2048,1730,1486,1370,1110,816,1122,26904,populacao_seade-sp_2000a2024,populacao_seade-sp_2000a2024_masculino_2023.csv
2023,Sé,SE,Bom Retiro,Bom_Retiro,masculino,950,1135,1060,1007,1087,1130,1308,1518,1491,1179,980,843,728,587,412,580,15995,populacao_seade-sp_2000a2024,populacao_seade-sp_2000a2024_masculino_2023.csv
2023,Mooca,MOOCA,Brás,Bras,masculino,1190,1462,1296,1092,1203,1287,1532,1838,1837,1476,1282,1051,891,681,480,571,19169,populacao_seade-sp_2000a2024,populacao_seade-sp_2000a2024_masculino_2023.csv
2023,Freguesia/Brasilândia,FREGUESIA_BRASILANDIA,Brasilândia,Brasilandia,masculino,7941,8839,8167,8527,10122,10114,9337,9073,8513,6974,6577,5704,4578,3412,2313,2619,112810,populacao_seade-sp_2000a2024,populacao_seade-sp_2000a2024_masculino_2023.csv
2023,Butantã,BUTANTA,Butantã,Butanta,masculino,983,1188,1176,1213,1300,1396,1788,2395,2427,1881,1632,1494,1411,1218,991,1629,24122,populacao_seade-sp_2000a2024,populacao_seade-sp_2000a2024_masculino_2023.csv
2023,Casa Verde/Cachoeirinha,CASA_VERDE_CACHOEIRINHA,Cachoeirinha,Cachoeirinha,masculino,4253,4868,4669,4949,5696,5729,5559,5557,5344,4366,3977,3566,3045,2337,1542,1833,67290,populacao_seade-sp_2000a2024,populacao_seade-sp_2000a2024_masculino_2023.csv
2023,Sé,SE,Cambuci,Cambuci,masculino,1077,1286,1296,1360,1409,1380,1454,1691,1888,1673,1512,1314,1146,916,674,1032,21108,populacao_seade-sp_2000a2024,populacao_seade-sp_2000a2024_masculino_2023.csv
2023,Santo Amaro,SANTO_AMARO,Campo Belo,Campo_Belo,masculino,1381,1709,1736,1774,1809,1824,2040,2480,2809,2562,2383,2231,2105,1832,1500,2560,32735,populacao_seade-sp_2000a2024,populacao_seade-sp_2000a2024_masculino_2023.csv
2023,Santo Amaro,SANTO_AMARO,Campo Grande,Campo_Grande,masculino,2429,2907,3047,3446,3760,3812,3793,4006,4463,4112,3976,3799,3401,2651,1887,2555,54044,populacao_seade-sp_2000a2024,populacao_seade-sp_2000a2024_masculino_2023.csv
2023,Campo Limpo,CAMPO_LIMPO,Campo Limpo,Campo_Limpo,masculino,6681,7557,7497,8331,9461,9549,9097,9424,9447,8069,7175,5824,4746,3678,2509,2757,111802,populacao_seade-sp_2000a2024,populacao_seade-sp_2000a2024_masculino_2023.csv
2023,Penha,PENHA,Cangaíba,Cangaiba,masculino,3810,4355,4154,4385,5202,5469,5434,5533,5218,4365,4145,3846,3395,2617,1828,2345,66101,populacao_seade-sp_2000a2024,populacao_seade-sp_2000a2024_masculino_2023.csv
2023,Campo Limpo,CAMPO_LIMPO,Capão Redondo,Capao_Redondo,masculino,8131,9109,8760,9544,11058,11181,10691,10705,10333,8554,7774,6385,5006,3837,2717,2865,126650,populacao_seade-sp_2000a2024,populacao_seade-sp_2000a2024_masculino_2023.csv
2023,Aricanduva/Formosa/Carrão,ARICANDUVA_FORMOSA_CARRAO,Carrão,Carrao,masculino,1689,2001,2024,2256,2625,2835,2971,3137,3182,2821,2722,2613,2491,2014,1525,2357,39263,populacao_seade-sp_2000a2024,populacao_seade-sp_2000a2024_masculino_2023.csv
2023,Casa Verde/Cachoeirinha,CASA_VERDE_CACHOEIRINHA,Casa Verde,Casa_Verde,masculino,1980,2329,2232,2283,2575,2627,2791,3141,3126,2571,2279,2157,2045,1676,1226,1775,36813,populacao_seade-sp_2000a2024,populacao_seade-sp_2000a2024_masculino_2023.csv
2023,Cidade Ademar,CIDADE_ADEMAR,Cidade Ademar,Cidade_Ademar,masculino,7217,8189,7770,8191,9468,9649,9604,9897,9573,7949,7127,6008,4872,3797,2785,3301,115397,populacao_seade-sp_2000a2024,populacao_seade-sp_2000a2024_masculino_2023.csv
2023,Capela do Socorro,CAPELA_DO_SOCORRO,Cidade Dutra,Cidade_Dutra,masculino,4924,5583,5402,5898,7015,7262,7027,7048,6784,5780,5420,4777,4007,3160,2318,2731,85136,populacao_seade-sp_2000a2024,populacao_seade-sp_2000a2024_masculino_2023.csv
2023,Itaquera,ITAQUERA,Cidade Líder,Cidade_Lider,masculino,3684,4159,4085,4555,5323,5537,5378,5427,5357,4524,4120,3589,3123,2509,1811,1991,65172,populacao_seade-sp_2000a2024,populacao_seade-sp_2000a2024_masculino_2023.csv
2023,Cidade Tiradentes,CIDADE_TIRADENTES,Cidade Tiradentes,Cidade_Tiradentes,masculino,6113,6532,6279,7418,9010,8855,7904,7326,6845,5555,5004,4161,3412,2597,1659,1437,90107,populacao_seade-sp_2000a2024,populacao_seade-sp_2000a2024_masculino_2023.csv
2023,Sé,SE,Consolação,Consolacao,masculino,858,1004,874,831,906,1126,1892,2905,2673,1957,1657,1559,1572,1304,1037,1813,23968,populacao_seade-sp_2000a2024,populacao_seade-sp_2000a2024_masculino_2023.csv
2023,Ipiranga,IPIRANGA,Cursino,Cursino,masculino,2225,2698,2736,2898,3096,3162,3390,3889,4084,3420,3163,3043,2895,2382,1740,2571,47392,populacao_seade-sp_2000a2024,populacao_seade-sp_2000a2024_masculino_2023.csv
2023,Ermelino Matarazzo,ERMELINO_MATARAZZO,Ermelino Matarazzo,Ermelino_Matarazzo,masculino,3070,3486,3436,3803,4393,4494,4340,4391,4218,3570,3424,3020,2500,1969,1432,1645,53191,populacao_seade-sp_2000a2024,populacao_seade-sp_2000a2024_masculino_2023.csv
2023,Freguesia/Brasilândia,FREGUESIA_BRASILANDIA,Freguesia do Ó,Freguesia_do_O,masculino,3319,3869,3698,3846,4592,4914,4934,5284,5286,4405,4035,3863,3688,2984,2092,2738,63547,populacao_seade-sp_2000a2024,populacao_seade-sp_2000a2024_masculino_2023.csv
2023,Capela do Socorro,CAPELA_DO_SOCORRO,Grajaú,Grajau,masculino,12270,13593,12957,14239,16900,16980,15618,14911,13978,11684,10980,9464,7472,5460,3635,3437,183578,populacao_seade-sp_2000a2024,populacao_seade-sp_2000a2024_masculino_2023.csv
2023,Guaianases,GUAIANASES,Guaianases,Guaianases,masculino,3465,3811,3610,3960,4677,4800,4502,4133,3925,3294,3033,2623,2140,1628,1125,1170,51896,populacao_seade-sp_2000a2024,populacao_seade-sp_2000a2024_masculino_2023.csv
2023,São Mateus,SAO_MATEUS,Iguatemi,Iguatemi,masculino,4978,5415,5137,5753,6796,6849,6193,5722,5300,4404,4287,3843,3037,2216,1454,1393,72777,populacao_seade-sp_2000a2024,populacao_seade-sp_2000a2024_masculino_2023.csv
2023,Ipiranga,IPIRANGA,Ipiranga,Ipiranga,masculino,2553,3079,3072,3285,3643,3753,3980,4493,4749,4041,3745,3418,3112,2528,1887,2760,54098,populacao_seade-sp_2000a2024,populacao_seade-sp_2000a2024_masculino_2023.csv
2023,Pinheiros,PINHEIROS,Itaim Bibi,Itaim_Bibi,masculino,1795,2397,2416,2259,2086,2132,2655,3758,4925,4443,3664,3080,2946,2601,2159,3472,46788,populacao_seade-sp_2000a2024,populacao_seade-sp_2000a2024_masculino_2023.csv
2023,Itaim Paulista,ITAIM_PAULISTA,Itaim Paulista,Itaim_Paulista,masculino,6175,6786,6500,7255,8798,9136,8434,7805,7180,5917,5594,5000,4132,3065,2064,2196,96037,populacao_seade-sp_2000a2024,populacao_seade-sp_2000a2024_masculino_2023.csv
2023,Itaquera,ITAQUERA,Itaquera,Itaquera,masculino,5922,6685,6494,7130,8446,8682,8154,7930,7714,6725,6414,5545,4573,3466,2454,2928,99262,populacao_seade-sp_2000a2024,populacao_seade-sp_2000a2024_masculino_2023.csv
2023,Jabaquara,JABAQUARA,Jabaquara,Jabaquara,masculino,5192,6094,6037,6448,7332,7580,7616,8272,8571,7213,6553,6043,5267,4093,2899,3942,99152,populacao_seade-sp_2000a2024,populacao_seade-sp_2000a2024_masculino_2023.csv
2023,Jaçanã/Tremembé,JACANA_TREMEMBE,Jaçanã,Jacana,masculino,2164,2434,2474,2914,3372,3435,3332,3434,3373,2789,2500,2200,1953,1562,1130,1469,40535,populacao_seade-sp_2000a2024,populacao_seade-sp_2000a2024_masculino_2023.csv
2023,Lapa,LAPA,Jaguara,Jaguara,masculino,549,648,636,678,766,786,865,1001,1023,849,763,706,678,578,451,648,11625,populacao_seade-sp_2000a2024,populacao_seade-sp_2000a2024_masculino_2023.csv
2023,Lapa,LAPA,Jaguaré,Jaguare,masculino,1380,1630,1653,1831,1983,1942,2041,2331,2443,2028,1768,1495,1228,929,682,993,26357,populacao_seade-sp_2000a2024,populacao_seade-sp_2000a2024_masculino_2023.csv
2023,Pirituba/Jaraguá,PIRITUBA_JARAGUA,Jaraguá,Jaragua,masculino,6384,7098,6800,7635,9192,9223,8396,8065,7833,6674,6217,5389,4442,3272,2143,2154,100917,populacao_seade-sp_2000a2024,populacao_seade-sp_2000a2024_masculino_2023.csv
2023,M'Boi Mirim,M_BOI_MIRIM,Jardim Ângela,Jardim_Angela,masculino,9875,11039,10855,12207,13879,13371,12170,11955,11633,9916,9221,7300,5497,4084,2758,2681,148441,populacao_seade-sp_2000a2024,populacao_seade-sp_2000a2024_masculino_2023.csv
2023,São Miguel,SAO_MIGUEL,Jardim Helena,Jardim_Helena,masculino,4257,4721,4400,4610,5435,5628,5192,4907,4594,3811,3607,3130,2471,1841,1286,1443,61333,populacao_seade-sp_2000a2024,populacao_seade-sp_2000a2024_masculino_2023.csv
2023,Pinheiros,PINHEIROS,Jardim Paulista,Jardim_Paulista,masculino,1352,1765,1694,1591,1545,1627,2137,3200,3892,3298,2805,2499,2353,2053,1782,3196,36789,populacao_seade-sp_2000a2024,populacao_seade-sp_2000a2024_masculino_2023.csv
2023,M'Boi Mirim,M_BOI_MIRIM,Jardim São Luís,Jardim_Sao_Luis,masculino,7414,8389,8084,8804,10395,10482,10148,10527,10246,8571,7702,6359,5140,3957,2709,2961,121888,populacao_seade-sp_2000a2024,populacao_seade-sp_2000a2024_masculino_2023.csv
2023,Itaquera,ITAQUERA,José Bonifácio,Jose_Bonifacio,masculino,3173,3591,3751,4579,5217,5115,4697,4890,5258,4454,3823,3131,2596,2173,1715,1752,59915,populacao_seade-sp_2000a2024,populacao_seade-sp_2000a2024_masculino_2023.csv
2023,Guaianases,GUAIANASES,Lajeado,Lajeado,masculino,5278,5776,5541,6072,7116,7424,6864,6350,5724,4821,4613,3863,3129,2358,1575,1633,78137,populacao_seade-sp_2000a2024,populacao_seade-sp_2000a2024_masculino_2023.csv
2023,Lapa,LAPA,Lapa,Lapa,masculino,1407,1747,1810,1928,1966,2020,2347,2826,3138,2730,2520,2425,2382,1967,1478,2475,35166,populacao_seade-sp_2000a2024,populacao_seade-sp_2000a2024_masculino_2023.csv
2023,Sé,SE,Liberdade,Liberdade,masculino,1309,1667,1600,1504,1563,1728,2216,2922,3173,2507,2161,1902,1716,1459,1145,1692,30264,populacao_seade-sp_2000a2024,populacao_seade-sp_2000a2024_masculino_2023.csv
2023,Casa Verde/Cachoeirinha,CASA_VERDE_CACHOEIRINHA,Limão,Limao,masculino,2246,2619,2445,2399,2733,2869,2984,3240,3107,2580,2367,2175,1947,1581,1160,1515,37967,populacao_seade-sp_2000a2024,populacao_seade-sp_2000a2024_masculino_2023.csv
2023,Santana/Tucuruvi,SANTANA_TUCURUVI,Mandaqui,Mandaqui,masculino,2305,2659,2615,2834,3349,3630,3755,3951,3881,3413,3386,3207,2863,2231,1583,2233,47895,populacao_seade-sp_2000a2024,populacao_seade-sp_2000a2024_masculino_2023.csv
2023,Parelheiros,PARELHEIROS,Marsilac,Marsilac,masculino,316,329,328,443,586,596,523,434,376,313,315,329,295,252,176,193,5804,populacao_seade-sp_2000a2024,populacao_seade-sp_2000a2024_masculino_2023.csv
2023,Vila Mariana,VILA_MARIANA,Moema,Moema,masculino,1305,1682,1774,1887,1878,1901,2137,2712,3391,3187,2910,2641,2582,2341,2018,3057,37403,populacao_seade-sp_2000a2024,populacao_seade-sp_2000a2024_masculino_2023.csv
2023,Mooca,MOOCA,Mooca,Mooca,masculino,1707,2052,2028,2069,2222,2389,2752,3128,3291,2888,2775,2624,2403,1978,1438,2191,37935,populacao_seade-sp_2000a2024,populacao_seade-sp_2000a2024_masculino_2023.csv
2023,Butantã,BUTANTA,Morumbi,Morumbi,masculino,1090,1301,1225,1218,1392,1415,1365,1440,1539,1377,1350,1286,1155,934,742,1199,20028,populacao_seade-sp_2000a2024,populacao_seade-sp_2000a2024_masculino_2023.csv
2023,Parelheiros,PARELHEIROS,Parelheiros,Parelheiros,masculino,5291,5762,5364,5880,7047,7053,6182,5600,5333,4620,4370,3730,2957,2192,1425,1391,74197,populacao_seade-sp_2000a2024,populacao_seade-sp_2000a2024_masculino_2023.csv
2023,Mooca,MOOCA,Pari,Pari,masculino,525,619,564,523,558,571,664,735,679,530,491,454,374,287,218,355,8147,populacao_seade-sp_2000a2024,populacao_seade-sp_2000a2024_masculino_2023.csv
2023,Itaquera,ITAQUERA,Parque do Carmo,Parque_do_Carmo,masculino,2082,2366,2348,2653,3075,3047,2948,2997,2882,2390,2301,1923,1570,1277,948,1062,35869,populacao_seade-sp_2000a2024,populacao_seade-sp_2000a2024_masculino_2023.csv
2023,Cidade Ademar,CIDADE_ADEMAR,Pedreira,Pedreira,masculino,4625,5082,5071,5917,6992,7283,6837,6577,6187,5234,4879,4198,3403,2567,1756,1830,78438,populacao_seade-sp_2000a2024,populacao_seade-sp_2000a2024_masculino_2023.csv
2023,Penha,PENHA,Penha,Penha,masculino,2996,3485,3416,3667,4260,4501,4759,5168,5118,4237,4069,3877,3579,2876,2165,3218,61391,populacao_seade-sp_2000a2024,populacao_seade-sp_2000a2024_masculino_2023.csv
2023,Lapa,LAPA,Perdizes,Perdizes,masculino,1699,2124,2158,2359,2458,2506,3081,4007,4476,3802,3290,3103,3056,2783,2258,3282,46442,populacao_seade-sp_2000a2024,populacao_seade-sp_2000a2024_masculino_2023.csv
2023,Perus,PERUS,Perus,Perus,masculino,2877,3179,2950,3138,3778,3877,3600,3305,3006,2708,2654,2275,1771,1284,864,922,42188,populacao_seade-sp_2000a2024,populacao_seade-sp_2000a2024_masculino_2023.csv
2023,Pinheiros,PINHEIROS,Pinheiros,Pinheiros,masculino,1055,1386,1411,1426,1396,1400,1720,2501,3092,2569,2187,2015,1931,1670,1378,2283,29420,populacao_seade-sp_2000a2024,populacao_seade-sp_2000a2024_masculino_2023.csv
2023,Pirituba/Jaraguá,PIRITUBA_JARAGUA,Pirituba,Pirituba,masculino,4461,5172,5141,5611,6386,6603,6619,7017,7028,5805,5416,5170,4639,3690,2631,3372,84761,populacao_seade-sp_2000a2024,populacao_seade-sp_2000a2024_masculino_2023.csv
2023,Ermelino Matarazzo,ERMELINO_MATARAZZO,Ponte Rasa,Ponte_Rasa,masculino,2127,2429,2429,2730,3220,3380,3323,3490,3388,2713,2605,2491,2280,1876,1340,1778,41599,populacao_seade-sp_2000a2024,populacao_seade-sp_2000a2024_masculino_2023.csv
2023,Butantã,BUTANTA,Raposo Tavares,Raposo_Tavares,masculino,3504,4018,3825,4015,4628,4562,4382,4440,4611,3904,3500,2928,2333,1833,1389,1618,55490,populacao_seade-sp_2000a2024,populacao_seade-sp_2000a2024_masculino_2023.csv
2023,Sé,SE,República,Republica,masculino,1244,1603,1446,1253,1291,1394,2086,3318,3556,2882,2586,2181,1769,1329,922,1172,30032,populacao_seade-sp_2000a2024,populacao_seade-sp_2000a2024_masculino_2023.csv
2023,Butantã,BUTANTA,Rio Pequeno,Rio_Pequeno,masculino,3875,4606,4166,3950,4570,4565,4735,5230,5255,4320,4001,3652,3104,2386,1721,2228,62364,populacao_seade-sp_2000a2024,populacao_seade-sp_2000a2024_masculino_2023.csv
2023,Ipiranga,IPIRANGA,Sacomã,Sacoma,masculino,6370,7264,7376,8379,9434,9734,9963,10634,10710,8836,8101,7292,6331,4969,3463,4438,123294,populacao_seade-sp_2000a2024,populacao_seade-sp_2000a2024_masculino_2023.csv
2023,Sé,SE,Santa Cecília,Santa_Cecilia,masculino,1626,2042,1919,1817,1913,2067,2617,3553,3820,3117,2856,2561,2260,1811,1391,2038,37408,populacao_seade-sp_2000a2024,populacao_seade-sp_2000a2024_masculino_2023.csv
2023,Santana/Tucuruvi,SANTANA_TUCURUVI,Santana,Santana,masculino,2286,2785,2630,2604,3008,3356,3732,4184,4277,3543,3410,3431,3443,2971,2301,3354,51315,populacao_seade-sp_2000a2024,populacao_seade-sp_2000a2024_masculino_2023.csv
2023,Santo Amaro,SANTO_AMARO,Santo Amaro,Santo_Amaro,masculino,1565,1922,1979,2174,2459,2555,2662,3016,3343,3017,2942,2822,2723,2252,1803,2983,40217,populacao_seade-sp_2000a2024,populacao_seade-sp_2000a2024_masculino_2023.csv
2023,Pirituba/Jaraguá,PIRITUBA_JARAGUA,São Domingos,Sao_Domingos,masculino,2124,2429,2474,2792,3141,3265,3315,3493,3449,2879,2777,2636,2307,1773,1293,1764,41911,populacao_seade-sp_2000a2024,populacao_seade-sp_2000a2024_masculino_2023.csv
2023,Vila Prudente,VILA_PRUDENTE,São Lucas,Sao_Lucas,masculino,3020,3446,3520,4092,4608,4782,5050,5504,5413,4453,4213,4089,3857,2991,2185,3247,64470,populacao_seade-sp_2000a2024,populacao_seade-sp_2000a2024_masculino_2023.csv
2023,São Mateus,SAO_MATEUS,São Mateus,Sao_Mateus,masculino,4234,4821,4686,5107,6063,6263,6056,6124,5862,4875,4627,4176,3641,2866,2052,2554,74007,populacao_seade-sp_2000a2024,populacao_seade-sp_2000a2024_masculino_2023.csv
2023,São Miguel,SAO_MIGUEL,São Miguel,Sao_Miguel,masculino,2469,2844,2570,2494,2984,3135,3056,3024,2763,2286,2287,2110,1823,1383,960,1312,37500,populacao_seade-sp_2000a2024,populacao_seade-sp_2000a2024_masculino_2023.csv
2023,São Mateus,SAO_MATEUS,São Rafael,Sao_Rafael,masculino,4227,4645,4700,5764,6748,6528,5904,5500,5345,4796,4649,3978,3105,2232,1530,1772,71423,populacao_seade-sp_2000a2024,populacao_seade-sp_2000a2024_masculino_2023.csv
2023,Sapopemba,SAPOPEMBA,Sapopemba,Sapopemba,masculino,7244,8167,7985,8899,10447,10674,10516,10592,9919,8251,7642,6858,6034,4754,3363,3895,125240,populacao_seade-sp_2000a2024,populacao_seade-sp_2000a2024_masculino_2023.csv
2023,Vila Mariana,VILA_MARIANA,Saúde,Saude,masculino,2220,2852,2871,2894,2989,3108,3717,4918,5676,4794,4275,4046,3894,3416,2623,4060,58353,populacao_seade-sp_2000a2024,populacao_seade-sp_2000a2024_masculino_2023.csv
2023,Sé,SE,Sé,Se,masculino,713,887,723,589,736,768,886,1108,1092,941,903,694,516,351,218,259,11384,populacao_seade-sp_2000a2024,populacao_seade-sp_2000a2024_masculino_2023.csv
2023,Capela do Socorro,CAPELA_DO_SOCORRO,Socorro,Socorro,masculino,799,957,932,999,1174,1191,1287,1421,1429,1239,1196,1128,1097,900,700,1116,17565,populacao_seade-sp_2000a2024,populacao_seade-sp_2000a2024_masculino_2023.csv
2023,Mooca,MOOCA,Tatuapé,Tatuape,masculino,1864,2242,2201,2435,2934,3095,3300,3598,3735,3298,3293,3318,3157,2499,1837,2724,45530,populacao_seade-sp_2000a2024,populacao_seade-sp_2000a2024_masculino_2023.csv
2023,Jaçanã/Tremembé,JACANA_TREMEMBE,Tremembé,Tremembe,masculino,5738,6439,6092,6604,7808,8015,7657,7449,7176,6150,5847,5187,4368,3330,2319,2782,92961,populacao_seade-sp_2000a2024,populacao_seade-sp_2000a2024_masculino_2023.csv
2023,Santana/Tucuruvi,SANTANA_TUCURUVI,Tucuruvi,Tucuruvi,masculino,1986,2328,2322,2527,2876,3120,3495,3970,3953,3283,3045,2905,2822,2450,1850,2778,45710,populacao_seade-sp_2000a2024,populacao_seade-sp_2000a2024_masculino_2023.csv
2023,Campo Limpo,CAMPO_LIMPO,Vila Andrade,Vila_Andrade,masculino,4589,5015,5159,6401,7295,7088,7004,7310,6994,6044,5524,4495,3623,2536,1633,1874,82584,populacao_seade-sp_2000a2024,populacao_seade-sp_2000a2024_masculino_2023.csv
2023,Itaim Paulista,ITAIM_PAULISTA,Vila Curuçá,Vila_Curuca,masculino,3988,4380,4280,4963,6036,6265,5715,5387,5075,4199,4111,3561,2916,2169,1513,1849,66407,populacao_seade-sp_2000a2024,populacao_seade-sp_2000a2024_masculino_2023.csv
2023,Aricanduva/Formosa/Carrão,ARICANDUVA_FORMOSA_CARRAO,Vila Formosa,Vila_Formosa,masculino,1964,2243,2259,2565,3001,3269,3382,3563,3411,2824,2750,2755,2722,2233,1616,2350,42907,populacao_seade-sp_2000a2024,populacao_seade-sp_2000a2024_masculino_2023.csv
2023,Vila Maria/Vila Guilherme,VILA_MARIA_VILA_GUILHERME,Vila Guilherme,Vila_Guilherme,masculino,1296,1581,1503,1503,1677,1605,1686,1984,2089,1777,1646,1455,1343,1130,821,1205,24301,populacao_seade-sp_2000a2024,populacao_seade-sp_2000a2024_masculino_2023.csv
2023,São Miguel,SAO_MIGUEL,Vila Jacuí,Vila_Jacui,masculino,3453,3779,3893,4815,5607,5776,5524,5441,5060,4184,3935,3553,3028,2272,1514,1639,63473,populacao_seade-sp_2000a2024,populacao_seade-sp_2000a2024_masculino_2023.csv
2023,Lapa,LAPA,Vila Leopoldina,Vila_Leopoldina,masculino,941,1135,1228,1376,1433,1480,1659,2021,2259,2130,1931,1597,1360,1001,704,977,23232,populacao_seade-sp_2000a2024,populacao_seade-sp_2000a2024_masculino_2023.csv
2023,Vila Maria/Vila Guilherme,VILA_MARIA_VILA_GUILHERME,Vila Maria,Vila_Maria,masculino,3042,3505,3311,3435,3948,3979,4161,4473,4296,3437,3141,2747,2394,1890,1313,1807,50879,populacao_seade-sp_2000a2024,populacao_seade-sp_2000a2024_masculino_2023.csv
2023,Vila Mariana,VILA_MARIANA,Vila Mariana,Vila_Mariana,masculino,2163,2746,2621,2621,2772,2916,3794,5333,5956,4683,4000,3800,3817,3416,2838,4307,57783,populacao_seade-sp_2000a2024,populacao_seade-sp_2000a2024_masculino_2023.csv
2023,Penha,PENHA,Vila Matilde,Vila_Matilde,masculino,2303,2657,2674,2998,3493,3769,3887,4046,3965,3293,3116,3005,2772,2221,1627,2326,48152,populacao_seade-sp_2000a2024,populacao_seade-sp_2000a2024_masculino_2023.csv
2023,Vila Maria/Vila Guilherme,VILA_MARIA_VILA_GUILHERME,Vila Medeiros,Vila_Medeiros,masculino,2919,3392,3289,3452,3914,4056,4194,4540,4334,3438,3161,2954,2771,2251,1650,2373,52688,populacao_seade-sp_2000a2024,populacao_seade-sp_2000a2024_masculino_2023.csv
2023,Vila Prudente,VILA_PRUDENTE,Vila Prudente,Vila_Prudente,masculino,2264,2628,2628,2849,3214,3464,3829,4373,4345,3529,3207,3149,3006,2429,1817,2615,49346,populacao_seade-sp_2000a2024,populacao_seade-sp_2000a2024_masculino_2023.csv
2023,Butantã,BUTANTA,Vila Sônia,Vila_Sonia,masculino,3162,3746,3646,3793,4210,4297,4464,4890,5017,4230,3848,3425,3006,2425,1805,2574,58538,populacao_seade-sp_2000a2024,populacao_seade-sp_2000a2024_masculino_2023.csv
2023,,NAO_IDENTIFICADO,Ignorado,Ignorado,masculino,-,-,-,-,-,-,-,-,-,-,-,-,-,-,-,-,-,populacao_seade-sp_2000a2024,populacao_seade-sp_2000a2024_masculino_2023.csv
2024,Mooca,MOOCA,Água Rasa,Agua_Rasa,masculino,1776,2128,2098,2138,2399,2585,2782,3172,3291,2845,2698,2477,2613,2192,1615,2485,39294,populacao_seade-sp_2000a2024,populacao_seade-sp_2000a2024_masculino_2024.csv
2024,Pinheiros,PINHEIROS,Alto de Pinheiros,Alto_de_Pinheiros,masculino,543,665,680,809,914,987,1141,1213,1230,1205,1105,1116,1233,1063,922,1730,16556,populacao_seade-sp_2000a2024,populacao_seade-sp_2000a2024_masculino_2024.csv
2024,Perus,PERUS,Anhanguera,Anhanguera,masculino,2217,2377,2189,2729,3384,3589,3350,3092,2738,2389,2475,2288,1679,1112,662,554,36824,populacao_seade-sp_2000a2024,populacao_seade-sp_2000a2024_masculino_2024.csv
2024,Aricanduva/Formosa/Carrão,ARICANDUVA_FORMOSA_CARRAO,Aricanduva,Aricanduva,masculino,2042,2345,2294,2616,3078,3222,3214,3424,3366,2788,2771,2654,2363,1980,1440,2156,41753,populacao_seade-sp_2000a2024,populacao_seade-sp_2000a2024_masculino_2024.csv
2024,Penha,PENHA,Artur Alvim,Artur_Alvim,masculino,2136,2492,2442,2779,3189,3364,3383,3619,3792,3191,2867,2466,2319,1838,1427,1974,43278,populacao_seade-sp_2000a2024,populacao_seade-sp_2000a2024_masculino_2024.csv
2024,Lapa,LAPA,Barra Funda,Barra_Funda,masculino,815,996,973,917,996,990,1180,1385,1566,1341,1211,952,868,780,589,870,16429,populacao_seade-sp_2000a2024,populacao_seade-sp_2000a2024_masculino_2024.csv
2024,Sé,SE,Bela Vista,Bela_Vista,masculino,1121,1482,1378,1167,1162,1189,1682,2991,3526,2674,2115,1788,1579,1281,1005,1460,27600,populacao_seade-sp_2000a2024,populacao_seade-sp_2000a2024_masculino_2024.csv
2024,Mooca,MOOCA,Belém,Belem,masculino,1607,2055,1984,1596,1578,1521,1770,2463,2687,2115,1812,1498,1426,1149,865,1150,27276,populacao_seade-sp_2000a2024,populacao_seade-sp_2000a2024_masculino_2024.csv
2024,Sé,SE,Bom Retiro,Bom_Retiro,masculino,920,1104,1067,1001,1078,1074,1239,1520,1494,1213,988,858,736,606,429,583,15910,populacao_seade-sp_2000a2024,populacao_seade-sp_2000a2024_masculino_2024.csv
2024,Mooca,MOOCA,Brás,Bras,masculino,1177,1436,1384,1105,1215,1243,1480,1848,1899,1510,1334,1091,922,724,494,604,19466,populacao_seade-sp_2000a2024,populacao_seade-sp_2000a2024_masculino_2024.csv
2024,Freguesia/Brasilândia,FREGUESIA_BRASILANDIA,Brasilândia,Brasilandia,masculino,7699,8605,7959,8154,9768,9886,9195,9004,8496,6821,6456,5775,4634,3505,2351,2669,110977,populacao_seade-sp_2000a2024,populacao_seade-sp_2000a2024_masculino_2024.csv
2024,Butantã,BUTANTA,Butantã,Butanta,masculino,946,1160,1149,1214,1291,1320,1640,2353,2474,1919,1646,1485,1427,1233,1002,1640,23899,populacao_seade-sp_2000a2024,populacao_seade-sp_2000a2024_masculino_2024.csv
2024,Casa Verde/Cachoeirinha,CASA_VERDE_CACHOEIRINHA,Cachoeirinha,Cachoeirinha,masculino,4149,4763,4561,4819,5590,5592,5499,5558,5356,4383,3938,3615,3078,2448,1595,1880,66824,populacao_seade-sp_2000a2024,populacao_seade-sp_2000a2024_masculino_2024.csv
2024,Sé,SE,Cambuci,Cambuci,masculino,1069,1280,1283,1393,1438,1366,1436,1678,1903,1708,1561,1354,1193,960,705,1056,21383,populacao_seade-sp_2000a2024,populacao_seade-sp_2000a2024_masculino_2024.csv
2024,Santo Amaro,SANTO_AMARO,Campo Belo,Campo_Belo,masculino,1350,1683,1711,1820,1833,1782,1971,2445,2785,2600,2422,2248,2164,1871,1549,2602,32836,populacao_seade-sp_2000a2024,populacao_seade-sp_2000a2024_masculino_2024.csv
2024,Santo Amaro,SANTO_AMARO,Campo Grande,Campo_Grande,masculino,2396,2875,2945,3475,3756,3752,3826,3984,4425,4161,3992,3861,3541,2799,1984,2654,54426,populacao_seade-sp_2000a2024,populacao_seade-sp_2000a2024_masculino_2024.csv
2024,Campo Limpo,CAMPO_LIMPO,Campo Limpo,Campo_Limpo,masculino,6592,7490,7231,8286,9314,9535,9024,9462,9463,8116,7351,6043,4861,3856,2619,2896,112139,populacao_seade-sp_2000a2024,populacao_seade-sp_2000a2024_masculino_2024.csv
2024,Penha,PENHA,Cangaíba,Cangaiba,masculino,3743,4292,4093,4294,5070,5369,5359,5607,5269,4356,4128,3868,3481,2731,1885,2405,65950,populacao_seade-sp_2000a2024,populacao_seade-sp_2000a2024_masculino_2024.csv
2024,Campo Limpo,CAMPO_LIMPO,Capão Redondo,Capao_Redondo,masculino,7951,8957,8467,9306,10820,10978,10581,10687,10365,8495,7816,6593,5126,3938,2796,3000,125876,populacao_seade-sp_2000a2024,populacao_seade-sp_2000a2024_masculino_2024.csv
2024,Aricanduva/Formosa/Carrão,ARICANDUVA_FORMOSA_CARRAO,Carrão,Carrao,masculino,1654,1971,1963,2233,2560,2745,2933,3158,3178,2813,2736,2588,2554,2084,1559,2392,39121,populacao_seade-sp_2000a2024,populacao_seade-sp_2000a2024_masculino_2024.csv
2024,Casa Verde/Cachoeirinha,CASA_VERDE_CACHOEIRINHA,Casa Verde,Casa_Verde,masculino,1919,2269,2199,2241,2531,2552,2665,3130,3106,2602,2262,2122,2057,1717,1252,1782,36406,populacao_seade-sp_2000a2024,populacao_seade-sp_2000a2024_masculino_2024.csv
2024,Cidade Ademar,CIDADE_ADEMAR,Cidade Ademar,Cidade_Ademar,masculino,7002,7980,7551,7934,9217,9353,9343,9849,9500,7898,7107,6112,4944,3862,2814,3392,113858,populacao_seade-sp_2000a2024,populacao_seade-sp_2000a2024_masculino_2024.csv
2024,Capela do Socorro,CAPELA_DO_SOCORRO,Cidade Dutra,Cidade_Dutra,masculino,4788,5449,5212,5700,6782,7084,6898,7045,6731,5707,5371,4834,4064,3226,2354,2822,84067,populacao_seade-sp_2000a2024,populacao_seade-sp_2000a2024_masculino_2024.csv
2024,Itaquera,ITAQUERA,Cidade Líder,Cidade_Lider,masculino,3633,4124,3958,4493,5234,5465,5376,5451,5389,4544,4172,3648,3189,2588,1880,2091,65235,populacao_seade-sp_2000a2024,populacao_seade-sp_2000a2024_masculino_2024.csv
2024,Cidade Tiradentes,CIDADE_TIRADENTES,Cidade Tiradentes,Cidade_Tiradentes,masculino,5976,6424,5920,7036,8764,8685,7913,7288,6838,5462,4995,4203,3435,2663,1745,1514,88861,populacao_seade-sp_2000a2024,populacao_seade-sp_2000a2024_masculino_2024.csv
2024,Sé,SE,Consolação,Consolacao,masculino,829,1008,876,836,879,1009,1637,2920,2777,2009,1686,1517,1598,1346,1035,1831,23793,populacao_seade-sp_2000a2024,populacao_seade-sp_2000a2024_masculino_2024.csv
2024,Ipiranga,IPIRANGA,Cursino,Cursino,masculino,2154,2624,2646,2890,3044,3045,3266,3818,4079,3443,3139,3013,2918,2465,1780,2601,46925,populacao_seade-sp_2000a2024,populacao_seade-sp_2000a2024_masculino_2024.csv
2024,Ermelino Matarazzo,ERMELINO_MATARAZZO,Ermelino Matarazzo,Ermelino_Matarazzo,masculino,3006,3426,3305,3727,4287,4417,4287,4403,4235,3524,3405,3083,2557,2016,1475,1707,52860,populacao_seade-sp_2000a2024,populacao_seade-sp_2000a2024_masculino_2024.csv
2024,Freguesia/Brasilândia,FREGUESIA_BRASILANDIA,Freguesia do Ó,Freguesia_do_O,masculino,3233,3787,3643,3762,4430,4814,4811,5262,5280,4432,4003,3808,3710,3095,2152,2787,63009,populacao_seade-sp_2000a2024,populacao_seade-sp_2000a2024_masculino_2024.csv
2024,Capela do Socorro,CAPELA_DO_SOCORRO,Grajaú,Grajau,masculino,12079,13427,12595,13824,16514,16832,15645,15079,14085,11591,10948,9717,7741,5656,3789,3645,183167,populacao_seade-sp_2000a2024,populacao_seade-sp_2000a2024_masculino_2024.csv
2024,Guaianases,GUAIANASES,Guaianases,Guaianases,masculino,3416,3775,3513,3844,4591,4677,4575,4177,3931,3286,3036,2682,2199,1680,1169,1224,51775,populacao_seade-sp_2000a2024,populacao_seade-sp_2000a2024_masculino_2024.csv
2024,São Mateus,SAO_MATEUS,Iguatemi,Iguatemi,masculino,4959,5435,5012,5658,6689,6816,6331,5851,5409,4399,4265,3981,3177,2325,1548,1482,73337,populacao_seade-sp_2000a2024,populacao_seade-sp_2000a2024_masculino_2024.csv
2024,Ipiranga,IPIRANGA,Ipiranga,Ipiranga,masculino,2504,3040,3026,3291,3632,3663,3915,4455,4815,4083,3812,3448,3214,2615,1966,2820,54299,populacao_seade-sp_2000a2024,populacao_seade-sp_2000a2024_masculino_2024.csv
2024,Pinheiros,PINHEIROS,Itaim Bibi,Itaim_Bibi,masculino,1721,2351,2419,2386,2130,2037,2515,3560,4856,4599,3874,3111,3020,2669,2224,3594,47066,populacao_seade-sp_2000a2024,populacao_seade-sp_2000a2024_masculino_2024.csv
2024,Itaim Paulista,ITAIM_PAULISTA,Itaim Paulista,Itaim_Paulista,masculino,6015,6634,6217,6940,8444,8873,8412,7828,7165,5811,5490,5023,4205,3158,2115,2268,94598,populacao_seade-sp_2000a2024,populacao_seade-sp_2000a2024_masculino_2024.csv
2024,Itaquera,ITAQUERA,Itaquera,Itaquera,masculino,5824,6588,6313,6959,8250,8563,8175,7985,7711,6636,6447,5664,4708,3593,2519,3027,98962,populacao_seade-sp_2000a2024,populacao_seade-sp_2000a2024_masculino_2024.csv
2024,Jabaquara,JABAQUARA,Jabaquara,Jabaquara,masculino,5047,5940,5851,6353,7154,7413,7424,8152,8505,7260,6501,6053,5399,4202,3013,3977,98244,populacao_seade-sp_2000a2024,populacao_seade-sp_2000a2024_masculino_2024.csv
2024,Jaçanã/Tremembé,JACANA_TREMEMBE,Jaçanã,Jacana,masculino,2111,2386,2324,2838,3280,3363,3269,3405,3363,2782,2503,2197,1967,1602,1146,1492,40028,populacao_seade-sp_2000a2024,populacao_seade-sp_2000a2024_masculino_2024.csv
2024,Lapa,LAPA,Jaguara,Jaguara,masculino,535,637,626,667,765,762,833,995,1026,858,772,700,686,590,458,662,11572,populacao_seade-sp_2000a2024,populacao_seade-sp_2000a2024_masculino_2024.csv
2024,Lapa,LAPA,Jaguaré,Jaguare,masculino,1354,1609,1602,1826,1990,1899,1987,2309,2467,2070,1814,1537,1289,966,709,1016,26444,populacao_seade-sp_2000a2024,populacao_seade-sp_2000a2024_masculino_2024.csv
2024,Pirituba/Jaraguá,PIRITUBA_JARAGUA,Jaraguá,Jaragua,masculino,6337,7084,6651,7443,9020,9190,8509,8172,7900,6687,6284,5532,4604,3456,2254,2281,101404,populacao_seade-sp_2000a2024,populacao_seade-sp_2000a2024_masculino_2024.csv
2024,M'Boi Mirim,M_BOI_MIRIM,Jardim Ângela,Jardim_Angela,masculino,9717,10886,10430,11923,13632,13250,12164,11964,11690,9781,9356,7646,5678,4241,2880,2843,148081,populacao_seade-sp_2000a2024,populacao_seade-sp_2000a2024_masculino_2024.csv
2024,São Miguel,SAO_MIGUEL,Jardim Helena,Jardim_Helena,masculino,4151,4633,4286,4469,5230,5504,5183,4918,4596,3750,3557,3198,2530,1890,1313,1485,60693,populacao_seade-sp_2000a2024,populacao_seade-sp_2000a2024_masculino_2024.csv
2024,Pinheiros,PINHEIROS,Jardim Paulista,Jardim_Paulista,masculino,1279,1731,1685,1642,1541,1538,1945,3034,3858,3388,2866,2507,2386,2096,1764,3269,36529,populacao_seade-sp_2000a2024,populacao_seade-sp_2000a2024_masculino_2024.csv
2024,M'Boi Mirim,M_BOI_MIRIM,Jardim São Luís,Jardim_Sao_Luis,masculino,7226,8204,7821,8523,10132,10310,9901,10497,10205,8517,7745,6516,5218,4088,2798,3072,120773,populacao_seade-sp_2000a2024,populacao_seade-sp_2000a2024_masculino_2024.csv
2024,Itaquera,ITAQUERA,José Bonifácio,Jose_Bonifacio,masculino,3131,3563,3527,4519,5134,5102,4711,4814,5245,4533,3918,3231,2661,2192,1764,1879,59924,populacao_seade-sp_2000a2024,populacao_seade-sp_2000a2024_masculino_2024.csv
2024,Guaianases,GUAIANASES,Lajeado,Lajeado,masculino,5190,5696,5329,5931,6867,7285,6879,6455,5769,4706,4631,3953,3191,2452,1632,1707,77673,populacao_seade-sp_2000a2024,populacao_seade-sp_2000a2024_masculino_2024.csv
2024,Lapa,LAPA,Lapa,Lapa,masculino,1384,1733,1779,1982,2004,1948,2291,2802,3167,2795,2579,2426,2461,2070,1540,2527,35488,populacao_seade-sp_2000a2024,populacao_seade-sp_2000a2024_masculino_2024.csv
2024,Sé,SE,Liberdade,Liberdade,masculino,1250,1619,1602,1519,1538,1605,2067,2818,3212,2562,2182,1928,1728,1500,1155,1737,30022,populacao_seade-sp_2000a2024,populacao_seade-sp_2000a2024_masculino_2024.csv
2024,Casa Verde/Cachoeirinha,CASA_VERDE_CACHOEIRINHA,Limão,Limao,masculino,2202,2570,2451,2376,2670,2807,2887,3267,3124,2597,2361,2190,1975,1628,1184,1550,37839,populacao_seade-sp_2000a2024,populacao_seade-sp_2000a2024_masculino_2024.csv
2024,Santana/Tucuruvi,SANTANA_TUCURUVI,Mandaqui,Mandaqui,masculino,2259,2608,2540,2783,3249,3527,3674,3966,3874,3361,3346,3213,2920,2323,1623,2263,47529,populacao_seade-sp_2000a2024,populacao_seade-sp_2000a2024_masculino_2024.csv
2024,Parelheiros,PARELHEIROS,Marsilac,Marsilac,masculino,325,338,309,428,581,615,550,465,384,321,304,339,300,263,186,206,5914,populacao_seade-sp_2000a2024,populacao_seade-sp_2000a2024_masculino_2024.csv
2024,Vila Mariana,VILA_MARIANA,Moema,Moema,masculino,1245,1642,1707,1941,1889,1834,2057,2590,3308,3208,2985,2636,2619,2371,2053,3197,37282,populacao_seade-sp_2000a2024,populacao_seade-sp_2000a2024_masculino_2024.csv
2024,Mooca,MOOCA,Mooca,Mooca,masculino,1673,2019,2014,2095,2218,2279,2684,3121,3300,2904,2784,2649,2463,2049,1514,2216,37982,populacao_seade-sp_2000a2024,populacao_seade-sp_2000a2024_masculino_2024.csv
2024,Butantã,BUTANTA,Morumbi,Morumbi,masculino,1047,1259,1210,1191,1349,1375,1342,1400,1513,1349,1324,1275,1175,947,741,1210,19707,populacao_seade-sp_2000a2024,populacao_seade-sp_2000a2024_masculino_2024.csv
2024,Parelheiros,PARELHEIROS,Parelheiros,Parelheiros,masculino,5254,5770,5267,5735,6890,7035,6338,5713,5349,4604,4392,3870,3057,2307,1505,1474,74560,populacao_seade-sp_2000a2024,populacao_seade-sp_2000a2024_masculino_2024.csv
2024,Mooca,MOOCA,Pari,Pari,masculino,515,607,576,521,558,541,637,746,695,539,481,467,383,301,214,357,8138,populacao_seade-sp_2000a2024,populacao_seade-sp_2000a2024_masculino_2024.csv
2024,Itaquera,ITAQUERA,Parque do Carmo,Parque_do_Carmo,masculino,2051,2334,2272,2594,3063,3009,2941,3002,2952,2357,2329,2002,1598,1317,973,1122,35916,populacao_seade-sp_2000a2024,populacao_seade-sp_2000a2024_masculino_2024.csv
2024,Cidade Ademar,CIDADE_ADEMAR,Pedreira,Pedreira,masculino,4595,5070,4840,5854,6845,7257,6884,6723,6244,5251,4921,4350,3521,2706,1831,1955,78847,populacao_seade-sp_2000a2024,populacao_seade-sp_2000a2024_masculino_2024.csv
2024,Penha,PENHA,Penha,Penha,masculino,2952,3436,3361,3622,4217,4384,4681,5161,5225,4242,4067,3876,3666,2983,2204,3279,61356,populacao_seade-sp_2000a2024,populacao_seade-sp_2000a2024_masculino_2024.csv
2024,Lapa,LAPA,Perdizes,Perdizes,masculino,1627,2080,2076,2357,2466,2369,2871,3907,4411,3909,3297,3086,3042,2825,2295,3384,46002,populacao_seade-sp_2000a2024,populacao_seade-sp_2000a2024_masculino_2024.csv
2024,Perus,PERUS,Perus,Perus,masculino,2840,3156,2908,3061,3697,3848,3620,3423,2987,2661,2657,2352,1845,1343,899,967,42264,populacao_seade-sp_2000a2024,populacao_seade-sp_2000a2024_masculino_2024.csv
2024,Pinheiros,PINHEIROS,Pinheiros,Pinheiros,masculino,1006,1362,1386,1469,1410,1346,1602,2367,3099,2663,2239,2013,1984,1703,1414,2333,29396,populacao_seade-sp_2000a2024,populacao_seade-sp_2000a2024_masculino_2024.csv
2024,Pirituba/Jaraguá,PIRITUBA_JARAGUA,Pirituba,Pirituba,masculino,4393,5113,5007,5581,6307,6515,6553,7032,7117,5892,5381,5219,4757,3842,2736,3481,84926,populacao_seade-sp_2000a2024,populacao_seade-sp_2000a2024_masculino_2024.csv
2024,Ermelino Matarazzo,ERMELINO_MATARAZZO,Ponte Rasa,Ponte_Rasa,masculino,2083,2377,2327,2664,3118,3309,3263,3461,3442,2698,2554,2490,2284,1935,1374,1805,41184,populacao_seade-sp_2000a2024,populacao_seade-sp_2000a2024_masculino_2024.csv
2024,Butantã,BUTANTA,Raposo Tavares,Raposo_Tavares,masculino,3463,3978,3812,3941,4646,4509,4429,4423,4637,3959,3567,3053,2431,1887,1438,1709,55882,populacao_seade-sp_2000a2024,populacao_seade-sp_2000a2024_masculino_2024.csv
2024,Sé,SE,República,Republica,masculino,1197,1569,1507,1269,1301,1297,1839,3239,3626,2918,2633,2257,1839,1394,957,1208,30050,populacao_seade-sp_2000a2024,populacao_seade-sp_2000a2024_masculino_2024.csv
2024,Butantã,BUTANTA,Rio Pequeno,Rio_Pequeno,masculino,3792,4521,4281,3862,4563,4471,4621,5216,5320,4365,4000,3721,3219,2483,1782,2301,62518,populacao_seade-sp_2000a2024,populacao_seade-sp_2000a2024_masculino_2024.csv
2024,Ipiranga,IPIRANGA,Sacomã,Sacoma,masculino,6277,7169,7063,8319,9352,9518,9831,10588,10827,8920,8130,7416,6491,5189,3622,4569,123281,populacao_seade-sp_2000a2024,populacao_seade-sp_2000a2024_masculino_2024.csv
2024,Sé,SE,Santa Cecília,Santa_Cecilia,masculino,1564,2002,1932,1837,1894,1953,2423,3449,3890,3133,2891,2583,2330,1857,1425,2076,37239,populacao_seade-sp_2000a2024,populacao_seade-sp_2000a2024_masculino_2024.csv
2024,Santana/Tucuruvi,SANTANA_TUCURUVI,Santana,Santana,masculino,2214,2736,2637,2583,2939,3212,3639,4147,4342,3554,3384,3367,3477,3035,2364,3421,51051,populacao_seade-sp_2000a2024,populacao_seade-sp_2000a2024_masculino_2024.csv
2024,Santo Amaro,SANTO_AMARO,Santo Amaro,Santo_Amaro,masculino,1547,1911,1959,2196,2468,2528,2662,2997,3396,3038,3021,2830,2848,2342,1867,3069,40679,populacao_seade-sp_2000a2024,populacao_seade-sp_2000a2024_masculino_2024.csv
2024,Pirituba/Jaraguá,PIRITUBA_JARAGUA,São Domingos,Sao_Domingos,masculino,2093,2397,2373,2780,3103,3199,3276,3499,3495,2883,2753,2664,2381,1853,1317,1815,41881,populacao_seade-sp_2000a2024,populacao_seade-sp_2000a2024_masculino_2024.csv
2024,Vila Prudente,VILA_PRUDENTE,São Lucas,Sao_Lucas,masculino,2957,3397,3333,4040,4549,4634,4918,5474,5491,4441,4197,4007,3968,3088,2242,3276,64012,populacao_seade-sp_2000a2024,populacao_seade-sp_2000a2024_masculino_2024.csv
2024,São Mateus,SAO_MATEUS,São Mateus,Sao_Mateus,masculino,4152,4739,4563,4980,5915,6160,5999,6146,5931,4835,4622,4210,3717,2959,2113,2626,73667,populacao_seade-sp_2000a2024,populacao_seade-sp_2000a2024_masculino_2024.csv
2024,São Miguel,SAO_MIGUEL,São Miguel,Sao_Miguel,masculino,2378,2750,2554,2387,2849,3016,2982,3010,2774,2199,2228,2089,1837,1419,965,1305,36742,populacao_seade-sp_2000a2024,populacao_seade-sp_2000a2024_masculino_2024.csv
2024,São Mateus,SAO_MATEUS,São Rafael,Sao_Rafael,masculino,4173,4608,4430,5570,6656,6438,5979,5566,5307,4717,4664,4098,3247,2329,1588,1839,71209,populacao_seade-sp_2000a2024,populacao_seade-sp_2000a2024_masculino_2024.csv
2024,Sapopemba,SAPOPEMBA,Sapopemba,Sapopemba,masculino,7061,7985,7660,8603,10161,10381,10280,10654,9913,8166,7601,6844,6107,4869,3455,4006,123746,populacao_seade-sp_2000a2024,populacao_seade-sp_2000a2024_masculino_2024.csv
2024,Vila Mariana,VILA_MARIANA,Saúde,Saude,masculino,2133,2782,2829,2936,2980,2970,3503,4748,5671,4920,4295,4059,3922,3517,2716,4141,58122,populacao_seade-sp_2000a2024,populacao_seade-sp_2000a2024_masculino_2024.csv
2024,Sé,SE,Sé,Se,masculino,680,850,781,557,717,737,818,1091,1097,903,922,715,536,369,229,262,11264,populacao_seade-sp_2000a2024,populacao_seade-sp_2000a2024_masculino_2024.csv
2024,Capela do Socorro,CAPELA_DO_SOCORRO,Socorro,Socorro,masculino,781,938,924,970,1176,1152,1252,1419,1446,1223,1210,1109,1120,924,710,1127,17481,populacao_seade-sp_2000a2024,populacao_seade-sp_2000a2024_masculino_2024.csv
2024,Mooca,MOOCA,Tatuapé,Tatuape,masculino,1834,2224,2187,2387,2924,3012,3272,3613,3778,3305,3292,3296,3286,2607,1923,2787,45727,populacao_seade-sp_2000a2024,populacao_seade-sp_2000a2024_masculino_2024.csv
2024,Jaçanã/Tremembé,JACANA_TREMEMBE,Tremembé,Tremembe,masculino,5630,6362,5954,6422,7609,7821,7652,7497,7187,6084,5842,5254,4483,3447,2396,2859,92499,populacao_seade-sp_2000a2024,populacao_seade-sp_2000a2024_masculino_2024.csv
2024,Santana/Tucuruvi,SANTANA_TUCURUVI,Tucuruvi,Tucuruvi,masculino,1953,2300,2265,2520,2841,3016,3380,3991,4009,3321,3062,2895,2851,2514,1926,2819,45663,populacao_seade-sp_2000a2024,populacao_seade-sp_2000a2024_masculino_2024.csv
2024,Campo Limpo,CAMPO_LIMPO,Vila Andrade,Vila_Andrade,masculino,4607,5063,4905,6406,7395,7132,6968,7527,7137,6084,5773,4688,3848,2764,1739,2006,84042,populacao_seade-sp_2000a2024,populacao_seade-sp_2000a2024_masculino_2024.csv
2024,Itaim Paulista,ITAIM_PAULISTA,Vila Curuçá,Vila_Curuca,masculino,3908,4308,4062,4772,5818,6131,5751,5354,5145,4072,4094,3602,2989,2236,1546,1888,65676,populacao_seade-sp_2000a2024,populacao_seade-sp_2000a2024_masculino_2024.csv
2024,Aricanduva/Formosa/Carrão,ARICANDUVA_FORMOSA_CARRAO,Vila Formosa,Vila_Formosa,masculino,1929,2215,2159,2536,2912,3181,3317,3582,3460,2808,2720,2695,2753,2310,1667,2373,42617,populacao_seade-sp_2000a2024,populacao_seade-sp_2000a2024_masculino_2024.csv
2024,Vila Maria/Vila Guilherme,VILA_MARIA_VILA_GUILHERME,Vila Guilherme,Vila_Guilherme,masculino,1254,1538,1509,1466,1674,1566,1617,1942,2099,1769,1666,1460,1347,1162,847,1212,24128,populacao_seade-sp_2000a2024,populacao_seade-sp_2000a2024_masculino_2024.csv
2024,São Miguel,SAO_MIGUEL,Vila Jacuí,Vila_Jacui,masculino,3386,3730,3596,4695,5430,5656,5446,5483,5083,4140,3903,3566,3105,2354,1588,1700,62861,populacao_seade-sp_2000a2024,populacao_seade-sp_2000a2024_masculino_2024.csv
2024,Lapa,LAPA,Vila Leopoldina,Vila_Leopoldina,masculino,931,1117,1174,1419,1440,1450,1597,2009,2234,2138,2030,1631,1442,1060,743,1015,23430,populacao_seade-sp_2000a2024,populacao_seade-sp_2000a2024_masculino_2024.csv
2024,Vila Maria/Vila Guilherme,VILA_MARIA_VILA_GUILHERME,Vila Maria,Vila_Maria,masculino,2958,3424,3263,3324,3903,3833,4037,4440,4359,3416,3152,2762,2425,1947,1362,1812,50417,populacao_seade-sp_2000a2024,populacao_seade-sp_2000a2024_masculino_2024.csv
2024,Vila Mariana,VILA_MARIANA,Vila Mariana,Vila_Mariana,masculino,2071,2708,2614,2629,2783,2747,3508,5145,6058,4848,4058,3754,3855,3474,2886,4446,57584,populacao_seade-sp_2000a2024,populacao_seade-sp_2000a2024_masculino_2024.csv
2024,Penha,PENHA,Vila Matilde,Vila_Matilde,masculino,2259,2614,2572,2958,3412,3656,3840,4048,4006,3298,3089,2984,2831,2283,1678,2349,47877,populacao_seade-sp_2000a2024,populacao_seade-sp_2000a2024_masculino_2024.csv
2024,Vila Maria/Vila Guilherme,VILA_MARIA_VILA_GUILHERME,Vila Medeiros,Vila_Medeiros,masculino,2818,3292,3183,3366,3794,3906,4032,4484,4375,3404,3130,2886,2781,2283,1676,2363,51773,populacao_seade-sp_2000a2024,populacao_seade-sp_2000a2024_masculino_2024.csv
2024,Vila Prudente,VILA_PRUDENTE,Vila Prudente,Vila_Prudente,masculino,2227,2593,2551,2848,3165,3367,3688,4387,4394,3601,3194,3112,3078,2510,1865,2665,49245,populacao_seade-sp_2000a2024,populacao_seade-sp_2000a2024_masculino_2024.csv
2024,Butantã,BUTANTA,Vila Sônia,Vila_Sonia,masculino,3113,3705,3620,3797,4190,4213,4398,4900,5072,4300,3911,3506,3095,2531,1868,2657,58876,populacao_seade-sp_2000a2024,populacao_seade-sp_2000a2024_masculino_2024.csv
2024,,NAO_IDENTIFICADO,Ignorado,Ignorado,masculino,-,-,-,-,-,-,-,-,-,-,-,-,-,-,-,-,-,populacao_seade-sp_2000a2024,populacao_seade-sp_2000a2024_masculino_2024.csv
2024,Mooca,MOOCA,Água Rasa,Agua_Rasa,feminino,1722,2054,2016,2059,2433,2541,2945,3373,3606,3417,3178,3308,3452,3074,2516,5005,46699,populacao_seade-sp_2000a2024,populacao_seade-sp_2000a2024_feminino_2024.csv
2024,Pinheiros,PINHEIROS,Alto de Pinheiros,Alto_de_Pinheiros,feminino,524,638,656,799,895,947,1146,1426,1545,1520,1453,1537,1708,1510,1320,2807,20431,populacao_seade-sp_2000a2024,populacao_seade-sp_2000a2024_feminino_2024.csv
2024,Perus,PERUS,Anhanguera,Anhanguera,feminino,2142,2288,2106,2607,3315,3665,3616,3417,3146,2761,2797,2466,1912,1275,797,833,39143,populacao_seade-sp_2000a2024,populacao_seade-sp_2000a2024_feminino_2024.csv
2024,Aricanduva/Formosa/Carrão,ARICANDUVA_FORMOSA_CARRAO,Aricanduva,Aricanduva,feminino,1979,2264,2201,2481,3043,3264,3294,3698,3826,3276,3261,3214,3096,2710,2192,3947,47746,populacao_seade-sp_2000a2024,populacao_seade-sp_2000a2024_feminino_2024.csv
2024,Penha,PENHA,Artur Alvim,Artur_Alvim,feminino,2063,2400,2352,2693,3147,3407,3549,4091,4284,3730,3481,3199,3113,2785,2316,3746,50356,populacao_seade-sp_2000a2024,populacao_seade-sp_2000a2024_feminino_2024.csv
2024,Lapa,LAPA,Barra Funda,Barra_Funda,feminino,794,964,965,1001,1092,1021,1181,1713,1917,1650,1415,1184,1239,1084,907,1943,20070,populacao_seade-sp_2000a2024,populacao_seade-sp_2000a2024_feminino_2024.csv
2024,Sé,SE,Bela Vista,Bela_Vista,feminino,1083,1423,1325,1132,1127,1201,1743,3024,3610,2699,2217,2012,1972,1873,1601,2883,30925,populacao_seade-sp_2000a2024,populacao_seade-sp_2000a2024_feminino_2024.csv
2024,Mooca,MOOCA,Belém,Belem,feminino,1553,1983,1907,1535,1600,1596,1724,2355,2651,2184,1870,1781,1819,1555,1314,2545,29972,populacao_seade-sp_2000a2024,populacao_seade-sp_2000a2024_feminino_2024.csv
2024,Sé,SE,Bom Retiro,Bom_Retiro,feminino,892,1064,1033,983,1068,1071,1158,1553,1591,1266,1077,1022,941,774,635,1141,17269,populacao_seade-sp_2000a2024,populacao_seade-sp_2000a2024_feminino_2024.csv
2024,Mooca,MOOCA,Brás,Bras,feminino,1138,1389,1322,1023,1232,1283,1430,1930,1887,1531,1323,1181,1079,924,669,1015,20356,populacao_seade-sp_2000a2024,populacao_seade-sp_2000a2024_feminino_2024.csv
2024,Freguesia/Brasilândia,FREGUESIA_BRASILANDIA,Brasilândia,Brasilandia,feminino,7439,8289,7656,7916,9964,10553,10006,10111,9720,8173,7637,7172,6139,4782,3439,4767,123763,populacao_seade-sp_2000a2024,populacao_seade-sp_2000a2024_feminino_2024.csv
2024,Butantã,BUTANTA,Butantã,Butanta,feminino,914,1115,1084,1089,1264,1343,1663,2301,2679,2176,1919,1848,1887,1743,1524,2875,27424,populacao_seade-sp_2000a2024,populacao_seade-sp_2000a2024_feminino_2024.csv
2024,Casa Verde/Cachoeirinha,CASA_VERDE_CACHOEIRINHA,Cachoeirinha,Cachoeirinha,feminino,4004,4579,4361,4538,5399,5744,5751,6073,6188,5147,4737,4473,4131,3347,2421,3380,74273,populacao_seade-sp_2000a2024,populacao_seade-sp_2000a2024_feminino_2024.csv
2024,Sé,SE,Cambuci,Cambuci,feminino,1035,1236,1221,1269,1397,1427,1548,2014,2227,1991,1858,1616,1573,1430,1120,2152,25114,populacao_seade-sp_2000a2024,populacao_seade-sp_2000a2024_feminino_2024.csv
2024,Santo Amaro,SANTO_AMARO,Campo Belo,Campo_Belo,feminino,1304,1618,1639,1767,1970,1893,2068,2875,3348,3090,3004,2687,2813,2590,2253,4570,39489,populacao_seade-sp_2000a2024,populacao_seade-sp_2000a2024_feminino_2024.csv
2024,Santo Amaro,SANTO_AMARO,Campo Grande,Campo_Grande,feminino,2322,2772,2818,3262,3666,3819,3959,4595,5283,5123,5025,4930,4607,3838,2978,4874,63871,populacao_seade-sp_2000a2024,populacao_seade-sp_2000a2024_feminino_2024.csv
2024,Campo Limpo,CAMPO_LIMPO,Campo Limpo,Campo_Limpo,feminino,6371,7217,6909,7744,9160,9730,9580,10579,10983,9493,8638,7605,6588,5401,3932,5152,125082,populacao_seade-sp_2000a2024,populacao_seade-sp_2000a2024_feminino_2024.csv
2024,Penha,PENHA,Cangaíba,Cangaiba,feminino,3619,4137,3913,4026,4945,5436,5598,6221,6108,5069,5009,4903,4686,3832,2905,4467,74874,populacao_seade-sp_2000a2024,populacao_seade-sp_2000a2024_feminino_2024.csv
2024,Campo Limpo,CAMPO_LIMPO,Capão Redondo,Capao_Redondo,feminino,7687,8629,8097,8773,10866,11476,11196,12117,12014,10145,9227,8345,7172,5780,4244,5189,140957,populacao_seade-sp_2000a2024,populacao_seade-sp_2000a2024_feminino_2024.csv
2024,Aricanduva/Formosa/Carrão,ARICANDUVA_FORMOSA_CARRAO,Carrão,Carrao,feminino,1601,1897,1878,2123,2550,2641,2847,3372,3664,3322,3249,3257,3392,2901,2373,4536,45603,populacao_seade-sp_2000a2024,populacao_seade-sp_2000a2024_feminino_2024.csv
2024,Casa Verde/Cachoeirinha,CASA_VERDE_CACHOEIRINHA,Casa Verde,Casa_Verde,feminino,1859,2189,2112,2145,2537,2724,2897,3417,3606,3040,2834,2716,2784,2492,1993,3550,42895,populacao_seade-sp_2000a2024,populacao_seade-sp_2000a2024_feminino_2024.csv
2024,Cidade Ademar,CIDADE_ADEMAR,Cidade Ademar,Cidade_Ademar,feminino,6772,7688,7290,7763,9115,9751,9999,10978,10821,9309,8559,7726,6835,5759,4239,6016,128620,populacao_seade-sp_2000a2024,populacao_seade-sp_2000a2024_feminino_2024.csv
2024,Capela do Socorro,CAPELA_DO_SOCORRO,Cidade Dutra,Cidade_Dutra,feminino,4623,5241,4989,5433,6750,7132,7192,7772,7747,6721,6313,5993,5460,4621,3423,4705,94115,populacao_seade-sp_2000a2024,populacao_seade-sp_2000a2024_feminino_2024.csv
2024,Itaquera,ITAQUERA,Cidade Líder,Cidade_Lider,feminino,3504,3961,3761,4191,5232,5466,5735,6070,6064,5158,4841,4453,4034,3390,2523,3303,71686,populacao_seade-sp_2000a2024,populacao_seade-sp_2000a2024_feminino_2024.csv
2024,Cidade Tiradentes,CIDADE_TIRADENTES,Cidade Tiradentes,Cidade_Tiradentes,feminino,5768,6177,5715,6908,8629,9058,8590,8141,7900,6601,5954,5347,4868,3955,2775,2846,99232,populacao_seade-sp_2000a2024,populacao_seade-sp_2000a2024_feminino_2024.csv
2024,Sé,SE,Consolação,Consolacao,feminino,803,972,841,810,921,1033,1932,3337,3103,2224,1897,1894,2115,2011,1770,3814,29477,populacao_seade-sp_2000a2024,populacao_seade-sp_2000a2024_feminino_2024.csv
2024,Ipiranga,IPIRANGA,Cursino,Cursino,feminino,2086,2530,2522,2674,2972,2985,3447,4191,4693,4113,3828,3739,3882,3550,2804,5026,55042,populacao_seade-sp_2000a2024,populacao_seade-sp_2000a2024_feminino_2024.csv
2024,Ermelino Matarazzo,ERMELINO_MATARAZZO,Ermelino Matarazzo,Ermelino_Matarazzo,feminino,2897,3290,3157,3523,4144,4388,4551,4998,4875,4114,3865,3659,3300,2731,2014,2665,58171,populacao_seade-sp_2000a2024,populacao_seade-sp_2000a2024_feminino_2024.csv
2024,Freguesia/Brasilândia,FREGUESIA_BRASILANDIA,Freguesia do Ó,Freguesia_do_O,feminino,3131,3653,3494,3579,4396,4787,5028,5772,6107,5166,4922,4876,4875,4341,3253,5282,72662,populacao_seade-sp_2000a2024,populacao_seade-sp_2000a2024_feminino_2024.csv
2024,Capela do Socorro,CAPELA_DO_SOCORRO,Grajaú,Grajau,feminino,11652,12914,12039,13068,16228,17431,16765,16565,16283,13639,12872,11804,9753,7430,5030,5615,199088,populacao_seade-sp_2000a2024,populacao_seade-sp_2000a2024_feminino_2024.csv
2024,Guaianases,GUAIANASES,Guaianases,Guaianases,feminino,3297,3630,3357,3630,4543,4807,4700,4685,4481,3753,3568,3313,2846,2313,1648,2031,56602,populacao_seade-sp_2000a2024,populacao_seade-sp_2000a2024_feminino_2024.csv
2024,São Mateus,SAO_MATEUS,Iguatemi,Iguatemi,feminino,4775,5216,4738,5158,6572,6812,6720,6466,6066,5017,4955,4588,3862,2873,1938,2142,77898,populacao_seade-sp_2000a2024,populacao_seade-sp_2000a2024_feminino_2024.csv
2024,Ipiranga,IPIRANGA,Ipiranga,Ipiranga,feminino,2425,2935,2905,3116,3526,3661,4099,4920,5351,4742,4606,4410,4290,3794,2982,5813,63575,populacao_seade-sp_2000a2024,populacao_seade-sp_2000a2024_feminino_2024.csv
2024,Pinheiros,PINHEIROS,Itaim Bibi,Itaim_Bibi,feminino,1665,2264,2332,2310,2041,2016,2772,4196,5733,5253,4451,3818,3968,3797,3377,6721,56714,populacao_seade-sp_2000a2024,populacao_seade-sp_2000a2024_feminino_2024.csv
2024,Itaim Paulista,ITAIM_PAULISTA,Itaim Paulista,Itaim_Paulista,feminino,5805,6376,5992,6811,8273,8981,8785,8611,8203,6828,6662,6442,5518,4327,2997,3790,104401,populacao_seade-sp_2000a2024,populacao_seade-sp_2000a2024_feminino_2024.csv
2024,Itaquera,ITAQUERA,Itaquera,Itaquera,feminino,5624,6339,6076,6768,8186,8834,8405,8788,8868,7945,7570,7056,6094,5032,3821,5300,110706,populacao_seade-sp_2000a2024,populacao_seade-sp_2000a2024_feminino_2024.csv
2024,Jabaquara,JABAQUARA,Jabaquara,Jabaquara,feminino,4886,5728,5627,6077,6930,7471,7833,9288,9937,8657,7956,7599,7235,6142,4647,7790,113803,populacao_seade-sp_2000a2024,populacao_seade-sp_2000a2024_feminino_2024.csv
2024,Jaçanã/Tremembé,JACANA_TREMEMBE,Jaçanã,Jacana,feminino,2041,2303,2231,2711,3318,3427,3396,3721,3801,3237,2904,2736,2676,2364,1804,2881,45551,populacao_seade-sp_2000a2024,populacao_seade-sp_2000a2024_feminino_2024.csv
2024,Lapa,LAPA,Jaguara,Jaguara,feminino,521,613,598,636,784,834,846,1014,1080,931,865,874,896,832,660,1159,13143,populacao_seade-sp_2000a2024,populacao_seade-sp_2000a2024_feminino_2024.csv
2024,Lapa,LAPA,Jaguaré,Jaguare,feminino,1308,1550,1522,1683,1996,2024,2078,2339,2686,2319,2086,1824,1670,1332,1076,1909,29402,populacao_seade-sp_2000a2024,populacao_seade-sp_2000a2024_feminino_2024.csv
2024,Pirituba/Jaraguá,PIRITUBA_JARAGUA,Jaraguá,Jaragua,feminino,6121,6817,6366,7044,8892,9234,8910,9194,9225,7940,7428,6769,5998,4742,3224,3855,111759,populacao_seade-sp_2000a2024,populacao_seade-sp_2000a2024_feminino_2024.csv
2024,M'Boi Mirim,M_BOI_MIRIM,Jardim Ângela,Jardim_Angela,feminino,9381,10474,10028,11458,13252,13552,12836,13220,13467,11601,10627,9353,7276,5638,3874,4436,160473,populacao_seade-sp_2000a2024,populacao_seade-sp_2000a2024_feminino_2024.csv
2024,São Miguel,SAO_MIGUEL,Jardim Helena,Jardim_Helena,feminino,4006,4453,4088,4197,5167,5591,5443,5389,5139,4301,4070,3755,3220,2580,1830,2394,65623,populacao_seade-sp_2000a2024,populacao_seade-sp_2000a2024_feminino_2024.csv
2024,Pinheiros,PINHEIROS,Jardim Paulista,Jardim_Paulista,feminino,1235,1664,1598,1509,1519,1558,2170,3709,4841,3967,3202,3008,3265,3230,2919,5907,45301,populacao_seade-sp_2000a2024,populacao_seade-sp_2000a2024_feminino_2024.csv
2024,M'Boi Mirim,M_BOI_MIRIM,Jardim São Luís,Jardim_Sao_Luis,feminino,6978,7892,7488,8082,9896,10441,10499,11451,11656,9737,9064,8186,7041,5601,4152,5268,133432,populacao_seade-sp_2000a2024,populacao_seade-sp_2000a2024_feminino_2024.csv
2024,Itaquera,ITAQUERA,José Bonifácio,Jose_Bonifacio,feminino,3027,3433,3374,4282,5143,5207,5033,5419,5988,5351,4616,4155,3745,3442,2881,3514,68610,populacao_seade-sp_2000a2024,populacao_seade-sp_2000a2024_feminino_2024.csv
2024,Guaianases,GUAIANASES,Lajeado,Lajeado,feminino,5000,5465,5069,5557,6867,7596,7289,7018,6448,5488,5335,4835,4025,3166,2175,2636,83969,populacao_seade-sp_2000a2024,populacao_seade-sp_2000a2024_feminino_2024.csv
2024,Lapa,LAPA,Lapa,Lapa,feminino,1340,1669,1688,1791,1942,1971,2241,2937,3506,3326,3120,3113,3189,2880,2419,5117,42249,populacao_seade-sp_2000a2024,populacao_seade-sp_2000a2024_feminino_2024.csv
2024,Sé,SE,Liberdade,Liberdade,feminino,1208,1557,1537,1460,1525,1558,2085,3102,3558,2986,2704,2360,2357,2199,1845,3416,35457,populacao_seade-sp_2000a2024,populacao_seade-sp_2000a2024_feminino_2024.csv
2024,Casa Verde/Cachoeirinha,CASA_VERDE_CACHOEIRINHA,Limão,Limao,feminino,2128,2477,2362,2345,2826,2872,3134,3557,3657,3153,2905,2666,2644,2450,1943,3068,44187,populacao_seade-sp_2000a2024,populacao_seade-sp_2000a2024_feminino_2024.csv
2024,Santana/Tucuruvi,SANTANA_TUCURUVI,Mandaqui,Mandaqui,feminino,2182,2510,2435,2679,3323,3642,3844,4240,4380,4021,4084,4002,3964,3267,2469,4231,55273,populacao_seade-sp_2000a2024,populacao_seade-sp_2000a2024_feminino_2024.csv
2024,Parelheiros,PARELHEIROS,Marsilac,Marsilac,feminino,314,324,302,430,517,628,507,472,411,368,323,358,337,266,176,255,5988,populacao_seade-sp_2000a2024,populacao_seade-sp_2000a2024_feminino_2024.csv
2024,Vila Mariana,VILA_MARIANA,Moema,Moema,feminino,1203,1581,1633,1827,1816,1877,2319,3269,4186,4039,3646,3245,3476,3237,2793,5112,45259,populacao_seade-sp_2000a2024,populacao_seade-sp_2000a2024_feminino_2024.csv
2024,Mooca,MOOCA,Mooca,Mooca,feminino,1622,1947,1938,2016,2172,2293,2735,3332,3607,3289,3208,3111,3087,2727,2142,4499,43725,populacao_seade-sp_2000a2024,populacao_seade-sp_2000a2024_feminino_2024.csv
2024,Butantã,BUTANTA,Morumbi,Morumbi,feminino,1010,1207,1150,1116,1391,1405,1440,1678,1799,1741,1710,1631,1511,1283,1032,1812,22916,populacao_seade-sp_2000a2024,populacao_seade-sp_2000a2024_feminino_2024.csv
2024,Parelheiros,PARELHEIROS,Parelheiros,Parelheiros,feminino,5070,5550,5038,5451,6938,7245,6716,6171,6083,5295,5143,4598,3704,2813,1844,2137,79796,populacao_seade-sp_2000a2024,populacao_seade-sp_2000a2024_feminino_2024.csv
2024,Mooca,MOOCA,Pari,Pari,feminino,499,586,558,522,589,578,624,775,739,581,595,536,521,422,321,737,9183,populacao_seade-sp_2000a2024,populacao_seade-sp_2000a2024_feminino_2024.csv
2024,Itaquera,ITAQUERA,Parque do Carmo,Parque_do_Carmo,feminino,1977,2240,2162,2423,2969,3051,2998,3237,3275,2868,2547,2356,2093,1730,1262,1716,38904,populacao_seade-sp_2000a2024,populacao_seade-sp_2000a2024_feminino_2024.csv
2024,Cidade Ademar,CIDADE_ADEMAR,Pedreira,Pedreira,feminino,4440,4878,4635,5598,6783,7206,7261,7369,7174,6198,5747,5283,4398,3560,2484,3167,86181,populacao_seade-sp_2000a2024,populacao_seade-sp_2000a2024_feminino_2024.csv
2024,Penha,PENHA,Penha,Penha,feminino,2859,3318,3243,3501,4157,4471,4911,5707,5776,4995,4836,4994,4966,4335,3468,6516,72053,populacao_seade-sp_2000a2024,populacao_seade-sp_2000a2024_feminino_2024.csv
2024,Lapa,LAPA,Perdizes,Perdizes,feminino,1574,2004,1982,2217,2382,2312,2999,4511,5437,4601,4008,3826,4143,3965,3425,6406,55792,populacao_seade-sp_2000a2024,populacao_seade-sp_2000a2024_feminino_2024.csv
2024,Perus,PERUS,Perus,Perus,feminino,2731,3020,2778,2939,3672,3973,3799,3720,3504,3082,2927,2687,2181,1648,1150,1466,45277,populacao_seade-sp_2000a2024,populacao_seade-sp_2000a2024_feminino_2024.csv
2024,Pinheiros,PINHEIROS,Pinheiros,Pinheiros,feminino,973,1312,1310,1321,1387,1377,1722,2674,3652,3142,2733,2649,2761,2586,2259,4753,36611,populacao_seade-sp_2000a2024,populacao_seade-sp_2000a2024_feminino_2024.csv
2024,Pirituba/Jaraguá,PIRITUBA_JARAGUA,Pirituba,Pirituba,feminino,4244,4925,4770,5133,6061,6506,6865,7699,7989,6883,6583,6429,6271,5358,4045,6320,96081,populacao_seade-sp_2000a2024,populacao_seade-sp_2000a2024_feminino_2024.csv
2024,Ermelino Matarazzo,ERMELINO_MATARAZZO,Ponte Rasa,Ponte_Rasa,feminino,2018,2295,2235,2533,3056,3316,3380,3874,3849,3211,3105,3170,3165,2780,2070,3399,47456,populacao_seade-sp_2000a2024,populacao_seade-sp_2000a2024_feminino_2024.csv
2024,Butantã,BUTANTA,Raposo Tavares,Raposo_Tavares,feminino,3344,3820,3644,3759,4632,4573,4634,5116,5520,4871,4319,3777,3328,2852,2170,2847,63206,populacao_seade-sp_2000a2024,populacao_seade-sp_2000a2024_feminino_2024.csv
2024,Sé,SE,República,Republica,feminino,1159,1517,1480,1302,1268,1371,1901,3051,3349,2585,2227,2050,1971,1776,1460,2541,31008,populacao_seade-sp_2000a2024,populacao_seade-sp_2000a2024_feminino_2024.csv
2024,Butantã,BUTANTA,Rio Pequeno,Rio_Pequeno,feminino,3659,4341,4118,3743,4381,4571,4757,5683,6033,5139,4671,4396,4128,3470,2533,3938,69561,populacao_seade-sp_2000a2024,populacao_seade-sp_2000a2024_feminino_2024.csv
2024,Ipiranga,IPIRANGA,Sacomã,Sacoma,feminino,6072,6903,6724,7702,9289,9724,10209,11504,12167,10329,9650,9028,8641,7069,5361,8555,138927,populacao_seade-sp_2000a2024,populacao_seade-sp_2000a2024_feminino_2024.csv
2024,Sé,SE,Santa Cecília,Santa_Cecilia,feminino,1511,1928,1842,1702,1825,1970,2628,3968,4445,3594,3082,3020,2923,2720,2226,4196,43580,populacao_seade-sp_2000a2024,populacao_seade-sp_2000a2024_feminino_2024.csv
2024,Santana/Tucuruvi,SANTANA_TUCURUVI,Santana,Santana,feminino,2151,2646,2540,2479,2895,3276,3886,5361,5711,4736,4405,4571,4898,4578,3737,6992,64862,populacao_seade-sp_2000a2024,populacao_seade-sp_2000a2024_feminino_2024.csv
2024,Santo Amaro,SANTO_AMARO,Santo Amaro,Santo_Amaro,feminino,1494,1838,1894,2174,2423,2372,2683,3243,3747,3712,3687,3528,3506,3174,2719,5471,47665,populacao_seade-sp_2000a2024,populacao_seade-sp_2000a2024_feminino_2024.csv
2024,Pirituba/Jaraguá,PIRITUBA_JARAGUA,São Domingos,Sao_Domingos,feminino,2024,2308,2269,2641,3186,3285,3387,3761,3942,3411,3278,3202,2990,2523,1942,3196,47345,populacao_seade-sp_2000a2024,populacao_seade-sp_2000a2024_feminino_2024.csv
2024,Vila Prudente,VILA_PRUDENTE,São Lucas,Sao_Lucas,feminino,2863,3277,3207,3869,4449,4666,5096,5819,5995,5170,4961,5043,5112,4234,3406,6071,73238,populacao_seade-sp_2000a2024,populacao_seade-sp_2000a2024_feminino_2024.csv
2024,São Mateus,SAO_MATEUS,São Mateus,Sao_Mateus,feminino,4009,4560,4349,4626,5733,6241,6106,6654,6659,5510,5378,5189,4811,3927,2855,4282,80889,populacao_seade-sp_2000a2024,populacao_seade-sp_2000a2024_feminino_2024.csv
2024,São Miguel,SAO_MIGUEL,São Miguel,Sao_Miguel,feminino,2298,2650,2447,2252,2794,3144,3105,3387,3092,2631,2572,2638,2425,1957,1399,2327,41118,populacao_seade-sp_2000a2024,populacao_seade-sp_2000a2024_feminino_2024.csv
2024,São Mateus,SAO_MATEUS,São Rafael,Sao_Rafael,feminino,4025,4424,4239,5302,6480,6473,6022,6049,6147,5340,5157,4676,3873,2867,2105,2797,75976,populacao_seade-sp_2000a2024,populacao_seade-sp_2000a2024_feminino_2024.csv
2024,Sapopemba,SAPOPEMBA,Sapopemba,Sapopemba,feminino,6825,7691,7335,8127,9903,10593,10762,11386,11206,9156,8874,8687,8107,6602,4888,7037,137179,populacao_seade-sp_2000a2024,populacao_seade-sp_2000a2024_feminino_2024.csv
2024,Vila Mariana,VILA_MARIANA,Saúde,Saude,feminino,2064,2682,2724,2863,3043,3028,3659,5191,6608,5823,5236,5120,5356,5096,4221,8271,70985,populacao_seade-sp_2000a2024,populacao_seade-sp_2000a2024_feminino_2024.csv
2024,Sé,SE,Sé,Se,feminino,654,815,750,541,717,755,909,1189,1159,1011,927,702,540,451,315,510,11945,populacao_seade-sp_2000a2024,populacao_seade-sp_2000a2024_feminino_2024.csv
2024,Capela do Socorro,CAPELA_DO_SOCORRO,Socorro,Socorro,feminino,756,907,879,873,1105,1168,1285,1516,1768,1504,1454,1429,1470,1299,1113,2104,20630,populacao_seade-sp_2000a2024,populacao_seade-sp_2000a2024_feminino_2024.csv
2024,Mooca,MOOCA,Tatuapé,Tatuape,feminino,1778,2149,2119,2325,2762,2991,3471,4147,4466,4055,4049,4082,4261,3672,2891,5641,54859,populacao_seade-sp_2000a2024,populacao_seade-sp_2000a2024_feminino_2024.csv
2024,Jaçanã/Tremembé,JACANA_TREMEMBE,Tremembé,Tremembe,feminino,5434,6120,5706,6110,7468,8061,8035,8208,8086,7006,6924,6345,5572,4545,3396,4913,101929,populacao_seade-sp_2000a2024,populacao_seade-sp_2000a2024_feminino_2024.csv
2024,Santana/Tucuruvi,SANTANA_TUCURUVI,Tucuruvi,Tucuruvi,feminino,1893,2220,2156,2322,2806,3020,3534,4367,4603,3854,3554,3698,3959,3810,3104,5777,54677,populacao_seade-sp_2000a2024,populacao_seade-sp_2000a2024_feminino_2024.csv
2024,Campo Limpo,CAMPO_LIMPO,Vila Andrade,Vila_Andrade,feminino,4440,4865,4714,6182,7389,7490,7447,7820,7841,7121,6422,5559,4444,3129,2226,2971,90060,populacao_seade-sp_2000a2024,populacao_seade-sp_2000a2024_feminino_2024.csv
2024,Itaim Paulista,ITAIM_PAULISTA,Vila Curuçá,Vila_Curuca,feminino,3767,4141,3874,4478,5719,6173,6002,5890,5650,4888,4851,4462,3793,2957,2217,3137,71999,populacao_seade-sp_2000a2024,populacao_seade-sp_2000a2024_feminino_2024.csv
2024,Aricanduva/Formosa/Carrão,ARICANDUVA_FORMOSA_CARRAO,Vila Formosa,Vila_Formosa,feminino,1869,2139,2046,2289,2885,3148,3373,3850,3878,3327,3233,3426,3588,3165,2535,4607,49358,populacao_seade-sp_2000a2024,populacao_seade-sp_2000a2024_feminino_2024.csv
2024,Vila Maria/Vila Guilherme,VILA_MARIA_VILA_GUILHERME,Vila Guilherme,Vila_Guilherme,feminino,1214,1483,1447,1363,1516,1605,1710,2124,2363,2142,1901,1790,1830,1653,1334,2506,27981,populacao_seade-sp_2000a2024,populacao_seade-sp_2000a2024_feminino_2024.csv
2024,São Miguel,SAO_MIGUEL,Vila Jacuí,Vila_Jacui,feminino,3260,3575,3430,4462,5378,5785,5807,5983,5764,4765,4506,4296,3889,3183,2196,2772,69051,populacao_seade-sp_2000a2024,populacao_seade-sp_2000a2024_feminino_2024.csv
2024,Lapa,LAPA,Vila Leopoldina,Vila_Leopoldina,feminino,897,1073,1120,1339,1444,1425,1511,1701,2133,2234,2071,1755,1673,1280,967,1762,24385,populacao_seade-sp_2000a2024,populacao_seade-sp_2000a2024_feminino_2024.csv
2024,Vila Maria/Vila Guilherme,VILA_MARIA_VILA_GUILHERME,Vila Maria,Vila_Maria,feminino,2864,3304,3146,3199,3739,3968,4120,4759,4783,3871,3497,3398,3229,2717,2082,3678,56354,populacao_seade-sp_2000a2024,populacao_seade-sp_2000a2024_feminino_2024.csv
2024,Vila Mariana,VILA_MARIANA,Vila Mariana,Vila_Mariana,feminino,2001,2603,2512,2496,2541,2682,3776,5857,7186,5799,4923,4803,5280,5156,4496,8300,70411,populacao_seade-sp_2000a2024,populacao_seade-sp_2000a2024_feminino_2024.csv
2024,Penha,PENHA,Vila Matilde,Vila_Matilde,feminino,2186,2521,2473,2841,3385,3595,3817,4349,4434,3927,3826,3772,3683,3277,2631,4495,55212,populacao_seade-sp_2000a2024,populacao_seade-sp_2000a2024_feminino_2024.csv
2024,Vila Maria/Vila Guilherme,VILA_MARIA_VILA_GUILHERME,Vila Medeiros,Vila_Medeiros,feminino,2731,3177,3048,3148,3699,4026,4317,5017,4859,3970,3735,3779,3733,3485,2607,4641,59972,populacao_seade-sp_2000a2024,populacao_seade-sp_2000a2024_feminino_2024.csv
2024,Vila Prudente,VILA_PRUDENTE,Vila Prudente,Vila_Prudente,feminino,2157,2503,2465,2782,3174,3438,3809,4512,4748,4084,3866,3858,3964,3540,2805,5237,56942,populacao_seade-sp_2000a2024,populacao_seade-sp_2000a2024_feminino_2024.csv
2024,Butantã,BUTANTA,Vila Sônia,Vila_Sonia,feminino,3005,3561,3449,3558,4135,4170,4724,5518,5873,5130,4678,4259,3881,3384,2751,4464,66540,populacao_seade-sp_2000a2024,populacao_seade-sp_2000a2024_feminino_2024.csv
2024,,NAO_IDENTIFICADO,Ignorado,Ignorado,feminino,-,-,-,-,-,-,-,-,-,-,-,-,-,-,-,-,-,populacao_seade-sp_2000a2024,populacao_seade-sp_2000a2024_feminino_2024.csv
2023,Mooca,MOOCA,Água Rasa,Agua_Rasa,feminino,1760,2096,2033,2091,2444,2659,3001,3366,3660,3381,3214,3338,3387,2987,2476,4950,46843,populacao_seade-sp_2000a2024,populacao_seade-sp_2000a2024_feminino_2023.csv
2023,Pinheiros,PINHEIROS,Alto de Pinheiros,Alto_de_Pinheiros,feminino,544,657,700,807,910,1007,1205,1438,1592,1526,1480,1589,1679,1496,1318,2777,20725,populacao_seade-sp_2000a2024,populacao_seade-sp_2000a2024_feminino_2023.csv
2023,Perus,PERUS,Anhanguera,Anhanguera,feminino,2150,2276,2217,2671,3404,3723,3545,3312,3113,2814,2760,2354,1771,1186,726,788,38810,populacao_seade-sp_2000a2024,populacao_seade-sp_2000a2024_feminino_2023.csv
2023,Aricanduva/Formosa/Carrão,ARICANDUVA_FORMOSA_CARRAO,Aricanduva,Aricanduva,feminino,2012,2298,2278,2543,3114,3317,3353,3699,3775,3312,3277,3188,3034,2631,2163,3847,47841,populacao_seade-sp_2000a2024,populacao_seade-sp_2000a2024_feminino_2023.csv
2023,Penha,PENHA,Artur Alvim,Artur_Alvim,feminino,2127,2461,2476,2756,3257,3518,3669,4137,4302,3764,3473,3214,3094,2760,2297,3667,50972,populacao_seade-sp_2000a2024,populacao_seade-sp_2000a2024_feminino_2023.csv
2023,Lapa,LAPA,Barra Funda,Barra_Funda,feminino,783,945,931,948,1014,1000,1216,1664,1819,1558,1300,1150,1166,1016,877,1842,19229,populacao_seade-sp_2000a2024,populacao_seade-sp_2000a2024_feminino_2023.csv
2023,Sé,SE,Bela Vista,Bela_Vista,feminino,1151,1465,1309,1122,1154,1323,1982,3190,3522,2644,2208,2021,1989,1870,1591,2858,31399,populacao_seade-sp_2000a2024,populacao_seade-sp_2000a2024_feminino_2023.csv
2023,Mooca,MOOCA,Belém,Belem,feminino,1589,2012,1800,1499,1591,1609,1804,2365,2574,2098,1825,1771,1740,1516,1249,2508,29550,populacao_seade-sp_2000a2024,populacao_seade-sp_2000a2024_feminino_2023.csv
2023,Sé,SE,Bom Retiro,Bom_Retiro,feminino,919,1094,1034,986,1081,1100,1238,1558,1564,1240,1078,1012,910,764,612,1137,17327,populacao_seade-sp_2000a2024,populacao_seade-sp_2000a2024_feminino_2023.csv
2023,Mooca,MOOCA,Brás,Bras,feminino,1154,1413,1229,1028,1226,1297,1507,1881,1824,1481,1283,1141,1044,869,625,978,19980,populacao_seade-sp_2000a2024,populacao_seade-sp_2000a2024_feminino_2023.csv
2023,Freguesia/Brasilândia,FREGUESIA_BRASILANDIA,Brasilândia,Brasilandia,feminino,7673,8516,7895,8326,10391,10807,10161,10131,9773,8312,7786,7102,6009,4646,3402,4665,125595,populacao_seade-sp_2000a2024,populacao_seade-sp_2000a2024_feminino_2023.csv
2023,Butantã,BUTANTA,Butantã,Butanta,feminino,946,1141,1098,1106,1279,1421,1773,2379,2636,2146,1918,1863,1871,1734,1501,2842,27654,populacao_seade-sp_2000a2024,populacao_seade-sp_2000a2024_feminino_2023.csv
2023,Casa Verde/Cachoeirinha,CASA_VERDE_CACHOEIRINHA,Cachoeirinha,Cachoeirinha,feminino,4104,4681,4469,4656,5559,5888,5817,6108,6137,5160,4763,4450,4038,3219,2360,3283,74692,populacao_seade-sp_2000a2024,populacao_seade-sp_2000a2024_feminino_2023.csv
2023,Sé,SE,Cambuci,Cambuci,feminino,1044,1241,1222,1248,1387,1441,1602,2007,2191,1961,1780,1579,1535,1367,1067,2116,24788,populacao_seade-sp_2000a2024,populacao_seade-sp_2000a2024_feminino_2023.csv
2023,Santo Amaro,SANTO_AMARO,Campo Belo,Campo_Belo,feminino,1336,1645,1667,1763,1937,1918,2185,2918,3330,3093,2903,2688,2749,2535,2190,4476,39333,populacao_seade-sp_2000a2024,populacao_seade-sp_2000a2024_feminino_2023.csv
2023,Santo Amaro,SANTO_AMARO,Campo Grande,Campo_Grande,feminino,2351,2804,2912,3247,3696,3867,3996,4623,5319,5092,4987,4810,4411,3655,2852,4665,63287,populacao_seade-sp_2000a2024,populacao_seade-sp_2000a2024_feminino_2023.csv
2023,Campo Limpo,CAMPO_LIMPO,Campo Limpo,Campo_Limpo,feminino,6456,7285,7143,7842,9334,9803,9694,10556,10889,9423,8480,7367,6378,5154,3753,4901,124458,populacao_seade-sp_2000a2024,populacao_seade-sp_2000a2024_feminino_2023.csv
2023,Penha,PENHA,Cangaíba,Cangaiba,feminino,3684,4198,3966,4129,5094,5556,5705,6160,5991,5125,5031,4884,4539,3695,2810,4347,74914,populacao_seade-sp_2000a2024,populacao_seade-sp_2000a2024_feminino_2023.csv
2023,Campo Limpo,CAMPO_LIMPO,Capão Redondo,Capao_Redondo,feminino,7859,8781,8364,9083,11177,11656,11418,12091,11976,10159,9221,8169,6985,5595,4081,4950,141565,populacao_seade-sp_2000a2024,populacao_seade-sp_2000a2024_feminino_2023.csv
2023,Aricanduva/Formosa/Carrão,ARICANDUVA_FORMOSA_CARRAO,Carrão,Carrao,feminino,1632,1927,1937,2169,2583,2719,2921,3388,3660,3331,3250,3291,3295,2818,2342,4466,45729,populacao_seade-sp_2000a2024,populacao_seade-sp_2000a2024_feminino_2023.csv
2023,Casa Verde/Cachoeirinha,CASA_VERDE_CACHOEIRINHA,Casa Verde,Casa_Verde,feminino,1915,2247,2150,2195,2606,2815,3003,3460,3585,3056,2841,2758,2769,2445,1960,3529,43334,populacao_seade-sp_2000a2024,populacao_seade-sp_2000a2024_feminino_2023.csv
2023,Cidade Ademar,CIDADE_ADEMAR,Cidade Ademar,Cidade_Ademar,feminino,6978,7890,7568,7981,9439,10083,10300,10986,10890,9404,8588,7638,6771,5595,4141,5878,130130,populacao_seade-sp_2000a2024,populacao_seade-sp_2000a2024_feminino_2023.csv
2023,Capela do Socorro,CAPELA_DO_SOCORRO,Cidade Dutra,Cidade_Dutra,feminino,4752,5372,5180,5661,6966,7346,7361,7786,7792,6795,6388,5953,5405,4478,3368,4534,95137,populacao_seade-sp_2000a2024,populacao_seade-sp_2000a2024_feminino_2023.csv
2023,Itaquera,ITAQUERA,Cidade Líder,Cidade_Lider,feminino,3552,3995,3869,4312,5284,5606,5754,6013,5987,5155,4800,4366,3936,3252,2444,3137,71462,populacao_seade-sp_2000a2024,populacao_seade-sp_2000a2024_feminino_2023.csv
2023,Cidade Tiradentes,CIDADE_TIRADENTES,Cidade Tiradentes,Cidade_Tiradentes,feminino,5899,6284,6122,7240,8944,9291,8569,8172,7938,6674,5982,5365,4814,3854,2645,2711,100504,populacao_seade-sp_2000a2024,populacao_seade-sp_2000a2024_feminino_2023.csv
2023,Sé,SE,Consolação,Consolacao,feminino,833,968,840,821,930,1195,2205,3280,2957,2165,1895,1942,2103,1988,1746,3774,29642,populacao_seade-sp_2000a2024,populacao_seade-sp_2000a2024_feminino_2023.csv
2023,Ipiranga,IPIRANGA,Cursino,Cursino,feminino,2155,2602,2593,2709,3002,3148,3580,4284,4697,4109,3838,3786,3862,3459,2712,4977,55513,populacao_seade-sp_2000a2024,populacao_seade-sp_2000a2024_feminino_2023.csv
2023,Ermelino Matarazzo,ERMELINO_MATARAZZO,Ermelino Matarazzo,Ermelino_Matarazzo,feminino,2961,3348,3287,3600,4245,4516,4653,4959,4841,4136,3887,3612,3228,2648,1920,2594,58435,populacao_seade-sp_2000a2024,populacao_seade-sp_2000a2024_feminino_2023.csv
2023,Freguesia/Brasilândia,FREGUESIA_BRASILANDIA,Freguesia do Ó,Freguesia_do_O,feminino,3214,3732,3549,3687,4530,4929,5164,5832,6053,5193,4971,4904,4845,4190,3162,5196,73151,populacao_seade-sp_2000a2024,populacao_seade-sp_2000a2024_feminino_2023.csv
2023,Capela do Socorro,CAPELA_DO_SOCORRO,Grajaú,Grajau,feminino,11847,13078,12401,13496,16715,17698,16661,16483,16090,13720,12882,11445,9382,7061,4837,5266,199062,populacao_seade-sp_2000a2024,populacao_seade-sp_2000a2024_feminino_2023.csv
2023,Guaianases,GUAIANASES,Guaianases,Guaianases,feminino,3345,3668,3450,3758,4656,4896,4689,4623,4432,3781,3578,3230,2776,2224,1570,1957,56633,populacao_seade-sp_2000a2024,populacao_seade-sp_2000a2024_feminino_2023.csv
2023,São Mateus,SAO_MATEUS,Iguatemi,Iguatemi,feminino,4794,5196,4815,5323,6656,6924,6590,6301,5911,5056,4925,4435,3667,2706,1826,2012,77137,populacao_seade-sp_2000a2024,populacao_seade-sp_2000a2024_feminino_2023.csv
2023,Ipiranga,IPIRANGA,Ipiranga,Ipiranga,feminino,2472,2971,2950,3111,3539,3777,4192,4925,5287,4727,4554,4347,4186,3637,2890,5713,63278,populacao_seade-sp_2000a2024,populacao_seade-sp_2000a2024_feminino_2023.csv
2023,Pinheiros,PINHEIROS,Itaim Bibi,Itaim_Bibi,feminino,1736,2309,2345,2173,1997,2156,2954,4413,5726,5076,4246,3795,3897,3723,3260,6537,56343,populacao_seade-sp_2000a2024,populacao_seade-sp_2000a2024_feminino_2023.csv
2023,Itaim Paulista,ITAIM_PAULISTA,Itaim Paulista,Itaim_Paulista,feminino,5957,6524,6329,7079,8644,9270,8839,8601,8192,6993,6829,6361,5409,4172,2919,3679,105797,populacao_seade-sp_2000a2024,populacao_seade-sp_2000a2024_feminino_2023.csv
2023,Itaquera,ITAQUERA,Itaquera,Itaquera,feminino,5718,6433,6296,6923,8437,8895,8451,8738,8901,7994,7580,6871,5934,4884,3691,5133,110879,populacao_seade-sp_2000a2024,populacao_seade-sp_2000a2024_feminino_2023.csv
2023,Jabaquara,JABAQUARA,Jabaquara,Jabaquara,feminino,5026,5878,5828,6151,7131,7684,8125,9410,9958,8654,7992,7584,7110,5944,4521,7690,114686,populacao_seade-sp_2000a2024,populacao_seade-sp_2000a2024_feminino_2023.csv
2023,Jaçanã/Tremembé,JACANA_TREMEMBE,Jaçanã,Jacana,feminino,2092,2350,2376,2812,3400,3504,3477,3749,3807,3234,2918,2757,2669,2305,1769,2847,46066,populacao_seade-sp_2000a2024,populacao_seade-sp_2000a2024_feminino_2023.csv
2023,Lapa,LAPA,Jaguara,Jaguara,feminino,532,624,609,652,799,843,874,1019,1072,924,872,875,893,804,650,1129,13171,populacao_seade-sp_2000a2024,populacao_seade-sp_2000a2024_feminino_2023.csv
2023,Lapa,LAPA,Jaguaré,Jaguare,feminino,1334,1570,1560,1711,2013,2063,2093,2383,2655,2290,2027,1788,1592,1286,1055,1845,29265,populacao_seade-sp_2000a2024,populacao_seade-sp_2000a2024_feminino_2023.csv
2023,Pirituba/Jaraguá,PIRITUBA_JARAGUA,Jaraguá,Jaragua,feminino,6168,6834,6509,7264,9057,9307,8868,9084,9109,7909,7334,6602,5775,4469,3047,3660,110996,populacao_seade-sp_2000a2024,populacao_seade-sp_2000a2024_feminino_2023.csv
2023,M'Boi Mirim,M_BOI_MIRIM,Jardim Ângela,Jardim_Angela,feminino,9536,10626,10491,11689,13593,13725,12873,13223,13433,11594,10570,8913,7019,5368,3679,4201,160533,populacao_seade-sp_2000a2024,populacao_seade-sp_2000a2024_feminino_2023.csv
2023,São Miguel,SAO_MIGUEL,Jardim Helena,Jardim_Helena,feminino,4103,4536,4190,4361,5379,5743,5467,5358,5127,4367,4110,3692,3158,2490,1787,2323,66191,populacao_seade-sp_2000a2024,populacao_seade-sp_2000a2024_feminino_2023.csv
2023,Pinheiros,PINHEIROS,Jardim Paulista,Jardim_Paulista,feminino,1305,1698,1598,1483,1522,1680,2416,3928,4783,3819,3157,3055,3270,3229,2841,5857,45641,populacao_seade-sp_2000a2024,populacao_seade-sp_2000a2024_feminino_2023.csv
2023,M'Boi Mirim,M_BOI_MIRIM,Jardim São Luís,Jardim_Sao_Luis,feminino,7158,8073,7750,8365,10176,10710,10730,11538,11598,9830,9072,8040,6849,5442,4018,5056,134405,populacao_seade-sp_2000a2024,populacao_seade-sp_2000a2024_feminino_2023.csv
2023,Itaquera,ITAQUERA,José Bonifácio,Jose_Bonifacio,feminino,3069,3461,3589,4380,5217,5255,5048,5473,6009,5234,4551,4046,3701,3402,2752,3302,68489,populacao_seade-sp_2000a2024,populacao_seade-sp_2000a2024_feminino_2023.csv
2023,Guaianases,GUAIANASES,Lajeado,Lajeado,feminino,5086,5543,5261,5746,7160,7754,7262,6884,6421,5593,5351,4705,3920,3026,2088,2537,84337,populacao_seade-sp_2000a2024,populacao_seade-sp_2000a2024_feminino_2023.csv
2023,Lapa,LAPA,Lapa,Lapa,feminino,1364,1684,1700,1759,1925,2015,2314,2970,3501,3255,3080,3081,3090,2779,2336,5027,41880,populacao_seade-sp_2000a2024,populacao_seade-sp_2000a2024_feminino_2023.csv
2023,Sé,SE,Liberdade,Liberdade,feminino,1264,1604,1540,1454,1535,1681,2270,3192,3517,2979,2638,2362,2346,2162,1815,3352,35711,populacao_seade-sp_2000a2024,populacao_seade-sp_2000a2024_feminino_2023.csv
2023,Casa Verde/Cachoeirinha,CASA_VERDE_CACHOEIRINHA,Limão,Limao,feminino,2174,2524,2371,2407,2843,2978,3206,3555,3633,3147,2872,2662,2637,2392,1884,3005,44290,populacao_seade-sp_2000a2024,populacao_seade-sp_2000a2024_feminino_2023.csv
2023,Santana/Tucuruvi,SANTANA_TUCURUVI,Mandaqui,Mandaqui,feminino,2230,2560,2513,2758,3414,3754,3915,4241,4408,4106,4107,4032,3862,3141,2441,4149,55631,populacao_seade-sp_2000a2024,populacao_seade-sp_2000a2024_feminino_2023.csv
2023,Parelheiros,PARELHEIROS,Marsilac,Marsilac,feminino,307,315,326,425,542,596,488,441,405,352,329,350,320,244,169,243,5852,populacao_seade-sp_2000a2024,populacao_seade-sp_2000a2024_feminino_2023.csv
2023,Vila Mariana,VILA_MARIANA,Moema,Moema,feminino,1257,1617,1698,1774,1820,1978,2463,3406,4261,3998,3534,3284,3424,3181,2694,4964,45353,populacao_seade-sp_2000a2024,populacao_seade-sp_2000a2024_feminino_2023.csv
2023,Mooca,MOOCA,Mooca,Mooca,feminino,1651,1978,1962,1990,2183,2402,2813,3332,3593,3289,3182,3086,3017,2620,2084,4475,43657,populacao_seade-sp_2000a2024,populacao_seade-sp_2000a2024_feminino_2023.csv
2023,Butantã,BUTANTA,Morumbi,Morumbi,feminino,1051,1249,1157,1167,1426,1452,1500,1702,1856,1780,1729,1629,1491,1260,1027,1781,23257,populacao_seade-sp_2000a2024,populacao_seade-sp_2000a2024_feminino_2023.csv
2023,Parelheiros,PARELHEIROS,Parelheiros,Parelheiros,feminino,5105,5545,5133,5645,7096,7296,6517,6083,6023,5335,5094,4395,3550,2624,1767,2002,79210,populacao_seade-sp_2000a2024,populacao_seade-sp_2000a2024_feminino_2023.csv
2023,Mooca,MOOCA,Pari,Pari,feminino,510,599,553,527,591,594,654,763,711,595,586,536,504,402,324,736,9185,populacao_seade-sp_2000a2024,populacao_seade-sp_2000a2024_feminino_2023.csv
2023,Itaquera,ITAQUERA,Parque do Carmo,Parque_do_Carmo,feminino,2003,2270,2232,2485,3004,3079,3028,3209,3269,2827,2533,2302,2037,1654,1221,1646,38799,populacao_seade-sp_2000a2024,populacao_seade-sp_2000a2024_feminino_2023.csv
2023,Cidade Ademar,CIDADE_ADEMAR,Pedreira,Pedreira,feminino,4468,4890,4872,5696,6878,7320,7212,7230,7104,6155,5709,5064,4248,3357,2349,3001,85553,populacao_seade-sp_2000a2024,populacao_seade-sp_2000a2024_feminino_2023.csv
2023,Penha,PENHA,Penha,Penha,feminino,2902,3364,3313,3542,4211,4601,5029,5650,5698,4984,4890,4982,4850,4193,3391,6412,72012,populacao_seade-sp_2000a2024,populacao_seade-sp_2000a2024_feminino_2023.csv
2023,Lapa,LAPA,Perdizes,Perdizes,feminino,1646,2046,2062,2226,2366,2472,3261,4688,5403,4522,3979,3898,4140,3916,3381,6268,56274,populacao_seade-sp_2000a2024,populacao_seade-sp_2000a2024_feminino_2023.csv
2023,Perus,PERUS,Perus,Perus,feminino,2765,3041,2833,3022,3773,4008,3766,3635,3500,3097,2928,2590,2091,1568,1114,1404,45135,populacao_seade-sp_2000a2024,populacao_seade-sp_2000a2024_feminino_2023.csv
2023,Pinheiros,PINHEIROS,Pinheiros,Pinheiros,feminino,1020,1337,1317,1305,1378,1444,1855,2835,3609,3050,2699,2650,2713,2540,2180,4683,36615,populacao_seade-sp_2000a2024,populacao_seade-sp_2000a2024_feminino_2023.csv
2023,Pirituba/Jaraguá,PIRITUBA_JARAGUA,Pirituba,Pirituba,feminino,4309,4983,4870,5188,6157,6649,6955,7667,7881,6864,6569,6383,6108,5134,3897,6129,95743,populacao_seade-sp_2000a2024,populacao_seade-sp_2000a2024_feminino_2023.csv
2023,Ermelino Matarazzo,ERMELINO_MATARAZZO,Ponte Rasa,Ponte_Rasa,feminino,2061,2344,2334,2601,3157,3394,3488,3865,3808,3241,3164,3195,3142,2679,2026,3343,47842,populacao_seade-sp_2000a2024,populacao_seade-sp_2000a2024_feminino_2023.csv
2023,Butantã,BUTANTA,Raposo Tavares,Raposo_Tavares,feminino,3380,3861,3664,3856,4615,4629,4665,5126,5490,4789,4216,3654,3240,2736,2083,2683,62687,populacao_seade-sp_2000a2024,populacao_seade-sp_2000a2024_feminino_2023.csv
2023,Sé,SE,República,Republica,feminino,1207,1549,1448,1257,1278,1469,2093,3093,3226,2513,2187,2019,1932,1725,1425,2463,30884,populacao_seade-sp_2000a2024,populacao_seade-sp_2000a2024_feminino_2023.csv
2023,Butantã,BUTANTA,Rio Pequeno,Rio_Pequeno,feminino,3741,4424,4042,3792,4440,4651,4901,5702,5967,5081,4638,4334,4023,3297,2458,3809,69300,populacao_seade-sp_2000a2024,populacao_seade-sp_2000a2024_feminino_2023.csv
2023,Ipiranga,IPIRANGA,Sacomã,Sacoma,feminino,6159,6998,6984,7856,9398,9949,10374,11554,12000,10303,9562,8975,8343,6792,5154,8316,138717,populacao_seade-sp_2000a2024,populacao_seade-sp_2000a2024_feminino_2023.csv
2023,Sé,SE,Santa Cecília,Santa_Cecilia,feminino,1574,1966,1822,1689,1852,2110,2863,4048,4364,3497,3094,2990,2907,2657,2178,4151,43762,populacao_seade-sp_2000a2024,populacao_seade-sp_2000a2024_feminino_2023.csv
2023,Santana/Tucuruvi,SANTANA_TUCURUVI,Santana,Santana,feminino,2219,2693,2541,2502,2977,3417,4148,5394,5609,4689,4449,4630,4862,4465,3615,6900,65110,populacao_seade-sp_2000a2024,populacao_seade-sp_2000a2024_feminino_2023.csv
2023,Santo Amaro,SANTO_AMARO,Santo Amaro,Santo_Amaro,feminino,1512,1850,1935,2148,2368,2424,2713,3238,3757,3682,3599,3456,3389,3061,2650,5298,47080,populacao_seade-sp_2000a2024,populacao_seade-sp_2000a2024_feminino_2023.csv
2023,Pirituba/Jaraguá,PIRITUBA_JARAGUA,São Domingos,Sao_Domingos,feminino,2051,2340,2363,2694,3213,3348,3429,3762,3901,3413,3288,3155,2907,2426,1894,3104,47288,populacao_seade-sp_2000a2024,populacao_seade-sp_2000a2024_feminino_2023.csv
2023,Vila Prudente,VILA_PRUDENTE,São Lucas,Sao_Lucas,feminino,2922,3324,3396,3920,4514,4834,5224,5827,5952,5188,5018,5102,4954,4128,3339,5967,73609,populacao_seade-sp_2000a2024,populacao_seade-sp_2000a2024_feminino_2023.csv
2023,São Mateus,SAO_MATEUS,São Mateus,Sao_Mateus,feminino,4086,4640,4452,4765,5924,6321,6203,6644,6548,5571,5408,5144,4686,3756,2789,4157,81094,populacao_seade-sp_2000a2024,populacao_seade-sp_2000a2024_feminino_2023.csv
2023,São Miguel,SAO_MIGUEL,São Miguel,Sao_Miguel,feminino,2390,2741,2462,2358,2961,3245,3227,3352,3119,2699,2673,2655,2399,1900,1387,2343,41911,populacao_seade-sp_2000a2024,populacao_seade-sp_2000a2024_feminino_2023.csv
2023,São Mateus,SAO_MATEUS,São Rafael,Sao_Rafael,feminino,4074,4462,4513,5485,6604,6537,5994,6038,6118,5397,5135,4536,3681,2751,2050,2667,76042,populacao_seade-sp_2000a2024,populacao_seade-sp_2000a2024_feminino_2023.csv
2023,Sapopemba,SAPOPEMBA,Sapopemba,Sapopemba,feminino,7001,7868,7653,8421,10240,10936,10949,11398,11078,9308,9023,8691,7941,6392,4802,6832,138533,populacao_seade-sp_2000a2024,populacao_seade-sp_2000a2024_feminino_2023.csv
2023,Vila Mariana,VILA_MARIANA,Saúde,Saude,feminino,2150,2748,2778,2847,3039,3178,3886,5425,6580,5717,5204,5139,5320,4955,4103,8108,71177,populacao_seade-sp_2000a2024,populacao_seade-sp_2000a2024_feminino_2023.csv
2023,Sé,SE,Sé,Se,feminino,684,851,699,573,732,802,978,1187,1168,1028,897,669,537,431,315,505,12056,populacao_seade-sp_2000a2024,populacao_seade-sp_2000a2024_feminino_2023.csv
2023,Capela do Socorro,CAPELA_DO_SOCORRO,Socorro,Socorro,feminino,776,927,877,903,1120,1208,1312,1560,1739,1509,1453,1439,1436,1279,1093,2069,20700,populacao_seade-sp_2000a2024,populacao_seade-sp_2000a2024_feminino_2023.csv
2023,Mooca,MOOCA,Tatuapé,Tatuape,feminino,1808,2166,2153,2337,2786,3105,3541,4126,4421,4054,4024,4091,4117,3522,2761,5551,54563,populacao_seade-sp_2000a2024,populacao_seade-sp_2000a2024_feminino_2023.csv
2023,Jaçanã/Tremembé,JACANA_TREMEMBE,Tremembé,Tremembe,feminino,5538,6198,5852,6288,7721,8260,8056,8148,8042,7133,6909,6221,5424,4399,3289,4788,102266,populacao_seade-sp_2000a2024,populacao_seade-sp_2000a2024_feminino_2023.csv
2023,Santana/Tucuruvi,SANTANA_TUCURUVI,Tucuruvi,Tucuruvi,feminino,1924,2246,2194,2359,2833,3147,3660,4366,4520,3794,3582,3729,3949,3702,3001,5687,54693,populacao_seade-sp_2000a2024,populacao_seade-sp_2000a2024_feminino_2023.csv
2023,Campo Limpo,CAMPO_LIMPO,Vila Andrade,Vila_Andrade,feminino,4420,4822,4983,6191,7338,7485,7367,7616,7782,6969,6220,5263,4095,2923,2096,2770,88340,populacao_seade-sp_2000a2024,populacao_seade-sp_2000a2024_feminino_2023.csv
2023,Itaim Paulista,ITAIM_PAULISTA,Vila Curuçá,Vila_Curuca,feminino,3849,4210,4076,4690,5935,6330,6010,5853,5657,5014,4885,4381,3678,2877,2182,3050,72677,populacao_seade-sp_2000a2024,populacao_seade-sp_2000a2024_feminino_2023.csv
2023,Aricanduva/Formosa/Carrão,ARICANDUVA_FORMOSA_CARRAO,Vila Formosa,Vila_Formosa,feminino,1904,2168,2114,2362,2955,3242,3457,3831,3843,3339,3297,3476,3527,3077,2479,4535,49606,populacao_seade-sp_2000a2024,populacao_seade-sp_2000a2024_feminino_2023.csv
2023,Vila Maria/Vila Guilherme,VILA_MARIA_VILA_GUILHERME,Vila Guilherme,Vila_Guilherme,feminino,1253,1524,1442,1372,1558,1652,1784,2157,2387,2116,1887,1806,1814,1615,1312,2490,28169,populacao_seade-sp_2000a2024,populacao_seade-sp_2000a2024_feminino_2023.csv
2023,São Miguel,SAO_MIGUEL,Vila Jacuí,Vila_Jacui,feminino,3324,3624,3721,4602,5562,5956,5871,5951,5714,4814,4557,4257,3823,3041,2113,2671,69601,populacao_seade-sp_2000a2024,populacao_seade-sp_2000a2024_feminino_2023.csv
2023,Lapa,LAPA,Vila Leopoldina,Vila_Leopoldina,feminino,910,1091,1168,1316,1425,1452,1507,1742,2192,2214,1979,1734,1574,1215,922,1719,24160,populacao_seade-sp_2000a2024,populacao_seade-sp_2000a2024_feminino_2023.csv
2023,Vila Maria/Vila Guilherme,VILA_MARIA_VILA_GUILHERME,Vila Maria,Vila_Maria,feminino,2941,3384,3212,3272,3847,4086,4262,4776,4720,3857,3536,3397,3171,2634,2057,3638,56790,populacao_seade-sp_2000a2024,populacao_seade-sp_2000a2024_feminino_2023.csv
2023,Vila Mariana,VILA_MARIANA,Vila Mariana,Vila_Mariana,feminino,2090,2641,2532,2449,2551,2906,4106,6095,7024,5619,4880,4881,5266,5097,4357,8141,70635,populacao_seade-sp_2000a2024,populacao_seade-sp_2000a2024_feminino_2023.csv
2023,Penha,PENHA,Vila Matilde,Vila_Matilde,feminino,2228,2564,2578,2895,3444,3693,3910,4331,4423,3957,3851,3762,3632,3202,2557,4431,55458,populacao_seade-sp_2000a2024,populacao_seade-sp_2000a2024_feminino_2023.csv
2023,Vila Maria/Vila Guilherme,VILA_MARIA_VILA_GUILHERME,Vila Medeiros,Vila_Medeiros,feminino,2828,3276,3143,3241,3847,4202,4512,5016,4829,4013,3835,3815,3791,3376,2601,4618,60943,populacao_seade-sp_2000a2024,populacao_seade-sp_2000a2024_feminino_2023.csv
2023,Vila Prudente,VILA_PRUDENTE,Vila Prudente,Vila_Prudente,feminino,2192,2537,2554,2788,3224,3547,3913,4510,4692,4064,3871,3876,3896,3420,2727,5156,56967,populacao_seade-sp_2000a2024,populacao_seade-sp_2000a2024_feminino_2023.csv
2023,Butantã,BUTANTA,Vila Sônia,Vila_Sonia,feminino,3054,3601,3467,3591,4124,4327,4813,5501,5806,5052,4590,4140,3769,3276,2667,4289,66067,populacao_seade-sp_2000a2024,populacao_seade-sp_2000a2024_feminino_2023.csv
2023,,NAO_IDENTIFICADO,Ignorado,Ignorado,feminino,-,-,-,-,-,-,-,-,-,-,-,-,-,-,-,-,-,populacao_seade-sp_2000a2024,populacao_seade-sp_2000a2024_feminino_2023.csv
2022,Mooca,MOOCA,Água Rasa,Agua_Rasa,feminino,1797,2135,2046,2120,2450,2777,3055,3354,3705,3339,3247,3364,3321,2900,2436,4887,46933,populacao_seade-sp_2000a2024,populacao_seade-sp_2000a2024_feminino_2022.csv
2022,Pinheiros,PINHEIROS,Alto de Pinheiros,Alto_de_Pinheiros,feminino,564,677,746,816,926,1070,1262,1449,1639,1531,1508,1640,1646,1479,1313,2743,21009,populacao_seade-sp_2000a2024,populacao_seade-sp_2000a2024_feminino_2022.csv
2022,Perus,PERUS,Anhanguera,Anhanguera,feminino,2156,2260,2328,2731,3488,3780,3470,3204,3076,2863,2721,2242,1640,1104,662,743,38468,populacao_seade-sp_2000a2024,populacao_seade-sp_2000a2024_feminino_2022.csv
2022,Aricanduva/Formosa/Carrão,ARICANDUVA_FORMOSA_CARRAO,Aricanduva,Aricanduva,feminino,2044,2330,2356,2605,3187,3366,3409,3693,3722,3346,3290,3161,2971,2551,2134,3748,47913,populacao_seade-sp_2000a2024,populacao_seade-sp_2000a2024_feminino_2022.csv
2022,Penha,PENHA,Artur Alvim,Artur_Alvim,feminino,2186,2518,2602,2815,3365,3627,3786,4180,4308,3793,3460,3223,3072,2731,2276,3586,51528,populacao_seade-sp_2000a2024,populacao_seade-sp_2000a2024_feminino_2022.csv
2022,Lapa,LAPA,Barra Funda,Barra_Funda,feminino,768,925,895,891,935,976,1248,1611,1726,1463,1187,1113,1092,946,844,1736,18356,populacao_seade-sp_2000a2024,populacao_seade-sp_2000a2024_feminino_2022.csv
2022,Sé,SE,Bela Vista,Bela_Vista,feminino,1219,1505,1289,1109,1176,1452,2245,3359,3422,2581,2193,2024,2001,1861,1577,2826,31839,populacao_seade-sp_2000a2024,populacao_seade-sp_2000a2024_feminino_2022.csv
2022,Mooca,MOOCA,Belém,Belem,feminino,1623,2037,1694,1458,1578,1620,1884,2372,2488,2009,1779,1755,1658,1472,1184,2465,29076,populacao_seade-sp_2000a2024,populacao_seade-sp_2000a2024_feminino_2022.csv
2022,Sé,SE,Bom Retiro,Bom_Retiro,feminino,945,1123,1033,986,1092,1129,1321,1562,1533,1210,1078,1002,878,753,588,1130,17363,populacao_seade-sp_2000a2024,populacao_seade-sp_2000a2024_feminino_2022.csv
2022,Mooca,MOOCA,Brás,Bras,feminino,1166,1434,1139,1031,1215,1307,1579,1823,1758,1427,1241,1101,1005,817,583,940,19566,populacao_seade-sp_2000a2024,populacao_seade-sp_2000a2024_feminino_2022.csv
2022,Freguesia/Brasilândia,FREGUESIA_BRASILANDIA,Brasilândia,Brasilandia,feminino,7904,8736,8126,8742,10816,11054,10299,10132,9812,8440,7926,7019,5874,4506,3359,4560,127305,populacao_seade-sp_2000a2024,populacao_seade-sp_2000a2024_feminino_2022.csv
2022,Butantã,BUTANTA,Butantã,Butanta,feminino,977,1168,1108,1122,1291,1501,1889,2456,2587,2113,1911,1877,1852,1721,1476,2802,27851,populacao_seade-sp_2000a2024,populacao_seade-sp_2000a2024_feminino_2022.csv
2022,Casa Verde/Cachoeirinha,CASA_VERDE_CACHOEIRINHA,Cachoeirinha,Cachoeirinha,feminino,4202,4780,4572,4772,5716,6031,5877,6134,6086,5165,4780,4425,3940,3095,2299,3183,75057,populacao_seade-sp_2000a2024,populacao_seade-sp_2000a2024_feminino_2022.csv
2022,Sé,SE,Cambuci,Cambuci,feminino,1051,1247,1221,1223,1378,1452,1654,1997,2150,1931,1703,1541,1495,1304,1014,2077,24438,populacao_seade-sp_2000a2024,populacao_seade-sp_2000a2024_feminino_2022.csv
2022,Santo Amaro,SANTO_AMARO,Campo Belo,Campo_Belo,feminino,1367,1670,1694,1758,1902,1942,2304,2956,3311,3094,2801,2687,2684,2477,2129,4379,39155,populacao_seade-sp_2000a2024,populacao_seade-sp_2000a2024_feminino_2022.csv
2022,Santo Amaro,SANTO_AMARO,Campo Grande,Campo_Grande,feminino,2381,2834,3009,3228,3727,3913,4031,4652,5355,5062,4948,4690,4223,3478,2730,4466,62727,populacao_seade-sp_2000a2024,populacao_seade-sp_2000a2024_feminino_2022.csv
2022,Campo Limpo,CAMPO_LIMPO,Campo Limpo,Campo_Limpo,feminino,6534,7341,7373,7928,9499,9855,9789,10515,10784,9339,8312,7127,6165,4909,3577,4656,123703,populacao_seade-sp_2000a2024,populacao_seade-sp_2000a2024_feminino_2022.csv
2022,Penha,PENHA,Cangaíba,Cangaiba,feminino,3745,4256,4012,4226,5239,5671,5802,6095,5868,5175,5048,4856,4389,3558,2713,4226,74879,populacao_seade-sp_2000a2024,populacao_seade-sp_2000a2024_feminino_2022.csv
2022,Campo Limpo,CAMPO_LIMPO,Capão Redondo,Capao_Redondo,feminino,8022,8921,8624,9388,11476,11824,11620,12049,11924,10158,9197,7982,6791,5409,3916,4713,142014,populacao_seade-sp_2000a2024,populacao_seade-sp_2000a2024_feminino_2022.csv
2022,Aricanduva/Formosa/Carrão,ARICANDUVA_FORMOSA_CARRAO,Carrão,Carrao,feminino,1662,1953,1993,2212,2613,2791,2989,3396,3646,3333,3245,3320,3195,2735,2306,4389,45778,populacao_seade-sp_2000a2024,populacao_seade-sp_2000a2024_feminino_2022.csv
2022,Casa Verde/Cachoeirinha,CASA_VERDE_CACHOEIRINHA,Casa Verde,Casa_Verde,feminino,1969,2300,2183,2240,2674,2899,3105,3498,3552,3063,2842,2793,2746,2395,1924,3503,43686,populacao_seade-sp_2000a2024,populacao_seade-sp_2000a2024_feminino_2022.csv
2022,Cidade Ademar,CIDADE_ADEMAR,Cidade Ademar,Cidade_Ademar,feminino,7180,8088,7843,8193,9758,10413,10589,10990,10947,9487,8603,7538,6699,5428,4039,5737,131532,populacao_seade-sp_2000a2024,populacao_seade-sp_2000a2024_feminino_2022.csv
2022,Capela do Socorro,CAPELA_DO_SOCORRO,Cidade Dutra,Cidade_Dutra,feminino,4880,5500,5370,5890,7179,7552,7521,7792,7831,6860,6457,5904,5343,4332,3308,4364,96083,populacao_seade-sp_2000a2024,populacao_seade-sp_2000a2024_feminino_2022.csv
2022,Itaquera,ITAQUERA,Cidade Líder,Cidade_Lider,feminino,3598,4028,3976,4433,5332,5746,5766,5950,5908,5148,4757,4277,3839,3120,2367,2976,71221,populacao_seade-sp_2000a2024,populacao_seade-sp_2000a2024_feminino_2022.csv
2022,Cidade Tiradentes,CIDADE_TIRADENTES,Cidade Tiradentes,Cidade_Tiradentes,feminino,6029,6387,6550,7577,9259,9530,8536,8192,7972,6742,6007,5378,4758,3754,2521,2580,101772,populacao_seade-sp_2000a2024,populacao_seade-sp_2000a2024_feminino_2022.csv
2022,Sé,SE,Consolação,Consolacao,feminino,861,960,837,830,936,1377,2503,3215,2811,2101,1889,1985,2086,1960,1718,3725,29794,populacao_seade-sp_2000a2024,populacao_seade-sp_2000a2024_feminino_2022.csv
2022,Ipiranga,IPIRANGA,Cursino,Cursino,feminino,2226,2674,2661,2742,3030,3317,3713,4375,4694,4103,3845,3831,3839,3369,2620,4927,55966,populacao_seade-sp_2000a2024,populacao_seade-sp_2000a2024_feminino_2022.csv
2022,Ermelino Matarazzo,ERMELINO_MATARAZZO,Ermelino Matarazzo,Ermelino_Matarazzo,feminino,3021,3404,3416,3669,4341,4639,4745,4915,4800,4148,3904,3559,3151,2565,1827,2520,58624,populacao_seade-sp_2000a2024,populacao_seade-sp_2000a2024_feminino_2022.csv
2022,Freguesia/Brasilândia,FREGUESIA_BRASILANDIA,Freguesia do Ó,Freguesia_do_O,feminino,3295,3809,3601,3792,4659,5069,5297,5891,5993,5215,5014,4924,4808,4036,3071,5107,73581,populacao_seade-sp_2000a2024,populacao_seade-sp_2000a2024_feminino_2022.csv
2022,Capela do Socorro,CAPELA_DO_SOCORRO,Grajaú,Grajau,feminino,12011,13219,12737,13915,17172,17948,16520,16329,15899,13775,12877,11070,9021,6684,4617,4934,198728,populacao_seade-sp_2000a2024,populacao_seade-sp_2000a2024_feminino_2022.csv
2022,Guaianases,GUAIANASES,Guaianases,Guaianases,feminino,3390,3701,3543,3889,4770,4980,4672,4559,4381,3808,3586,3147,2705,2136,1497,1884,56648,populacao_seade-sp_2000a2024,populacao_seade-sp_2000a2024_feminino_2022.csv
2022,São Mateus,SAO_MATEUS,Iguatemi,Iguatemi,feminino,4806,5170,4885,5486,6729,7023,6449,6131,5753,5089,4885,4280,3475,2546,1720,1888,76315,populacao_seade-sp_2000a2024,populacao_seade-sp_2000a2024_feminino_2022.csv
2022,Ipiranga,IPIRANGA,Ipiranga,Ipiranga,feminino,2520,3005,2993,3105,3554,3891,4286,4929,5214,4711,4498,4280,4080,3483,2802,5612,62963,populacao_seade-sp_2000a2024,populacao_seade-sp_2000a2024_feminino_2022.csv
2022,Pinheiros,PINHEIROS,Itaim Bibi,Itaim_Bibi,feminino,1807,2350,2354,2039,1947,2299,3139,4631,5700,4897,4039,3763,3817,3644,3140,6345,55911,populacao_seade-sp_2000a2024,populacao_seade-sp_2000a2024_feminino_2022.csv
2022,Itaim Paulista,ITAIM_PAULISTA,Itaim Paulista,Itaim_Paulista,feminino,6104,6667,6671,7344,9015,9554,8875,8573,8171,7148,6988,6271,5293,4014,2836,3567,107091,populacao_seade-sp_2000a2024,populacao_seade-sp_2000a2024_feminino_2022.csv
2022,Itaquera,ITAQUERA,Itaquera,Itaquera,feminino,5807,6520,6514,7073,8682,8945,8483,8673,8925,8030,7581,6682,5770,4734,3560,4966,110945,populacao_seade-sp_2000a2024,populacao_seade-sp_2000a2024_feminino_2022.csv
2022,Jabaquara,JABAQUARA,Jabaquara,Jabaquara,feminino,5162,6023,6023,6217,7325,7887,8409,9515,9967,8637,8017,7556,6975,5742,4393,7577,115425,populacao_seade-sp_2000a2024,populacao_seade-sp_2000a2024_feminino_2022.csv
2022,Jaçanã/Tremembé,JACANA_TREMEMBE,Jaçanã,Jacana,feminino,2141,2394,2526,2909,3477,3575,3551,3766,3808,3226,2926,2771,2657,2244,1733,2808,46512,populacao_seade-sp_2000a2024,populacao_seade-sp_2000a2024_feminino_2022.csv
2022,Lapa,LAPA,Jaguara,Jaguara,feminino,542,637,618,668,817,852,900,1025,1061,916,877,879,887,776,641,1102,13198,populacao_seade-sp_2000a2024,populacao_seade-sp_2000a2024_feminino_2022.csv
2022,Lapa,LAPA,Jaguaré,Jaguare,feminino,1357,1591,1596,1736,2027,2099,2104,2426,2622,2258,1967,1752,1514,1238,1033,1780,29100,populacao_seade-sp_2000a2024,populacao_seade-sp_2000a2024_feminino_2022.csv
2022,Pirituba/Jaraguá,PIRITUBA_JARAGUA,Jaraguá,Jaragua,feminino,6204,6839,6641,7477,9205,9363,8805,8957,8981,7864,7227,6424,5552,4202,2876,3466,110083,populacao_seade-sp_2000a2024,populacao_seade-sp_2000a2024_feminino_2022.csv
2022,M'Boi Mirim,M_BOI_MIRIM,Jardim Ângela,Jardim_Angela,feminino,9679,10760,10954,11902,13911,13887,12883,13199,13379,11568,10493,8478,6759,5101,3488,3973,160414,populacao_seade-sp_2000a2024,populacao_seade-sp_2000a2024_feminino_2022.csv
2022,São Miguel,SAO_MIGUEL,Jardim Helena,Jardim_Helena,feminino,4196,4616,4289,4524,5588,5887,5480,5319,5104,4425,4143,3623,3093,2399,1742,2252,66680,populacao_seade-sp_2000a2024,populacao_seade-sp_2000a2024_feminino_2022.csv
2022,Pinheiros,PINHEIROS,Jardim Paulista,Jardim_Paulista,feminino,1376,1728,1593,1454,1522,1807,2686,4149,4709,3668,3107,3096,3269,3220,2759,5794,45937,populacao_seade-sp_2000a2024,populacao_seade-sp_2000a2024_feminino_2022.csv
2022,M'Boi Mirim,M_BOI_MIRIM,Jardim São Luís,Jardim_Sao_Luis,feminino,7337,8249,8012,8649,10453,10976,10950,11618,11534,9917,9072,7888,6658,5282,3883,4849,135327,populacao_seade-sp_2000a2024,populacao_seade-sp_2000a2024_feminino_2022.csv
2022,Itaquera,ITAQUERA,José Bonifácio,Jose_Bonifacio,feminino,3108,3485,3813,4473,5285,5296,5054,5522,6024,5112,4480,3935,3652,3360,2628,3101,68328,populacao_seade-sp_2000a2024,populacao_seade-sp_2000a2024_feminino_2022.csv
2022,Guaianases,GUAIANASES,Lajeado,Lajeado,feminino,5172,5622,5456,5940,7466,7902,7229,6750,6394,5694,5363,4575,3816,2892,2006,2440,84717,populacao_seade-sp_2000a2024,populacao_seade-sp_2000a2024_feminino_2022.csv
2022,Lapa,LAPA,Lapa,Lapa,feminino,1385,1698,1708,1726,1907,2059,2385,2999,3492,3181,3036,3045,2990,2679,2255,4929,41474,populacao_seade-sp_2000a2024,populacao_seade-sp_2000a2024_feminino_2022.csv
2022,Sé,SE,Liberdade,Liberdade,feminino,1323,1651,1540,1447,1541,1810,2465,3280,3472,2967,2571,2359,2332,2121,1783,3284,35946,populacao_seade-sp_2000a2024,populacao_seade-sp_2000a2024_feminino_2022.csv
2022,Casa Verde/Cachoeirinha,CASA_VERDE_CACHOEIRINHA,Limão,Limao,feminino,2217,2567,2377,2465,2856,3078,3271,3545,3603,3135,2833,2654,2623,2333,1822,2938,44317,populacao_seade-sp_2000a2024,populacao_seade-sp_2000a2024_feminino_2022.csv
2022,Santana/Tucuruvi,SANTANA_TUCURUVI,Mandaqui,Mandaqui,feminino,2275,2608,2590,2834,3506,3861,3978,4234,4433,4187,4126,4056,3758,3017,2409,4063,55935,populacao_seade-sp_2000a2024,populacao_seade-sp_2000a2024_feminino_2022.csv
2022,Parelheiros,PARELHEIROS,Marsilac,Marsilac,feminino,301,305,352,418,569,566,472,413,400,336,334,339,305,222,160,230,5722,populacao_seade-sp_2000a2024,populacao_seade-sp_2000a2024_feminino_2022.csv
2022,Vila Mariana,VILA_MARIANA,Moema,Moema,feminino,1312,1655,1764,1722,1822,2080,2610,3543,4328,3950,3421,3317,3367,3121,2595,4813,45420,populacao_seade-sp_2000a2024,populacao_seade-sp_2000a2024_feminino_2022.csv
2022,Mooca,MOOCA,Mooca,Mooca,feminino,1681,2009,1984,1961,2191,2515,2891,3327,3575,3283,3152,3060,2948,2514,2028,4445,43564,populacao_seade-sp_2000a2024,populacao_seade-sp_2000a2024_feminino_2022.csv
2022,Butantã,BUTANTA,Morumbi,Morumbi,feminino,1093,1288,1163,1218,1459,1496,1555,1723,1908,1815,1746,1622,1465,1235,1018,1747,23551,populacao_seade-sp_2000a2024,populacao_seade-sp_2000a2024_feminino_2022.csv
2022,Parelheiros,PARELHEIROS,Parelheiros,Parelheiros,feminino,5134,5532,5219,5832,7246,7337,6307,5987,5956,5366,5033,4196,3395,2446,1688,1871,78545,populacao_seade-sp_2000a2024,populacao_seade-sp_2000a2024_feminino_2022.csv
2022,Mooca,MOOCA,Pari,Pari,feminino,520,610,547,532,593,611,685,751,684,608,574,534,486,383,327,734,9179,populacao_seade-sp_2000a2024,populacao_seade-sp_2000a2024_feminino_2022.csv
2022,Itaquera,ITAQUERA,Parque do Carmo,Parque_do_Carmo,feminino,2028,2295,2300,2545,3037,3101,3049,3176,3259,2781,2513,2244,1980,1579,1180,1576,38643,populacao_seade-sp_2000a2024,populacao_seade-sp_2000a2024_feminino_2022.csv
2022,Cidade Ademar,CIDADE_ADEMAR,Pedreira,Pedreira,feminino,4492,4897,5110,5787,6968,7425,7151,7083,7030,6103,5665,4845,4098,3163,2219,2840,84876,populacao_seade-sp_2000a2024,populacao_seade-sp_2000a2024_feminino_2022.csv
2022,Penha,PENHA,Penha,Penha,feminino,2941,3406,3376,3577,4260,4725,5136,5577,5619,4963,4934,4958,4725,4048,3310,6300,71855,populacao_seade-sp_2000a2024,populacao_seade-sp_2000a2024_feminino_2022.csv
2022,Lapa,LAPA,Perdizes,Perdizes,feminino,1718,2087,2142,2233,2347,2640,3542,4867,5358,4439,3943,3968,4133,3862,3334,6124,56737,populacao_seade-sp_2000a2024,populacao_seade-sp_2000a2024_feminino_2022.csv
2022,Perus,PERUS,Perus,Perus,feminino,2796,3060,2886,3104,3874,4040,3730,3550,3492,3110,2926,2493,2002,1489,1079,1343,44974,populacao_seade-sp_2000a2024,populacao_seade-sp_2000a2024_feminino_2022.csv
2022,Pinheiros,PINHEIROS,Pinheiros,Pinheiros,feminino,1066,1359,1322,1286,1365,1513,1993,3003,3556,2954,2662,2646,2659,2490,2103,4605,36582,populacao_seade-sp_2000a2024,populacao_seade-sp_2000a2024_feminino_2022.csv
2022,Pirituba/Jaraguá,PIRITUBA_JARAGUA,Pirituba,Pirituba,feminino,4371,5037,4964,5239,6248,6787,7036,7631,7763,6842,6550,6332,5946,4912,3750,5940,95348,populacao_seade-sp_2000a2024,populacao_seade-sp_2000a2024_feminino_2022.csv
2022,Ermelino Matarazzo,ERMELINO_MATARAZZO,Ponte Rasa,Ponte_Rasa,feminino,2105,2394,2436,2668,3260,3468,3595,3850,3763,3267,3221,3217,3115,2579,1983,3286,48207,populacao_seade-sp_2000a2024,populacao_seade-sp_2000a2024_feminino_2022.csv
2022,Butantã,BUTANTA,Raposo Tavares,Raposo_Tavares,feminino,3412,3897,3676,3946,4586,4676,4684,5128,5452,4701,4108,3527,3148,2621,1997,2525,62084,populacao_seade-sp_2000a2024,populacao_seade-sp_2000a2024_feminino_2022.csv
2022,Sé,SE,República,Republica,feminino,1253,1580,1414,1209,1286,1572,2297,3127,3098,2439,2144,1985,1889,1671,1386,2383,30733,populacao_seade-sp_2000a2024,populacao_seade-sp_2000a2024_feminino_2022.csv
2022,Butantã,BUTANTA,Rio Pequeno,Rio_Pequeno,feminino,3818,4500,3959,3834,4493,4726,5039,5716,5882,5016,4597,4266,3913,3128,2381,3680,68948,populacao_seade-sp_2000a2024,populacao_seade-sp_2000a2024_feminino_2022.csv
2022,Ipiranga,IPIRANGA,Sacomã,Sacoma,feminino,6241,7084,7245,8003,9494,10164,10522,11586,11833,10263,9460,8910,8042,6515,4948,8075,138385,populacao_seade-sp_2000a2024,populacao_seade-sp_2000a2024_feminino_2022.csv
2022,Sé,SE,Santa Cecília,Santa_Cecilia,feminino,1636,2002,1799,1673,1875,2256,3111,4124,4265,3395,3098,2955,2886,2591,2129,4099,43894,populacao_seade-sp_2000a2024,populacao_seade-sp_2000a2024_feminino_2022.csv
2022,Santana/Tucuruvi,SANTANA_TUCURUVI,Santana,Santana,feminino,2288,2739,2537,2521,3057,3560,4419,5429,5490,4637,4486,4684,4815,4347,3493,6796,65298,populacao_seade-sp_2000a2024,populacao_seade-sp_2000a2024_feminino_2022.csv
2022,Santo Amaro,SANTO_AMARO,Santo Amaro,Santo_Amaro,feminino,1528,1862,1975,2120,2315,2478,2741,3231,3765,3651,3511,3382,3273,2951,2580,5127,46490,populacao_seade-sp_2000a2024,populacao_seade-sp_2000a2024_feminino_2022.csv
2022,Pirituba/Jaraguá,PIRITUBA_JARAGUA,São Domingos,Sao_Domingos,feminino,2076,2369,2457,2744,3236,3403,3464,3758,3854,3409,3290,3104,2824,2329,1845,3013,47175,populacao_seade-sp_2000a2024,populacao_seade-sp_2000a2024_feminino_2022.csv
2022,Vila Prudente,VILA_PRUDENTE,São Lucas,Sao_Lucas,feminino,2978,3368,3592,3965,4575,5004,5348,5820,5913,5200,5069,5156,4796,4021,3270,5860,73935,populacao_seade-sp_2000a2024,populacao_seade-sp_2000a2024_feminino_2022.csv
2022,São Mateus,SAO_MATEUS,São Mateus,Sao_Mateus,feminino,4159,4716,4551,4899,6110,6392,6289,6621,6431,5626,5432,5088,4557,3588,2719,4030,81208,populacao_seade-sp_2000a2024,populacao_seade-sp_2000a2024_feminino_2022.csv
2022,São Miguel,SAO_MIGUEL,São Miguel,Sao_Miguel,feminino,2477,2827,2470,2461,3129,3340,3344,3310,3135,2759,2771,2666,2365,1840,1372,2354,42620,populacao_seade-sp_2000a2024,populacao_seade-sp_2000a2024_feminino_2022.csv
2022,São Mateus,SAO_MATEUS,São Rafael,Sao_Rafael,feminino,4118,4493,4797,5664,6727,6576,5954,6019,6080,5445,5105,4391,3493,2637,1995,2538,76032,populacao_seade-sp_2000a2024,populacao_seade-sp_2000a2024_feminino_2022.csv
2022,Sapopemba,SAPOPEMBA,Sapopemba,Sapopemba,feminino,7171,8038,7970,8710,10571,11275,11118,11409,10936,9447,9161,8683,7766,6179,4712,6625,139771,populacao_seade-sp_2000a2024,populacao_seade-sp_2000a2024_feminino_2022.csv
2022,Vila Mariana,VILA_MARIANA,Saúde,Saude,feminino,2237,2813,2828,2826,3029,3330,4122,5663,6544,5608,5167,5149,5277,4812,3985,7941,71331,populacao_seade-sp_2000a2024,populacao_seade-sp_2000a2024_feminino_2022.csv
2022,Sé,SE,Sé,Se,feminino,717,886,649,607,745,848,1047,1175,1172,1042,866,637,532,410,314,496,12143,populacao_seade-sp_2000a2024,populacao_seade-sp_2000a2024_feminino_2022.csv
2022,Capela do Socorro,CAPELA_DO_SOCORRO,Socorro,Socorro,feminino,793,946,875,930,1132,1246,1337,1600,1710,1510,1448,1447,1401,1256,1070,2031,20732,populacao_seade-sp_2000a2024,populacao_seade-sp_2000a2024_feminino_2022.csv
2022,Mooca,MOOCA,Tatuapé,Tatuape,feminino,1837,2182,2183,2346,2809,3218,3607,4098,4368,4047,3994,4095,3969,3372,2632,5455,54212,populacao_seade-sp_2000a2024,populacao_seade-sp_2000a2024_feminino_2022.csv
2022,Jaçanã/Tremembé,JACANA_TREMEMBE,Tremembé,Tremembe,feminino,5644,6271,5994,6467,7975,8461,8067,8079,7994,7255,6890,6094,5278,4258,3183,4663,102573,populacao_seade-sp_2000a2024,populacao_seade-sp_2000a2024_feminino_2022.csv
2022,Santana/Tucuruvi,SANTANA_TUCURUVI,Tucuruvi,Tucuruvi,feminino,1957,2272,2234,2397,2861,3275,3787,4363,4430,3735,3610,3759,3936,3598,2901,5594,54709,populacao_seade-sp_2000a2024,populacao_seade-sp_2000a2024_feminino_2022.csv
2022,Campo Limpo,CAMPO_LIMPO,Vila Andrade,Vila_Andrade,feminino,4396,4772,5259,6190,7278,7469,7278,7407,7716,6811,6016,4974,3769,2729,1972,2580,86616,populacao_seade-sp_2000a2024,populacao_seade-sp_2000a2024_feminino_2022.csv
2022,Itaim Paulista,ITAIM_PAULISTA,Vila Curuçá,Vila_Curuca,feminino,3925,4275,4279,4904,6148,6482,6004,5805,5660,5138,4913,4294,3561,2796,2146,2961,73291,populacao_seade-sp_2000a2024,populacao_seade-sp_2000a2024_feminino_2022.csv
2022,Aricanduva/Formosa/Carrão,ARICANDUVA_FORMOSA_CARRAO,Vila Formosa,Vila_Formosa,feminino,1936,2192,2178,2432,3023,3332,3535,3802,3800,3340,3351,3518,3461,2987,2417,4456,49760,populacao_seade-sp_2000a2024,populacao_seade-sp_2000a2024_feminino_2022.csv
2022,Vila Maria/Vila Guilherme,VILA_MARIA_VILA_GUILHERME,Vila Guilherme,Vila_Guilherme,feminino,1292,1566,1436,1380,1598,1698,1856,2186,2405,2087,1871,1819,1796,1577,1288,2471,28326,populacao_seade-sp_2000a2024,populacao_seade-sp_2000a2024_feminino_2022.csv
2022,São Miguel,SAO_MIGUEL,Vila Jacuí,Vila_Jacui,feminino,3383,3665,4028,4734,5741,6113,5921,5907,5656,4854,4597,4211,3751,2901,2030,2570,70062,populacao_seade-sp_2000a2024,populacao_seade-sp_2000a2024_feminino_2022.csv
2022,Lapa,LAPA,Vila Leopoldina,Vila_Leopoldina,feminino,921,1108,1216,1292,1405,1477,1501,1782,2252,2193,1889,1708,1478,1152,879,1674,23927,populacao_seade-sp_2000a2024,populacao_seade-sp_2000a2024_feminino_2022.csv
2022,Vila Maria/Vila Guilherme,VILA_MARIA_VILA_GUILHERME,Vila Maria,Vila_Maria,feminino,3016,3458,3272,3340,3949,4197,4401,4785,4650,3838,3566,3390,3109,2549,2029,3592,57141,populacao_seade-sp_2000a2024,populacao_seade-sp_2000a2024_feminino_2022.csv
2022,Vila Mariana,VILA_MARIANA,Vila Mariana,Vila_Mariana,feminino,2179,2672,2548,2399,2557,3142,4454,6331,6854,5437,4827,4948,5241,5030,4215,7973,70807,populacao_seade-sp_2000a2024,populacao_seade-sp_2000a2024_feminino_2022.csv
2022,Penha,PENHA,Vila Matilde,Vila_Matilde,feminino,2271,2606,2685,2947,3502,3791,3998,4307,4412,3982,3873,3750,3578,3128,2483,4365,55678,populacao_seade-sp_2000a2024,populacao_seade-sp_2000a2024_feminino_2022.csv
2022,Vila Maria/Vila Guilherme,VILA_MARIA_VILA_GUILHERME,Vila Medeiros,Vila_Medeiros,feminino,2920,3368,3230,3328,3990,4373,4699,5002,4787,4044,3926,3839,3840,3264,2589,4584,61783,populacao_seade-sp_2000a2024,populacao_seade-sp_2000a2024_feminino_2022.csv
2022,Vila Prudente,VILA_PRUDENTE,Vila Prudente,Vila_Prudente,feminino,2225,2570,2643,2792,3269,3653,4010,4509,4626,4041,3872,3890,3824,3301,2648,5072,56945,populacao_seade-sp_2000a2024,populacao_seade-sp_2000a2024_feminino_2022.csv
2022,Butantã,BUTANTA,Vila Sônia,Vila_Sonia,feminino,3103,3638,3479,3620,4109,4484,4898,5475,5732,4972,4497,4020,3656,3168,2579,4115,65545,populacao_seade-sp_2000a2024,populacao_seade-sp_2000a2024_feminino_2022.csv
2022,,NAO_IDENTIFICADO,Ignorado,Ignorado,feminino,-,-,-,-,-,-,-,-,-,-,-,-,-,-,-,-,-,populacao_seade-sp_2000a2024,populacao_seade-sp_2000a2024_feminino_2022.csv
2021,Mooca,MOOCA,Água Rasa,Agua_Rasa,feminino,1839,2178,2062,2153,2459,2905,3113,3348,3753,3303,3282,3394,3260,2820,2400,4833,47102,populacao_seade-sp_2000a2024,populacao_seade-sp_2000a2024_feminino_2021.csv
2021,Pinheiros,PINHEIROS,Alto de Pinheiros,Alto_de_Pinheiros,feminino,585,697,796,825,940,1138,1325,1463,1689,1538,1536,1695,1618,1465,1310,2713,21333,populacao_seade-sp_2000a2024,populacao_seade-sp_2000a2024_feminino_2021.csv
2021,Perus,PERUS,Anhanguera,Anhanguera,feminino,2153,2238,2437,2785,3564,3828,3385,3091,3030,2904,2675,2128,1513,1022,599,698,38050,populacao_seade-sp_2000a2024,populacao_seade-sp_2000a2024_feminino_2021.csv
2021,Aricanduva/Formosa/Carrão,ARICANDUVA_FORMOSA_CARRAO,Aricanduva,Aricanduva,feminino,2084,2371,2441,2675,3269,3423,3475,3698,3682,3387,3311,3141,2916,2481,2114,3662,48130,populacao_seade-sp_2000a2024,populacao_seade-sp_2000a2024_feminino_2021.csv
2021,Penha,PENHA,Artur Alvim,Artur_Alvim,feminino,2255,2583,2740,2881,3485,3746,3915,4230,4327,3829,3453,3241,3055,2708,2259,3513,52220,populacao_seade-sp_2000a2024,populacao_seade-sp_2000a2024_feminino_2021.csv
2021,Lapa,LAPA,Barra Funda,Barra_Funda,feminino,756,907,861,843,868,953,1285,1561,1640,1380,1089,1078,1025,883,818,1644,17591,populacao_seade-sp_2000a2024,populacao_seade-sp_2000a2024_feminino_2021.csv
2021,Sé,SE,Bela Vista,Bela_Vista,feminino,1291,1543,1269,1094,1198,1591,2538,3525,3324,2516,2175,2025,2008,1850,1562,2790,32299,populacao_seade-sp_2000a2024,populacao_seade-sp_2000a2024_feminino_2021.csv
2021,Mooca,MOOCA,Belém,Belem,feminino,1663,2067,1598,1423,1570,1635,1971,2384,2413,1932,1736,1747,1586,1433,1125,2428,28711,populacao_seade-sp_2000a2024,populacao_seade-sp_2000a2024_feminino_2021.csv
2021,Sé,SE,Bom Retiro,Bom_Retiro,feminino,970,1153,1031,985,1103,1159,1407,1565,1502,1180,1078,989,847,742,565,1122,17398,populacao_seade-sp_2000a2024,populacao_seade-sp_2000a2024_feminino_2021.csv
2021,Mooca,MOOCA,Brás,Bras,feminino,1180,1460,1054,1032,1208,1319,1659,1773,1695,1376,1201,1061,966,767,543,904,19198,populacao_seade-sp_2000a2024,populacao_seade-sp_2000a2024_feminino_2021.csv
2021,Freguesia/Brasilândia,FREGUESIA_BRASILANDIA,Brasilândia,Brasilandia,feminino,8133,8954,8352,9169,11247,11299,10420,10122,9841,8558,8057,6927,5735,4365,3313,4452,128944,populacao_seade-sp_2000a2024,populacao_seade-sp_2000a2024_feminino_2021.csv
2021,Butantã,BUTANTA,Butantã,Butanta,feminino,1009,1195,1116,1136,1304,1587,2009,2535,2539,2078,1907,1888,1831,1709,1450,2764,28057,populacao_seade-sp_2000a2024,populacao_seade-sp_2000a2024_feminino_2021.csv
2021,Casa Verde/Cachoeirinha,CASA_VERDE_CACHOEIRINHA,Cachoeirinha,Cachoeirinha,feminino,4309,4889,4684,4898,5883,6186,5940,6163,6039,5180,4805,4405,3849,2979,2244,3092,75545,populacao_seade-sp_2000a2024,populacao_seade-sp_2000a2024_feminino_2021.csv
2021,Sé,SE,Cambuci,Cambuci,feminino,1059,1252,1220,1200,1367,1463,1706,1986,2107,1901,1629,1503,1455,1245,963,2039,24095,populacao_seade-sp_2000a2024,populacao_seade-sp_2000a2024_feminino_2021.csv
2021,Santo Amaro,SANTO_AMARO,Campo Belo,Campo_Belo,feminino,1400,1698,1723,1754,1869,1966,2430,3001,3295,3098,2707,2688,2623,2421,2072,4290,39035,populacao_seade-sp_2000a2024,populacao_seade-sp_2000a2024_feminino_2021.csv
2021,Santo Amaro,SANTO_AMARO,Campo Grande,Campo_Grande,feminino,2413,2866,3110,3213,3760,3963,4068,4681,5388,5036,4912,4576,4042,3316,2616,4276,62236,populacao_seade-sp_2000a2024,populacao_seade-sp_2000a2024_feminino_2021.csv
2021,Campo Limpo,CAMPO_LIMPO,Campo Limpo,Campo_Limpo,feminino,6616,7401,7611,8018,9666,9912,9883,10481,10686,9259,8150,6897,5963,4679,3409,4423,123054,populacao_seade-sp_2000a2024,populacao_seade-sp_2000a2024_feminino_2021.csv
2021,Penha,PENHA,Cangaíba,Cangaiba,feminino,3813,4320,4062,4334,5398,5793,5908,6031,5757,5232,5068,4834,4251,3430,2626,4113,74970,populacao_seade-sp_2000a2024,populacao_seade-sp_2000a2024_feminino_2021.csv
2021,Campo Limpo,CAMPO_LIMPO,Capão Redondo,Capao_Redondo,feminino,8189,9064,8888,9699,11780,11988,11820,12012,11870,10155,9172,7796,6603,5225,3758,4488,142507,populacao_seade-sp_2000a2024,populacao_seade-sp_2000a2024_feminino_2021.csv
2021,Aricanduva/Formosa/Carrão,ARICANDUVA_FORMOSA_CARRAO,Carrão,Carrao,feminino,1696,1981,2054,2257,2646,2868,3059,3411,3633,3339,3241,3353,3101,2657,2274,4316,45886,populacao_seade-sp_2000a2024,populacao_seade-sp_2000a2024_feminino_2021.csv
2021,Casa Verde/Cachoeirinha,CASA_VERDE_CACHOEIRINHA,Casa Verde,Casa_Verde,feminino,2027,2359,2219,2286,2745,2991,3215,3534,3527,3074,2845,2832,2726,2348,1891,3481,44100,populacao_seade-sp_2000a2024,populacao_seade-sp_2000a2024_feminino_2021.csv
2021,Cidade Ademar,CIDADE_ADEMAR,Cidade Ademar,Cidade_Ademar,feminino,7382,8284,8116,8400,10079,10741,10872,10990,10996,9562,8609,7431,6622,5260,3935,5594,132873,populacao_seade-sp_2000a2024,populacao_seade-sp_2000a2024_feminino_2021.csv
2021,Capela do Socorro,CAPELA_DO_SOCORRO,Cidade Dutra,Cidade_Dutra,feminino,5014,5633,5567,6130,7401,7767,7684,7804,7873,6928,6530,5857,5284,4194,3250,4200,97116,populacao_seade-sp_2000a2024,populacao_seade-sp_2000a2024_feminino_2021.csv
2021,Itaquera,ITAQUERA,Cidade Líder,Cidade_Lider,feminino,3646,4064,4088,4557,5383,5892,5777,5890,5833,5144,4713,4192,3743,2994,2293,2826,71035,populacao_seade-sp_2000a2024,populacao_seade-sp_2000a2024_feminino_2021.csv
2021,Cidade Tiradentes,CIDADE_TIRADENTES,Cidade Tiradentes,Cidade_Tiradentes,feminino,6155,6484,6997,7918,9571,9761,8486,8201,7993,6801,6022,5383,4694,3650,2397,2451,102964,populacao_seade-sp_2000a2024,populacao_seade-sp_2000a2024_feminino_2021.csv
2021,Sé,SE,Consolação,Consolacao,feminino,887,953,831,839,941,1585,2837,3141,2666,2035,1879,2023,2063,1928,1689,3668,29965,populacao_seade-sp_2000a2024,populacao_seade-sp_2000a2024_feminino_2021.csv
2021,Ipiranga,IPIRANGA,Cursino,Cursino,feminino,2297,2746,2731,2776,3058,3493,3848,4470,4688,4096,3850,3873,3813,3280,2529,4872,56420,populacao_seade-sp_2000a2024,populacao_seade-sp_2000a2024_feminino_2021.csv
2021,Ermelino Matarazzo,ERMELINO_MATARAZZO,Ermelino Matarazzo,Ermelino_Matarazzo,feminino,3084,3463,3550,3743,4439,4768,4839,4866,4763,4165,3922,3508,3078,2484,1740,2448,58860,populacao_seade-sp_2000a2024,populacao_seade-sp_2000a2024_feminino_2021.csv
2021,Freguesia/Brasilândia,FREGUESIA_BRASILANDIA,Freguesia do Ó,Freguesia_do_O,feminino,3384,3894,3657,3906,4802,5221,5439,5956,5947,5245,5065,4953,4782,3897,2987,5026,74161,populacao_seade-sp_2000a2024,populacao_seade-sp_2000a2024_feminino_2021.csv
2021,Capela do Socorro,CAPELA_DO_SOCORRO,Grajaú,Grajau,feminino,12158,13340,13062,14334,17636,18165,16348,16186,15715,13815,12861,10686,8648,6307,4383,4623,198267,populacao_seade-sp_2000a2024,populacao_seade-sp_2000a2024_feminino_2021.csv
2021,Guaianases,GUAIANASES,Guaianases,Guaianases,feminino,3439,3740,3639,4025,4886,5073,4655,4497,4333,3835,3597,3067,2638,2054,1427,1814,56719,populacao_seade-sp_2000a2024,populacao_seade-sp_2000a2024_feminino_2021.csv
2021,São Mateus,SAO_MATEUS,Iguatemi,Iguatemi,feminino,4818,5144,4955,5652,6805,7116,6309,5963,5597,5121,4847,4130,3294,2396,1619,1769,75535,populacao_seade-sp_2000a2024,populacao_seade-sp_2000a2024_feminino_2021.csv
2021,Ipiranga,IPIRANGA,Ipiranga,Ipiranga,feminino,2573,3045,3043,3104,3571,4017,4384,4939,5148,4702,4448,4220,3984,3339,2721,5519,62757,populacao_seade-sp_2000a2024,populacao_seade-sp_2000a2024_feminino_2021.csv
2021,Pinheiros,PINHEIROS,Itaim Bibi,Itaim_Bibi,feminino,1881,2390,2362,1913,1898,2451,3333,4854,5671,4724,3842,3729,3738,3565,3024,6156,55531,populacao_seade-sp_2000a2024,populacao_seade-sp_2000a2024_feminino_2021.csv
2021,Itaim Paulista,ITAIM_PAULISTA,Itaim Paulista,Itaim_Paulista,feminino,6251,6811,7026,7615,9397,9844,8903,8542,8147,7303,7147,6179,5177,3859,2753,3457,108411,populacao_seade-sp_2000a2024,populacao_seade-sp_2000a2024_feminino_2021.csv
2021,Itaquera,ITAQUERA,Itaquera,Itaquera,feminino,5904,6619,6746,7233,8946,9009,8519,8619,8959,8074,7590,6504,5620,4594,3438,4807,111181,populacao_seade-sp_2000a2024,populacao_seade-sp_2000a2024_feminino_2021.csv
2021,Jabaquara,JABAQUARA,Jabaquara,Jabaquara,feminino,5306,6173,6227,6282,7528,8095,8701,9628,9978,8620,8041,7530,6844,5549,4266,7470,116238,populacao_seade-sp_2000a2024,populacao_seade-sp_2000a2024_feminino_2021.csv
2021,Jaçanã/Tremembé,JACANA_TREMEMBE,Jaçanã,Jacana,feminino,2192,2439,2686,3011,3558,3648,3625,3785,3811,3218,2934,2787,2644,2185,1700,2770,46993,populacao_seade-sp_2000a2024,populacao_seade-sp_2000a2024_feminino_2021.csv
2021,Lapa,LAPA,Jaguara,Jaguara,feminino,555,649,630,685,833,862,928,1029,1052,908,884,882,881,750,633,1072,13233,populacao_seade-sp_2000a2024,populacao_seade-sp_2000a2024_feminino_2021.csv
2021,Lapa,LAPA,Jaguaré,Jaguare,feminino,1384,1611,1635,1763,2040,2135,2116,2468,2585,2227,1909,1714,1440,1194,1011,1719,28951,populacao_seade-sp_2000a2024,populacao_seade-sp_2000a2024_feminino_2021.csv
2021,Pirituba/Jaraguá,PIRITUBA_JARAGUA,Jaraguá,Jaragua,feminino,6244,6846,6779,7700,9363,9421,8744,8835,8859,7821,7125,6254,5339,3954,2715,3284,109283,populacao_seade-sp_2000a2024,populacao_seade-sp_2000a2024_feminino_2021.csv
2021,M'Boi Mirim,M_BOI_MIRIM,Jardim Ângela,Jardim_Angela,feminino,9820,10895,11429,12113,14242,14038,12880,13170,13322,11537,10412,8057,6505,4843,3303,3754,160320,populacao_seade-sp_2000a2024,populacao_seade-sp_2000a2024_feminino_2021.csv
2021,São Miguel,SAO_MIGUEL,Jardim Helena,Jardim_Helena,feminino,4298,4702,4390,4698,5814,6037,5496,5283,5090,4489,4180,3560,3031,2314,1701,2186,67269,populacao_seade-sp_2000a2024,populacao_seade-sp_2000a2024_feminino_2021.csv
2021,Pinheiros,PINHEIROS,Jardim Paulista,Jardim_Paulista,feminino,1451,1757,1585,1423,1520,1941,2979,4376,4631,3516,3051,3133,3261,3205,2674,5722,46225,populacao_seade-sp_2000a2024,populacao_seade-sp_2000a2024_feminino_2021.csv
2021,M'Boi Mirim,M_BOI_MIRIM,Jardim São Luís,Jardim_Sao_Luis,feminino,7514,8421,8270,8930,10725,11232,11158,11694,11458,9992,9059,7728,6463,5121,3750,4644,136159,populacao_seade-sp_2000a2024,populacao_seade-sp_2000a2024_feminino_2021.csv
2021,Itaquera,ITAQUERA,José Bonifácio,Jose_Bonifacio,feminino,3150,3515,4053,4574,5359,5343,5062,5576,6048,4999,4416,3832,3606,3323,2509,2915,68280,populacao_seade-sp_2000a2024,populacao_seade-sp_2000a2024_feminino_2021.csv
2021,Guaianases,GUAIANASES,Lajeado,Lajeado,feminino,5260,5702,5657,6137,7781,8051,7191,6618,6370,5798,5374,4448,3715,2765,1926,2347,85140,populacao_seade-sp_2000a2024,populacao_seade-sp_2000a2024_feminino_2021.csv
2021,Lapa,LAPA,Lapa,Lapa,feminino,1410,1717,1722,1696,1891,2106,2461,3034,3487,3114,3000,3015,2896,2586,2180,4841,41156,populacao_seade-sp_2000a2024,populacao_seade-sp_2000a2024_feminino_2021.csv
2021,Sé,SE,Liberdade,Liberdade,feminino,1381,1695,1539,1435,1544,1946,2672,3366,3417,2948,2499,2351,2314,2075,1748,3210,36140,populacao_seade-sp_2000a2024,populacao_seade-sp_2000a2024_feminino_2021.csv
2021,Casa Verde/Cachoeirinha,CASA_VERDE_CACHOEIRINHA,Limão,Limao,feminino,2267,2619,2389,2530,2878,3191,3345,3539,3583,3129,2803,2653,2617,2277,1769,2879,44468,populacao_seade-sp_2000a2024,populacao_seade-sp_2000a2024_feminino_2021.csv
2021,Santana/Tucuruvi,SANTANA_TUCURUVI,Mandaqui,Mandaqui,feminino,2324,2660,2672,2915,3605,3977,4045,4231,4464,4275,4149,4083,3662,2901,2381,3981,56325,populacao_seade-sp_2000a2024,populacao_seade-sp_2000a2024_feminino_2021.csv
2021,Parelheiros,PARELHEIROS,Marsilac,Marsilac,feminino,295,298,381,414,597,538,452,386,395,321,341,331,288,204,152,220,5613,populacao_seade-sp_2000a2024,populacao_seade-sp_2000a2024_feminino_2021.csv
2021,Vila Mariana,VILA_MARIANA,Moema,Moema,feminino,1368,1690,1829,1666,1821,2186,2759,3681,4385,3900,3307,3346,3307,3060,2497,4658,45460,populacao_seade-sp_2000a2024,populacao_seade-sp_2000a2024_feminino_2021.csv
2021,Mooca,MOOCA,Mooca,Mooca,feminino,1712,2041,2007,1933,2201,2631,2970,3324,3553,3278,3126,3035,2879,2414,1974,4417,43495,populacao_seade-sp_2000a2024,populacao_seade-sp_2000a2024_feminino_2021.csv
2021,Butantã,BUTANTA,Morumbi,Morumbi,feminino,1130,1326,1164,1267,1487,1536,1609,1742,1958,1846,1758,1609,1435,1207,1007,1708,23789,populacao_seade-sp_2000a2024,populacao_seade-sp_2000a2024_feminino_2021.csv
2021,Parelheiros,PARELHEIROS,Parelheiros,Parelheiros,feminino,5157,5515,5302,6022,7394,7367,6098,5885,5886,5392,4971,3999,3246,2277,1613,1749,77873,populacao_seade-sp_2000a2024,populacao_seade-sp_2000a2024_feminino_2021.csv
2021,Mooca,MOOCA,Pari,Pari,feminino,531,621,541,537,596,627,717,741,657,621,563,534,470,364,331,731,9182,populacao_seade-sp_2000a2024,populacao_seade-sp_2000a2024_feminino_2021.csv
2021,Itaquera,ITAQUERA,Parque do Carmo,Parque_do_Carmo,feminino,2056,2323,2371,2608,3072,3128,3074,3142,3253,2740,2498,2189,1924,1510,1140,1508,38536,populacao_seade-sp_2000a2024,populacao_seade-sp_2000a2024_feminino_2021.csv
2021,Cidade Ademar,CIDADE_ADEMAR,Pedreira,Pedreira,feminino,4519,4908,5362,5882,7060,7532,7092,6945,6961,6056,5624,4640,3955,2982,2099,2688,84305,populacao_seade-sp_2000a2024,populacao_seade-sp_2000a2024_feminino_2021.csv
2021,Penha,PENHA,Penha,Penha,feminino,2986,3457,3448,3620,4318,4863,5255,5515,5554,4954,4990,4945,4616,3917,3236,6199,71873,populacao_seade-sp_2000a2024,populacao_seade-sp_2000a2024_feminino_2021.csv
2021,Lapa,LAPA,Perdizes,Perdizes,feminino,1793,2126,2223,2235,2327,2815,3840,5047,5306,4349,3902,4032,4120,3802,3284,5976,57177,populacao_seade-sp_2000a2024,populacao_seade-sp_2000a2024_feminino_2021.csv
2021,Perus,PERUS,Perus,Perus,feminino,2830,3081,2937,3189,3980,4071,3692,3466,3486,3123,2924,2401,1916,1416,1044,1285,44841,populacao_seade-sp_2000a2024,populacao_seade-sp_2000a2024_feminino_2021.csv
2021,Pinheiros,PINHEIROS,Pinheiros,Pinheiros,feminino,1114,1384,1326,1268,1352,1585,2140,3180,3503,2863,2624,2640,2605,2438,2028,4528,36578,populacao_seade-sp_2000a2024,populacao_seade-sp_2000a2024_feminino_2021.csv
2021,Pirituba/Jaraguá,PIRITUBA_JARAGUA,Pirituba,Pirituba,feminino,4446,5104,5071,5299,6352,6943,7129,7603,7669,6831,6543,6292,5799,4711,3617,5766,95175,populacao_seade-sp_2000a2024,populacao_seade-sp_2000a2024_feminino_2021.csv
2021,Ermelino Matarazzo,ERMELINO_MATARAZZO,Ponte Rasa,Ponte_Rasa,feminino,2148,2444,2543,2737,3367,3546,3706,3840,3723,3295,3281,3239,3091,2483,1943,3231,48617,populacao_seade-sp_2000a2024,populacao_seade-sp_2000a2024_feminino_2021.csv
2021,Butantã,BUTANTA,Raposo Tavares,Raposo_Tavares,feminino,3447,3938,3692,4047,4566,4731,4709,5135,5421,4620,4006,3410,3063,2513,1917,2380,61595,populacao_seade-sp_2000a2024,populacao_seade-sp_2000a2024_feminino_2021.csv
2021,Sé,SE,República,Republica,feminino,1303,1613,1380,1164,1294,1681,2521,3162,2976,2367,2103,1949,1850,1620,1349,2304,30636,populacao_seade-sp_2000a2024,populacao_seade-sp_2000a2024_feminino_2021.csv
2021,Butantã,BUTANTA,Rio Pequeno,Rio_Pequeno,feminino,3903,4586,3883,3884,4551,4809,5185,5731,5812,4958,4564,4205,3810,2973,2311,3559,68724,populacao_seade-sp_2000a2024,populacao_seade-sp_2000a2024_feminino_2021.csv
2021,Ipiranga,IPIRANGA,Sacomã,Sacoma,feminino,6328,7178,7515,8155,9597,10389,10674,11631,11677,10229,9365,8845,7758,6254,4752,7847,138194,populacao_seade-sp_2000a2024,populacao_seade-sp_2000a2024_feminino_2021.csv
2021,Sé,SE,Santa Cecília,Santa_Cecilia,feminino,1701,2036,1777,1656,1897,2412,3378,4196,4172,3295,3099,2918,2862,2526,2078,4043,44046,populacao_seade-sp_2000a2024,populacao_seade-sp_2000a2024_feminino_2021.csv
2021,Santana/Tucuruvi,SANTANA_TUCURUVI,Santana,Santana,feminino,2363,2790,2538,2544,3144,3715,4713,5455,5392,4594,4531,4745,4781,4239,3377,6708,65629,populacao_seade-sp_2000a2024,populacao_seade-sp_2000a2024_feminino_2021.csv
2021,Santo Amaro,SANTO_AMARO,Santo Amaro,Santo_Amaro,feminino,1545,1876,2017,2093,2265,2532,2769,3225,3774,3622,3425,3312,3162,2846,2515,4964,45942,populacao_seade-sp_2000a2024,populacao_seade-sp_2000a2024_feminino_2021.csv
2021,Pirituba/Jaraguá,PIRITUBA_JARAGUA,São Domingos,Sao_Domingos,feminino,2105,2402,2559,2800,3265,3469,3506,3756,3816,3411,3297,3060,2745,2240,1800,2927,47158,populacao_seade-sp_2000a2024,populacao_seade-sp_2000a2024_feminino_2021.csv
2021,Vila Prudente,VILA_PRUDENTE,São Lucas,Sao_Lucas,feminino,3040,3420,3803,4018,4642,5190,5480,5819,5880,5220,5130,5214,4651,3920,3204,5760,74391,populacao_seade-sp_2000a2024,populacao_seade-sp_2000a2024_feminino_2021.csv
2021,São Mateus,SAO_MATEUS,São Mateus,Sao_Mateus,feminino,4241,4801,4657,5046,6310,6473,6382,6598,6327,5688,5464,5041,4439,3432,2656,3912,81467,populacao_seade-sp_2000a2024,populacao_seade-sp_2000a2024_feminino_2021.csv
2021,São Miguel,SAO_MIGUEL,São Miguel,Sao_Miguel,feminino,2572,2922,2481,2573,3314,3444,3466,3274,3159,2827,2878,2681,2336,1783,1357,2370,43437,populacao_seade-sp_2000a2024,populacao_seade-sp_2000a2024_feminino_2021.csv
2021,São Mateus,SAO_MATEUS,São Rafael,Sao_Rafael,feminino,4160,4520,5092,5842,6834,6618,5906,5993,6037,5489,5071,4246,3310,2526,1941,2415,76000,populacao_seade-sp_2000a2024,populacao_seade-sp_2000a2024_feminino_2021.csv
2021,Sapopemba,SAPOPEMBA,Sapopemba,Sapopemba,feminino,7349,8216,8299,9010,10917,11624,11289,11425,10804,9593,9301,8675,7598,5975,4621,6426,141122,populacao_seade-sp_2000a2024,populacao_seade-sp_2000a2024_feminino_2021.csv
2021,Vila Mariana,VILA_MARIANA,Saúde,Saude,feminino,2327,2879,2880,2807,3021,3491,4369,5913,6505,5502,5130,5160,5236,4675,3869,7777,71541,populacao_seade-sp_2000a2024,populacao_seade-sp_2000a2024_feminino_2021.csv
2021,Sé,SE,Sé,Se,feminino,747,919,603,639,756,896,1117,1164,1174,1055,833,604,526,390,314,489,12226,populacao_seade-sp_2000a2024,populacao_seade-sp_2000a2024_feminino_2021.csv
2021,Capela do Socorro,CAPELA_DO_SOCORRO,Socorro,Socorro,feminino,814,965,872,961,1147,1290,1366,1645,1686,1514,1444,1457,1367,1237,1051,1999,20815,populacao_seade-sp_2000a2024,populacao_seade-sp_2000a2024_feminino_2021.csv
2021,Mooca,MOOCA,Tatuapé,Tatuape,feminino,1873,2202,2222,2361,2840,3343,3681,4084,4326,4051,3972,4110,3838,3237,2515,5375,54030,populacao_seade-sp_2000a2024,populacao_seade-sp_2000a2024_feminino_2021.csv
2021,Jaçanã/Tremembé,JACANA_TREMEMBE,Tremembé,Tremembe,feminino,5744,6341,6134,6645,8228,8665,8065,8005,7938,7372,6864,5963,5131,4114,3076,4538,102823,populacao_seade-sp_2000a2024,populacao_seade-sp_2000a2024_feminino_2021.csv
2021,Santana/Tucuruvi,SANTANA_TUCURUVI,Tucuruvi,Tucuruvi,feminino,1993,2303,2277,2439,2890,3415,3922,4364,4352,3681,3643,3795,3926,3500,2808,5513,54821,populacao_seade-sp_2000a2024,populacao_seade-sp_2000a2024_feminino_2021.csv
2021,Campo Limpo,CAMPO_LIMPO,Vila Andrade,Vila_Andrade,feminino,4367,4717,5541,6179,7207,7440,7174,7194,7638,6649,5811,4696,3461,2543,1853,2401,84871,populacao_seade-sp_2000a2024,populacao_seade-sp_2000a2024_feminino_2021.csv
2021,Itaim Paulista,ITAIM_PAULISTA,Vila Curuçá,Vila_Curuca,feminino,4005,4342,4493,5126,6371,6632,5999,5757,5662,5264,4941,4209,3447,2718,2110,2876,73952,populacao_seade-sp_2000a2024,populacao_seade-sp_2000a2024_feminino_2021.csv
2021,Aricanduva/Formosa/Carrão,ARICANDUVA_FORMOSA_CARRAO,Vila Formosa,Vila_Formosa,feminino,1975,2222,2247,2509,3098,3431,3619,3778,3765,3350,3417,3567,3404,2906,2364,4386,50038,populacao_seade-sp_2000a2024,populacao_seade-sp_2000a2024_feminino_2021.csv
2021,Vila Maria/Vila Guilherme,VILA_MARIA_VILA_GUILHERME,Vila Guilherme,Vila_Guilherme,feminino,1335,1608,1429,1389,1642,1750,1933,2220,2428,2060,1857,1832,1778,1540,1267,2452,28520,populacao_seade-sp_2000a2024,populacao_seade-sp_2000a2024_feminino_2021.csv
2021,São Miguel,SAO_MIGUEL,Vila Jacuí,Vila_Jacui,feminino,3447,3711,4364,4874,5931,6284,5975,5869,5604,4900,4643,4169,3684,2769,1951,2471,70646,populacao_seade-sp_2000a2024,populacao_seade-sp_2000a2024_feminino_2021.csv
2021,Lapa,LAPA,Vila Leopoldina,Vila_Leopoldina,feminino,931,1123,1262,1265,1383,1499,1494,1820,2308,2170,1801,1682,1386,1091,837,1628,23680,populacao_seade-sp_2000a2024,populacao_seade-sp_2000a2024_feminino_2021.csv
2021,Vila Maria/Vila Guilherme,VILA_MARIA_VILA_GUILHERME,Vila Maria,Vila_Maria,feminino,3093,3537,3331,3409,4054,4314,4542,4790,4581,3814,3599,3383,3047,2468,2001,3547,57510,populacao_seade-sp_2000a2024,populacao_seade-sp_2000a2024_feminino_2021.csv
2021,Vila Mariana,VILA_MARIANA,Vila Mariana,Vila_Mariana,feminino,2272,2705,2565,2348,2564,3398,4829,6579,6677,5259,4773,5016,5217,4962,4073,7805,71042,populacao_seade-sp_2000a2024,populacao_seade-sp_2000a2024_feminino_2021.csv
2021,Penha,PENHA,Vila Matilde,Vila_Matilde,feminino,2318,2651,2801,3005,3567,3896,4093,4291,4406,4013,3898,3741,3531,3060,2416,4305,55992,populacao_seade-sp_2000a2024,populacao_seade-sp_2000a2024_feminino_2021.csv
2021,Vila Maria/Vila Guilherme,VILA_MARIA_VILA_GUILHERME,Vila Medeiros,Vila_Medeiros,feminino,3018,3469,3322,3418,4141,4555,4896,4996,4747,4077,4022,3866,3892,3156,2578,4553,62706,populacao_seade-sp_2000a2024,populacao_seade-sp_2000a2024_feminino_2021.csv
2021,Vila Prudente,VILA_PRUDENTE,Vila Prudente,Vila_Prudente,feminino,2263,2605,2738,2798,3320,3768,4114,4507,4571,4020,3875,3906,3756,3189,2576,4992,56998,populacao_seade-sp_2000a2024,populacao_seade-sp_2000a2024_feminino_2021.csv
2021,Butantã,BUTANTA,Vila Sônia,Vila_Sonia,feminino,3151,3677,3491,3651,4092,4647,4981,5454,5657,4894,4406,3905,3547,3065,2499,3950,65067,populacao_seade-sp_2000a2024,populacao_seade-sp_2000a2024_feminino_2021.csv
2021,,NAO_IDENTIFICADO,Ignorado,Ignorado,feminino,-,-,-,-,-,-,-,-,-,-,-,-,-,-,-,-,-,populacao_seade-sp_2000a2024,populacao_seade-sp_2000a2024_feminino_2021.csv
2020,Mooca,MOOCA,Água Rasa,Agua_Rasa,feminino,1880,2219,2075,2184,2468,3037,3166,3338,3802,3264,3316,3421,3195,2738,2361,4774,47238,populacao_seade-sp_2000a2024,populacao_seade-sp_2000a2024_feminino_2020.csv
2020,Pinheiros,PINHEIROS,Alto de Pinheiros,Alto_de_Pinheiros,feminino,607,717,849,835,955,1209,1389,1475,1742,1543,1565,1751,1588,1449,1306,2684,21664,populacao_seade-sp_2000a2024,populacao_seade-sp_2000a2024_feminino_2020.csv
2020,Perus,PERUS,Anhanguera,Anhanguera,feminino,2158,2221,2558,2845,3649,3882,3308,2989,2992,2952,2634,2025,1398,948,544,658,37761,populacao_seade-sp_2000a2024,populacao_seade-sp_2000a2024_feminino_2020.csv
2020,Aricanduva/Formosa/Carrão,ARICANDUVA_FORMOSA_CARRAO,Aricanduva,Aricanduva,feminino,2119,2407,2525,2741,3348,3475,3532,3695,3632,3423,3326,3114,2857,2408,2085,3570,48257,populacao_seade-sp_2000a2024,populacao_seade-sp_2000a2024_feminino_2020.csv
2020,Penha,PENHA,Artur Alvim,Artur_Alvim,feminino,2323,2647,2881,2944,3606,3865,4041,4273,4341,3863,3444,3253,3035,2682,2241,3439,52878,populacao_seade-sp_2000a2024,populacao_seade-sp_2000a2024_feminino_2020.csv
2020,Lapa,LAPA,Barra Funda,Barra_Funda,feminino,737,881,822,788,798,923,1310,1501,1542,1289,988,1036,953,817,781,1544,16710,populacao_seade-sp_2000a2024,populacao_seade-sp_2000a2024_feminino_2020.csv
2020,Sé,SE,Bela Vista,Bela_Vista,feminino,1365,1581,1245,1076,1218,1742,2864,3693,3223,2449,2152,2022,2013,1834,1544,2750,32771,populacao_seade-sp_2000a2024,populacao_seade-sp_2000a2024_feminino_2020.csv
2020,Mooca,MOOCA,Belém,Belem,feminino,1699,2094,1506,1385,1557,1645,2055,2389,2337,1851,1691,1732,1512,1392,1067,2386,28298,populacao_seade-sp_2000a2024,populacao_seade-sp_2000a2024_feminino_2020.csv
2020,Sé,SE,Bom Retiro,Bom_Retiro,feminino,997,1184,1030,986,1115,1190,1499,1569,1473,1151,1077,978,816,731,543,1115,17454,populacao_seade-sp_2000a2024,populacao_seade-sp_2000a2024_feminino_2020.csv
2020,Mooca,MOOCA,Brás,Bras,feminino,1190,1480,976,1032,1196,1328,1736,1716,1633,1326,1159,1022,929,720,505,868,18816,populacao_seade-sp_2000a2024,populacao_seade-sp_2000a2024_feminino_2020.csv
2020,Freguesia/Brasilândia,FREGUESIA_BRASILANDIA,Brasilândia,Brasilandia,feminino,8362,9170,8576,9605,11685,11535,10530,10105,9863,8674,8185,6831,5595,4226,3264,4343,130549,populacao_seade-sp_2000a2024,populacao_seade-sp_2000a2024_feminino_2020.csv
2020,Butantã,BUTANTA,Butantã,Butanta,feminino,1038,1220,1124,1149,1313,1673,2132,2609,2488,2040,1896,1895,1807,1693,1421,2720,28218,populacao_seade-sp_2000a2024,populacao_seade-sp_2000a2024_feminino_2020.csv
2020,Casa Verde/Cachoeirinha,CASA_VERDE_CACHOEIRINHA,Cachoeirinha,Cachoeirinha,feminino,4408,4988,4786,5014,6044,6330,5990,6181,5983,5182,4819,4373,3753,2861,2184,2996,75892,populacao_seade-sp_2000a2024,populacao_seade-sp_2000a2024_feminino_2020.csv
2020,Sé,SE,Cambuci,Cambuci,feminino,1066,1257,1218,1177,1356,1474,1760,1976,2070,1867,1558,1467,1417,1186,914,2001,23764,populacao_seade-sp_2000a2024,populacao_seade-sp_2000a2024_feminino_2020.csv
2020,Santo Amaro,SANTO_AMARO,Campo Belo,Campo_Belo,feminino,1431,1724,1748,1747,1834,1990,2560,3039,3270,3097,2611,2683,2558,2364,2012,4194,38862,populacao_seade-sp_2000a2024,populacao_seade-sp_2000a2024_feminino_2020.csv
2020,Santo Amaro,SANTO_AMARO,Campo Grande,Campo_Grande,feminino,2443,2897,3210,3192,3787,4007,4097,4706,5414,5002,4869,4458,3865,3154,2502,4091,61694,populacao_seade-sp_2000a2024,populacao_seade-sp_2000a2024_feminino_2020.csv
2020,Campo Limpo,CAMPO_LIMPO,Campo Limpo,Campo_Limpo,feminino,6692,7455,7846,8099,9828,9956,9964,10428,10579,9169,7981,6665,5759,4454,3247,4200,122322,populacao_seade-sp_2000a2024,populacao_seade-sp_2000a2024_feminino_2020.csv
2020,Penha,PENHA,Cangaíba,Cangaiba,feminino,3877,4377,4106,4432,5550,5909,5999,5963,5638,5279,5082,4804,4108,3301,2534,3995,74954,populacao_seade-sp_2000a2024,populacao_seade-sp_2000a2024_feminino_2020.csv
2020,Campo Limpo,CAMPO_LIMPO,Capão Redondo,Capao_Redondo,feminino,8352,9200,9149,10011,12083,12141,12003,11954,11805,10141,9137,7606,6412,5045,3602,4269,142910,populacao_seade-sp_2000a2024,populacao_seade-sp_2000a2024_feminino_2020.csv
2020,Aricanduva/Formosa/Carrão,ARICANDUVA_FORMOSA_CARRAO,Carrão,Carrao,feminino,1728,2009,2113,2303,2679,2947,3131,3423,3625,3345,3241,3385,3010,2579,2242,4245,46005,populacao_seade-sp_2000a2024,populacao_seade-sp_2000a2024_feminino_2020.csv
2020,Casa Verde/Cachoeirinha,CASA_VERDE_CACHOEIRINHA,Casa Verde,Casa_Verde,feminino,2087,2418,2255,2335,2817,3083,3322,3571,3501,3085,2847,2868,2705,2300,1857,3458,44509,populacao_seade-sp_2000a2024,populacao_seade-sp_2000a2024_feminino_2020.csv
2020,Cidade Ademar,CIDADE_ADEMAR,Cidade Ademar,Cidade_Ademar,feminino,7590,8484,8397,8610,10411,11075,11154,10973,11042,9633,8613,7323,6544,5097,3834,5454,134234,populacao_seade-sp_2000a2024,populacao_seade-sp_2000a2024_feminino_2020.csv
2020,Capela do Socorro,CAPELA_DO_SOCORRO,Cidade Dutra,Cidade_Dutra,feminino,5143,5761,5763,6369,7619,7975,7835,7799,7904,6986,6592,5801,5218,4054,3190,4037,98046,populacao_seade-sp_2000a2024,populacao_seade-sp_2000a2024_feminino_2020.csv
2020,Itaquera,ITAQUERA,Cidade Líder,Cidade_Lider,feminino,3693,4097,4198,4683,5431,6036,5783,5831,5755,5136,4668,4103,3649,2871,2219,2682,70835,populacao_seade-sp_2000a2024,populacao_seade-sp_2000a2024_feminino_2020.csv
2020,Cidade Tiradentes,CIDADE_TIRADENTES,Cidade Tiradentes,Cidade_Tiradentes,feminino,6284,6582,7473,8276,9898,9996,8434,8212,8018,6861,6039,5388,4632,3550,2281,2330,104254,populacao_seade-sp_2000a2024,populacao_seade-sp_2000a2024_feminino_2020.csv
2020,Sé,SE,Consolação,Consolacao,feminino,914,943,823,845,944,1823,3211,3070,2525,1967,1866,2061,2038,1894,1657,3607,30188,populacao_seade-sp_2000a2024,populacao_seade-sp_2000a2024_feminino_2020.csv
2020,Ipiranga,IPIRANGA,Cursino,Cursino,feminino,2369,2818,2797,2804,3081,3673,3978,4556,4678,4082,3849,3911,3783,3188,2440,4812,56819,populacao_seade-sp_2000a2024,populacao_seade-sp_2000a2024_feminino_2020.csv
2020,Ermelino Matarazzo,ERMELINO_MATARAZZO,Ermelino Matarazzo,Ermelino_Matarazzo,feminino,3149,3524,3692,3819,4542,4901,4933,4823,4727,4182,3940,3457,3007,2407,1656,2381,59140,populacao_seade-sp_2000a2024,populacao_seade-sp_2000a2024_feminino_2020.csv
2020,Freguesia/Brasilândia,FREGUESIA_BRASILANDIA,Freguesia do Ó,Freguesia_do_O,feminino,3472,3977,3710,4017,4941,5371,5574,6013,5895,5268,5110,4975,4749,3756,2903,4941,74672,populacao_seade-sp_2000a2024,populacao_seade-sp_2000a2024_feminino_2020.csv
2020,Capela do Socorro,CAPELA_DO_SOCORRO,Grajaú,Grajau,feminino,12321,13478,13405,14756,18086,18402,16170,16018,15509,13856,12838,10319,8313,5971,4189,4348,197979,populacao_seade-sp_2000a2024,populacao_seade-sp_2000a2024_feminino_2020.csv
2020,Guaianases,GUAIANASES,Guaianases,Guaianases,feminino,3482,3773,3730,4158,4999,5152,4628,4432,4280,3856,3600,2983,2569,1971,1359,1745,56717,populacao_seade-sp_2000a2024,populacao_seade-sp_2000a2024_feminino_2020.csv
2020,São Mateus,SAO_MATEUS,Iguatemi,Iguatemi,feminino,4830,5119,5022,5820,6877,7212,6166,5800,5446,5151,4806,3983,3119,2253,1524,1658,74786,populacao_seade-sp_2000a2024,populacao_seade-sp_2000a2024_feminino_2020.csv
2020,Ipiranga,IPIRANGA,Ipiranga,Ipiranga,feminino,2624,3083,3086,3098,3585,4139,4476,4942,5080,4687,4394,4155,3885,3199,2637,5422,62492,populacao_seade-sp_2000a2024,populacao_seade-sp_2000a2024_feminino_2020.csv
2020,Pinheiros,PINHEIROS,Itaim Bibi,Itaim_Bibi,feminino,1952,2427,2364,1790,1847,2609,3531,5083,5628,4548,3648,3687,3652,3481,2907,5961,55115,populacao_seade-sp_2000a2024,populacao_seade-sp_2000a2024_feminino_2020.csv
2020,Itaim Paulista,ITAIM_PAULISTA,Itaim Paulista,Itaim_Paulista,feminino,6397,6951,7390,7887,9786,10130,8916,8504,8115,7454,7301,6080,5058,3709,2671,3345,109694,populacao_seade-sp_2000a2024,populacao_seade-sp_2000a2024_feminino_2020.csv
2020,Itaquera,ITAQUERA,Itaquera,Itaquera,feminino,5997,6713,6978,7387,9204,9062,8544,8560,8985,8111,7589,6324,5465,4454,3317,4651,111341,populacao_seade-sp_2000a2024,populacao_seade-sp_2000a2024_feminino_2020.csv
2020,Jabaquara,JABAQUARA,Jabaquara,Jabaquara,feminino,5449,6324,6432,6345,7732,8305,8992,9731,9986,8600,8062,7497,6711,5358,4143,7359,117026,populacao_seade-sp_2000a2024,populacao_seade-sp_2000a2024_feminino_2020.csv
2020,Jaçanã/Tremembé,JACANA_TREMEMBE,Jaçanã,Jacana,feminino,2243,2484,2850,3113,3637,3719,3695,3798,3810,3206,2940,2799,2630,2124,1664,2730,47442,populacao_seade-sp_2000a2024,populacao_seade-sp_2000a2024_feminino_2020.csv
2020,Lapa,LAPA,Jaguara,Jaguara,feminino,566,660,640,701,848,870,954,1034,1043,899,887,883,876,724,623,1044,13252,populacao_seade-sp_2000a2024,populacao_seade-sp_2000a2024_feminino_2020.csv
2020,Lapa,LAPA,Jaguaré,Jaguare,feminino,1407,1628,1670,1787,2051,2169,2124,2511,2548,2193,1849,1677,1367,1149,987,1656,28773,populacao_seade-sp_2000a2024,populacao_seade-sp_2000a2024_feminino_2020.csv
2020,Pirituba/Jaraguá,PIRITUBA_JARAGUA,Jaraguá,Jaragua,feminino,6283,6851,6913,7923,9510,9473,8672,8711,8733,7773,7019,6085,5131,3718,2562,3111,108468,populacao_seade-sp_2000a2024,populacao_seade-sp_2000a2024_feminino_2020.csv
2020,M'Boi Mirim,M_BOI_MIRIM,Jardim Ângela,Jardim_Angela,feminino,9961,11026,11917,12320,14570,14181,12864,13138,13260,11498,10327,7656,6259,4599,3130,3547,160253,populacao_seade-sp_2000a2024,populacao_seade-sp_2000a2024_feminino_2020.csv
2020,São Miguel,SAO_MIGUEL,Jardim Helena,Jardim_Helena,feminino,4395,4782,4489,4870,6034,6182,5501,5242,5067,4547,4211,3490,2966,2227,1657,2118,67778,populacao_seade-sp_2000a2024,populacao_seade-sp_2000a2024_feminino_2020.csv
2020,Pinheiros,PINHEIROS,Jardim Paulista,Jardim_Paulista,feminino,1527,1785,1575,1391,1515,2083,3299,4612,4547,3368,2994,3166,3250,3189,2590,5646,46537,populacao_seade-sp_2000a2024,populacao_seade-sp_2000a2024_feminino_2020.csv
2020,M'Boi Mirim,M_BOI_MIRIM,Jardim São Luís,Jardim_Sao_Luis,feminino,7686,8588,8527,9212,10995,11485,11351,11752,11371,10056,9039,7564,6267,4960,3616,4445,136914,populacao_seade-sp_2000a2024,populacao_seade-sp_2000a2024_feminino_2020.csv
2020,Itaquera,ITAQUERA,José Bonifácio,Jose_Bonifacio,feminino,3194,3544,4308,4676,5436,5390,5069,5633,6067,4889,4352,3731,3563,3285,2398,2739,68274,populacao_seade-sp_2000a2024,populacao_seade-sp_2000a2024_feminino_2020.csv
2020,Guaianases,GUAIANASES,Lajeado,Lajeado,feminino,5345,5780,5859,6336,8104,8199,7146,6485,6338,5900,5383,4322,3614,2640,1849,2256,85556,populacao_seade-sp_2000a2024,populacao_seade-sp_2000a2024_feminino_2020.csv
2020,Lapa,LAPA,Lapa,Lapa,feminino,1433,1730,1728,1663,1872,2151,2534,3065,3479,3044,2957,2979,2801,2492,2105,4747,40780,populacao_seade-sp_2000a2024,populacao_seade-sp_2000a2024_feminino_2020.csv
2020,Sé,SE,Liberdade,Liberdade,feminino,1441,1741,1534,1424,1547,2092,2893,3449,3365,2930,2429,2342,2294,2030,1712,3137,36360,populacao_seade-sp_2000a2024,populacao_seade-sp_2000a2024_feminino_2020.csv
2020,Casa Verde/Cachoeirinha,CASA_VERDE_CACHOEIRINHA,Limão,Limao,feminino,2316,2667,2394,2592,2895,3302,3413,3531,3557,3120,2767,2646,2606,2223,1713,2817,44559,populacao_seade-sp_2000a2024,populacao_seade-sp_2000a2024_feminino_2020.csv
2020,Santana/Tucuruvi,SANTANA_TUCURUVI,Mandaqui,Mandaqui,feminino,2376,2712,2754,2998,3705,4095,4110,4226,4493,4362,4172,4110,3566,2789,2352,3902,56722,populacao_seade-sp_2000a2024,populacao_seade-sp_2000a2024_feminino_2020.csv
2020,Parelheiros,PARELHEIROS,Marsilac,Marsilac,feminino,287,289,409,408,625,509,433,361,389,306,344,322,273,186,144,207,5492,populacao_seade-sp_2000a2024,populacao_seade-sp_2000a2024_feminino_2020.csv
2020,Vila Mariana,VILA_MARIANA,Moema,Moema,feminino,1429,1728,1896,1614,1820,2296,2917,3827,4447,3849,3197,3375,3248,3000,2401,4510,45554,populacao_seade-sp_2000a2024,populacao_seade-sp_2000a2024_feminino_2020.csv
2020,Mooca,MOOCA,Mooca,Mooca,feminino,1744,2074,2027,1904,2208,2753,3049,3321,3536,3274,3098,3007,2811,2317,1920,4391,43434,populacao_seade-sp_2000a2024,populacao_seade-sp_2000a2024_feminino_2020.csv
2020,Butantã,BUTANTA,Morumbi,Morumbi,feminino,1173,1365,1166,1320,1518,1580,1666,1759,2009,1880,1771,1599,1408,1180,997,1673,24064,populacao_seade-sp_2000a2024,populacao_seade-sp_2000a2024_feminino_2020.csv
2020,Parelheiros,PARELHEIROS,Parelheiros,Parelheiros,feminino,5181,5498,5383,6215,7537,7399,5890,5786,5813,5418,4908,3811,3102,2118,1541,1634,77234,populacao_seade-sp_2000a2024,populacao_seade-sp_2000a2024_feminino_2020.csv
2020,Mooca,MOOCA,Pari,Pari,feminino,543,635,535,543,598,643,750,732,632,636,552,533,455,347,333,730,9197,populacao_seade-sp_2000a2024,populacao_seade-sp_2000a2024_feminino_2020.csv
2020,Itaquera,ITAQUERA,Parque do Carmo,Parque_do_Carmo,feminino,2080,2348,2440,2667,3102,3148,3091,3105,3241,2694,2477,2131,1867,1441,1100,1443,38375,populacao_seade-sp_2000a2024,populacao_seade-sp_2000a2024_feminino_2020.csv
2020,Cidade Ademar,CIDADE_ADEMAR,Pedreira,Pedreira,feminino,4540,4912,5618,5971,7146,7634,7022,6801,6883,6001,5576,4438,3812,2807,1982,2542,83685,populacao_seade-sp_2000a2024,populacao_seade-sp_2000a2024_feminino_2020.csv
2020,Penha,PENHA,Penha,Penha,feminino,3031,3507,3517,3659,4374,5001,5369,5450,5488,4941,5041,4929,4505,3788,3164,6100,71864,populacao_seade-sp_2000a2024,populacao_seade-sp_2000a2024_feminino_2020.csv
2020,Lapa,LAPA,Perdizes,Perdizes,feminino,1869,2164,2302,2237,2305,2999,4157,5229,5250,4260,3858,4095,4104,3744,3231,5829,57633,populacao_seade-sp_2000a2024,populacao_seade-sp_2000a2024_feminino_2020.csv
2020,Perus,PERUS,Perus,Perus,feminino,2860,3098,2986,3272,4081,4099,3649,3382,3475,3132,2917,2307,1832,1344,1009,1229,44672,populacao_seade-sp_2000a2024,populacao_seade-sp_2000a2024_feminino_2020.csv
2020,Pinheiros,PINHEIROS,Pinheiros,Pinheiros,feminino,1164,1405,1330,1248,1339,1657,2297,3364,3451,2771,2585,2633,2551,2388,1954,4447,36584,populacao_seade-sp_2000a2024,populacao_seade-sp_2000a2024_feminino_2020.csv
2020,Pirituba/Jaraguá,PIRITUBA_JARAGUA,Pirituba,Pirituba,feminino,4514,5165,5172,5353,6449,7091,7211,7564,7566,6811,6527,6244,5646,4512,3483,5590,94898,populacao_seade-sp_2000a2024,populacao_seade-sp_2000a2024_feminino_2020.csv
2020,Ermelino Matarazzo,ERMELINO_MATARAZZO,Ponte Rasa,Ponte_Rasa,feminino,2192,2492,2650,2804,3473,3619,3812,3822,3677,3317,3336,3257,3061,2387,1898,3171,48968,populacao_seade-sp_2000a2024,populacao_seade-sp_2000a2024_feminino_2020.csv
2020,Butantã,BUTANTA,Raposo Tavares,Raposo_Tavares,feminino,3480,3974,3701,4142,4538,4778,4723,5136,5383,4535,3902,3291,2975,2406,1837,2238,61039,populacao_seade-sp_2000a2024,populacao_seade-sp_2000a2024_feminino_2020.csv
2020,Sé,SE,República,Republica,feminino,1350,1640,1343,1116,1297,1793,2756,3191,2853,2290,2055,1910,1804,1564,1310,2223,30495,populacao_seade-sp_2000a2024,populacao_seade-sp_2000a2024_feminino_2020.csv
2020,Butantã,BUTANTA,Rio Pequeno,Rio_Pequeno,feminino,3981,4663,3800,3924,4601,4880,5321,5732,5732,4891,4522,4134,3701,2819,2238,3434,68373,populacao_seade-sp_2000a2024,populacao_seade-sp_2000a2024_feminino_2020.csv
2020,Ipiranga,IPIRANGA,Sacomã,Sacoma,feminino,6414,7266,7790,8305,9695,10611,10816,11659,11512,10187,9265,8777,7478,5999,4562,7619,137955,populacao_seade-sp_2000a2024,populacao_seade-sp_2000a2024_feminino_2020.csv
2020,Sé,SE,Santa Cecília,Santa_Cecilia,feminino,1767,2071,1750,1639,1918,2575,3662,4265,4081,3195,3101,2879,2837,2459,2028,3989,44216,populacao_seade-sp_2000a2024,populacao_seade-sp_2000a2024_feminino_2020.csv
2020,Santana/Tucuruvi,SANTANA_TUCURUVI,Santana,Santana,feminino,2437,2839,2533,2564,3230,3868,5018,5482,5288,4544,4571,4800,4739,4129,3264,6611,65917,populacao_seade-sp_2000a2024,populacao_seade-sp_2000a2024_feminino_2020.csv
2020,Santo Amaro,SANTO_AMARO,Santo Amaro,Santo_Amaro,feminino,1562,1888,2058,2065,2213,2587,2795,3220,3781,3593,3341,3243,3053,2744,2449,4806,45398,populacao_seade-sp_2000a2024,populacao_seade-sp_2000a2024_feminino_2020.csv
2020,Pirituba/Jaraguá,PIRITUBA_JARAGUA,São Domingos,Sao_Domingos,feminino,2133,2434,2660,2855,3294,3529,3542,3753,3775,3411,3304,3011,2667,2154,1755,2842,47119,populacao_seade-sp_2000a2024,populacao_seade-sp_2000a2024_feminino_2020.csv
2020,Vila Prudente,VILA_PRUDENTE,São Lucas,Sao_Lucas,feminino,3101,3468,4023,4067,4707,5374,5609,5819,5843,5235,5185,5270,4506,3820,3140,5659,74826,populacao_seade-sp_2000a2024,populacao_seade-sp_2000a2024_feminino_2020.csv
2020,São Mateus,SAO_MATEUS,São Mateus,Sao_Mateus,feminino,4319,4881,4759,5189,6512,6548,6468,6577,6217,5746,5489,4988,4318,3279,2590,3794,81674,populacao_seade-sp_2000a2024,populacao_seade-sp_2000a2024_feminino_2020.csv
2020,São Miguel,SAO_MIGUEL,São Miguel,Sao_Miguel,feminino,2666,3015,2487,2686,3501,3544,3586,3232,3176,2891,2983,2690,2304,1726,1341,2379,44207,populacao_seade-sp_2000a2024,populacao_seade-sp_2000a2024_feminino_2020.csv
2020,São Mateus,SAO_MATEUS,São Rafael,Sao_Rafael,feminino,4201,4546,5403,6025,6944,6655,5855,5967,5993,5532,5036,4105,3137,2417,1887,2295,75998,populacao_seade-sp_2000a2024,populacao_seade-sp_2000a2024_feminino_2020.csv
2020,Sapopemba,SAPOPEMBA,Sapopemba,Sapopemba,feminino,7525,8395,8635,9314,11267,11976,11446,11428,10664,9734,9439,8660,7428,5774,4533,6230,142448,populacao_seade-sp_2000a2024,populacao_seade-sp_2000a2024_feminino_2020.csv
2020,Vila Mariana,VILA_MARIANA,Saúde,Saude,feminino,2420,2947,2929,2785,3011,3654,4625,6169,6461,5391,5088,5166,5189,4536,3754,7610,71735,populacao_seade-sp_2000a2024,populacao_seade-sp_2000a2024_feminino_2020.csv
2020,Sé,SE,Sé,Se,feminino,776,953,557,671,765,945,1191,1152,1175,1065,800,571,518,369,312,481,12301,populacao_seade-sp_2000a2024,populacao_seade-sp_2000a2024_feminino_2020.csv
2020,Capela do Socorro,CAPELA_DO_SOCORRO,Socorro,Socorro,feminino,833,984,868,990,1160,1331,1391,1688,1659,1513,1438,1465,1333,1215,1031,1963,20862,populacao_seade-sp_2000a2024,populacao_seade-sp_2000a2024_feminino_2020.csv
2020,Mooca,MOOCA,Tatuapé,Tatuape,feminino,1908,2224,2258,2376,2870,3471,3754,4067,4285,4054,3951,4123,3708,3108,2405,5295,53857,populacao_seade-sp_2000a2024,populacao_seade-sp_2000a2024_feminino_2020.csv
2020,Jaçanã/Tremembé,JACANA_TREMEMBE,Tremembé,Tremembe,feminino,5852,6416,6278,6829,8495,8864,8064,7936,7889,7495,6841,5838,4989,3980,2976,4419,103161,populacao_seade-sp_2000a2024,populacao_seade-sp_2000a2024_feminino_2020.csv
2020,Santana/Tucuruvi,SANTANA_TUCURUVI,Tucuruvi,Tucuruvi,feminino,2028,2333,2316,2478,2922,3556,4058,4363,4273,3626,3674,3827,3916,3404,2716,5427,54917,populacao_seade-sp_2000a2024,populacao_seade-sp_2000a2024_feminino_2020.csv
2020,Campo Limpo,CAMPO_LIMPO,Vila Andrade,Vila_Andrade,feminino,4341,4666,5838,6172,7143,7417,7073,6990,7568,6492,5617,4433,3181,2371,1741,2235,83278,populacao_seade-sp_2000a2024,populacao_seade-sp_2000a2024_feminino_2020.csv
2020,Itaim Paulista,ITAIM_PAULISTA,Vila Curuçá,Vila_Curuca,feminino,4085,4408,4713,5356,6598,6785,5986,5710,5662,5390,4967,4124,3336,2640,2073,2790,74623,populacao_seade-sp_2000a2024,populacao_seade-sp_2000a2024_feminino_2020.csv
2020,Aricanduva/Formosa/Carrão,ARICANDUVA_FORMOSA_CARRAO,Vila Formosa,Vila_Formosa,feminino,2010,2251,2316,2585,3172,3527,3700,3752,3727,3355,3479,3612,3342,2822,2308,4315,50273,populacao_seade-sp_2000a2024,populacao_seade-sp_2000a2024_feminino_2020.csv
2020,Vila Maria/Vila Guilherme,VILA_MARIA_VILA_GUILHERME,Vila Guilherme,Vila_Guilherme,feminino,1377,1653,1423,1396,1685,1799,2013,2252,2449,2034,1843,1847,1762,1504,1243,2434,28714,populacao_seade-sp_2000a2024,populacao_seade-sp_2000a2024_feminino_2020.csv
2020,São Miguel,SAO_MIGUEL,Vila Jacuí,Vila_Jacui,feminino,3508,3754,4720,5015,6122,6453,6017,5826,5546,4942,4686,4123,3614,2641,1874,2377,71218,populacao_seade-sp_2000a2024,populacao_seade-sp_2000a2024_feminino_2020.csv
2020,Lapa,LAPA,Vila Leopoldina,Vila_Leopoldina,feminino,943,1141,1314,1242,1362,1525,1485,1861,2367,2147,1718,1657,1301,1032,798,1585,23478,populacao_seade-sp_2000a2024,populacao_seade-sp_2000a2024_feminino_2020.csv
2020,Vila Maria/Vila Guilherme,VILA_MARIA_VILA_GUILHERME,Vila Maria,Vila_Maria,feminino,3169,3611,3387,3474,4157,4428,4680,4792,4510,3791,3626,3370,2982,2385,1971,3497,57830,populacao_seade-sp_2000a2024,populacao_seade-sp_2000a2024_feminino_2020.csv
2020,Vila Mariana,VILA_MARIANA,Vila Mariana,Vila_Mariana,feminino,2366,2735,2576,2296,2567,3668,5226,6820,6504,5079,4715,5078,5184,4888,3934,7630,71266,populacao_seade-sp_2000a2024,populacao_seade-sp_2000a2024_feminino_2020.csv
2020,Penha,PENHA,Vila Matilde,Vila_Matilde,feminino,2365,2698,2918,3061,3631,4002,4186,4269,4400,4044,3924,3732,3482,2992,2349,4245,56298,populacao_seade-sp_2000a2024,populacao_seade-sp_2000a2024_feminino_2020.csv
2020,Vila Maria/Vila Guilherme,VILA_MARIA_VILA_GUILHERME,Vila Medeiros,Vila_Medeiros,feminino,3116,3566,3411,3506,4292,4737,5091,4979,4703,4105,4116,3887,3938,3050,2564,4515,63576,populacao_seade-sp_2000a2024,populacao_seade-sp_2000a2024_feminino_2020.csv
2020,Vila Prudente,VILA_PRUDENTE,Vila Prudente,Vila_Prudente,feminino,2300,2642,2833,2801,3369,3883,4217,4500,4514,4000,3878,3920,3687,3080,2502,4913,57039,populacao_seade-sp_2000a2024,populacao_seade-sp_2000a2024_feminino_2020.csv
2020,Butantã,BUTANTA,Vila Sônia,Vila_Sonia,feminino,3198,3714,3500,3678,4074,4809,5059,5425,5583,4811,4315,3788,3438,2961,2416,3788,64557,populacao_seade-sp_2000a2024,populacao_seade-sp_2000a2024_feminino_2020.csv
2020,,NAO_IDENTIFICADO,Ignorado,Ignorado,feminino,-,-,-,-,-,-,-,-,-,-,-,-,-,-,-,-,-,populacao_seade-sp_2000a2024,populacao_seade-sp_2000a2024_feminino_2020.csv
2019,Mooca,MOOCA,Água Rasa,Agua_Rasa,feminino,1916,2199,2112,2183,2564,3101,3198,3396,3717,3287,3358,3379,3123,2672,2299,4704,47208,populacao_seade-sp_2000a2024,populacao_seade-sp_2000a2024_feminino_2019.csv
2019,Pinheiros,PINHEIROS,Alto de Pinheiros,Alto_de_Pinheiros,feminino,626,753,863,847,1011,1274,1423,1527,1734,1570,1627,1736,1584,1435,1287,2633,21930,populacao_seade-sp_2000a2024,populacao_seade-sp_2000a2024_feminino_2019.csv
2019,Perus,PERUS,Anhanguera,Anhanguera,feminino,2153,2299,2624,2904,3674,3811,3249,2973,3023,2913,2533,1896,1313,860,516,618,37359,populacao_seade-sp_2000a2024,populacao_seade-sp_2000a2024_feminino_2019.csv
2019,Aricanduva/Formosa/Carrão,ARICANDUVA_FORMOSA_CARRAO,Aricanduva,Aricanduva,feminino,2151,2451,2598,2797,3381,3548,3576,3666,3633,3429,3317,3076,2790,2358,2028,3452,48251,populacao_seade-sp_2000a2024,populacao_seade-sp_2000a2024_feminino_2019.csv
2019,Penha,PENHA,Artur Alvim,Artur_Alvim,feminino,2381,2738,2955,3032,3698,4003,4137,4305,4333,3840,3472,3257,3025,2636,2186,3340,53338,populacao_seade-sp_2000a2024,populacao_seade-sp_2000a2024_feminino_2019.csv
2019,Lapa,LAPA,Barra Funda,Barra_Funda,feminino,717,826,774,723,770,950,1275,1419,1427,1167,956,972,886,776,707,1466,15811,populacao_seade-sp_2000a2024,populacao_seade-sp_2000a2024_feminino_2019.csv
2019,Sé,SE,Bela Vista,Bela_Vista,feminino,1413,1541,1242,1100,1335,1990,3071,3632,3133,2441,2182,2064,2030,1816,1501,2752,33243,populacao_seade-sp_2000a2024,populacao_seade-sp_2000a2024_feminino_2019.csv
2019,Mooca,MOOCA,Belém,Belem,feminino,1730,1948,1478,1375,1563,1731,2099,2332,2228,1809,1695,1676,1486,1317,1046,2345,27858,populacao_seade-sp_2000a2024,populacao_seade-sp_2000a2024_feminino_2019.csv
2019,Sé,SE,Bom Retiro,Bom_Retiro,feminino,1030,1167,1038,996,1140,1277,1528,1554,1429,1153,1076,956,814,701,534,1112,17505,populacao_seade-sp_2000a2024,populacao_seade-sp_2000a2024_feminino_2019.csv
2019,Mooca,MOOCA,Brás,Bras,feminino,1217,1355,985,1026,1204,1406,1719,1673,1567,1284,1129,996,884,669,484,834,18432,populacao_seade-sp_2000a2024,populacao_seade-sp_2000a2024_feminino_2019.csv
2019,Freguesia/Brasilândia,FREGUESIA_BRASILANDIA,Brasilândia,Brasilandia,feminino,8576,9278,9026,9955,11860,11717,10664,10180,9904,8795,8126,6728,5459,4135,3162,4240,131805,populacao_seade-sp_2000a2024,populacao_seade-sp_2000a2024_feminino_2019.csv
2019,Butantã,BUTANTA,Butantã,Butanta,feminino,1065,1211,1143,1156,1379,1787,2231,2575,2423,2030,1918,1891,1806,1652,1387,2675,28329,populacao_seade-sp_2000a2024,populacao_seade-sp_2000a2024_feminino_2019.csv
2019,Casa Verde/Cachoeirinha,CASA_VERDE_CACHOEIRINHA,Cachoeirinha,Cachoeirinha,feminino,4503,5024,4925,5138,6156,6415,6096,6157,5932,5190,4819,4305,3634,2767,2086,2925,76072,populacao_seade-sp_2000a2024,populacao_seade-sp_2000a2024_feminino_2019.csv
2019,Sé,SE,Cambuci,Cambuci,feminino,1075,1237,1199,1161,1354,1528,1779,1955,2022,1788,1535,1445,1366,1122,898,1954,23418,populacao_seade-sp_2000a2024,populacao_seade-sp_2000a2024_feminino_2019.csv
2019,Santo Amaro,SANTO_AMARO,Campo Belo,Campo_Belo,feminino,1457,1727,1751,1713,1849,2108,2633,3038,3246,2989,2624,2644,2520,2283,1980,4049,38611,populacao_seade-sp_2000a2024,populacao_seade-sp_2000a2024_feminino_2019.csv
2019,Santo Amaro,SANTO_AMARO,Campo Grande,Campo_Grande,feminino,2474,2945,3206,3209,3809,4058,4180,4758,5330,4951,4774,4303,3706,2997,2383,3897,60980,populacao_seade-sp_2000a2024,populacao_seade-sp_2000a2024_feminino_2019.csv
2019,Campo Limpo,CAMPO_LIMPO,Campo Limpo,Campo_Limpo,feminino,6760,7575,7969,8222,9827,10099,10073,10382,10386,8972,7768,6500,5529,4215,3058,3991,121326,populacao_seade-sp_2000a2024,populacao_seade-sp_2000a2024_feminino_2019.csv
2019,Penha,PENHA,Cangaíba,Cangaiba,feminino,3936,4363,4224,4549,5633,6036,6027,5875,5640,5288,5086,4691,3986,3167,2472,3844,74817,populacao_seade-sp_2000a2024,populacao_seade-sp_2000a2024_feminino_2019.csv
2019,Campo Limpo,CAMPO_LIMPO,Capão Redondo,Capao_Redondo,feminino,8508,9342,9501,10260,12186,12418,12138,11968,11698,10103,8988,7466,6248,4811,3435,4035,143105,populacao_seade-sp_2000a2024,populacao_seade-sp_2000a2024_feminino_2019.csv
2019,Aricanduva/Formosa/Carrão,ARICANDUVA_FORMOSA_CARRAO,Carrão,Carrao,feminino,1756,2034,2164,2321,2733,3027,3187,3426,3592,3334,3291,3314,2944,2524,2179,4167,45993,populacao_seade-sp_2000a2024,populacao_seade-sp_2000a2024_feminino_2019.csv
2019,Casa Verde/Cachoeirinha,CASA_VERDE_CACHOEIRINHA,Casa Verde,Casa_Verde,feminino,2142,2419,2310,2390,2888,3203,3404,3564,3477,3081,2901,2871,2671,2242,1836,3412,44811,populacao_seade-sp_2000a2024,populacao_seade-sp_2000a2024_feminino_2019.csv
2019,Cidade Ademar,CIDADE_ADEMAR,Cidade Ademar,Cidade_Ademar,feminino,7786,8646,8647,8874,10684,11425,11306,11074,11021,9622,8541,7300,6388,4931,3750,5257,135252,populacao_seade-sp_2000a2024,populacao_seade-sp_2000a2024_feminino_2019.csv
2019,Capela do Socorro,CAPELA_DO_SOCORRO,Cidade Dutra,Cidade_Dutra,feminino,5269,5875,6017,6543,7788,8178,7954,7871,7897,7041,6572,5781,5083,3950,3052,3872,98743,populacao_seade-sp_2000a2024,populacao_seade-sp_2000a2024_feminino_2019.csv
2019,Itaquera,ITAQUERA,Cidade Líder,Cidade_Lider,feminino,3730,4143,4334,4713,5533,6074,5807,5786,5692,5079,4601,4037,3528,2762,2097,2540,70456,populacao_seade-sp_2000a2024,populacao_seade-sp_2000a2024_feminino_2019.csv
2019,Cidade Tiradentes,CIDADE_TIRADENTES,Cidade Tiradentes,Cidade_Tiradentes,feminino,6392,6922,7846,8536,10071,9986,8568,8278,8013,6869,6082,5366,4539,3354,2164,2208,105194,populacao_seade-sp_2000a2024,populacao_seade-sp_2000a2024_feminino_2019.csv
2019,Sé,SE,Consolação,Consolacao,feminino,916,929,841,854,1088,2093,3212,2949,2442,1970,1931,2076,2038,1864,1617,3583,30403,populacao_seade-sp_2000a2024,populacao_seade-sp_2000a2024_feminino_2019.csv
2019,Ipiranga,IPIRANGA,Cursino,Cursino,feminino,2437,2843,2842,2819,3224,3819,4119,4573,4620,4075,3913,3916,3707,3055,2395,4733,57090,populacao_seade-sp_2000a2024,populacao_seade-sp_2000a2024_feminino_2019.csv
2019,Ermelino Matarazzo,ERMELINO_MATARAZZO,Ermelino Matarazzo,Ermelino_Matarazzo,feminino,3211,3609,3785,3900,4648,5025,4966,4812,4703,4196,3910,3408,2937,2277,1599,2310,59296,populacao_seade-sp_2000a2024,populacao_seade-sp_2000a2024_feminino_2019.csv
2019,Freguesia/Brasilândia,FREGUESIA_BRASILANDIA,Freguesia do Ó,Freguesia_do_O,feminino,3549,3975,3834,4126,5057,5533,5711,5998,5868,5308,5166,4985,4613,3624,2809,4873,75029,populacao_seade-sp_2000a2024,populacao_seade-sp_2000a2024_feminino_2019.csv
2019,Capela do Socorro,CAPELA_DO_SOCORRO,Grajaú,Grajau,feminino,12481,13635,13896,15116,18286,18323,16294,15900,15420,13825,12490,9983,7914,5653,3912,4074,197202,populacao_seade-sp_2000a2024,populacao_seade-sp_2000a2024_feminino_2019.csv
2019,Guaianases,GUAIANASES,Guaianases,Guaianases,feminino,3516,3808,3871,4244,5056,5151,4626,4398,4260,3851,3524,2929,2483,1864,1305,1666,56552,populacao_seade-sp_2000a2024,populacao_seade-sp_2000a2024_feminino_2019.csv
2019,São Mateus,SAO_MATEUS,Iguatemi,Iguatemi,feminino,4823,5114,5202,5867,6929,7090,6094,5679,5436,5110,4674,3818,2964,2111,1431,1551,73893,populacao_seade-sp_2000a2024,populacao_seade-sp_2000a2024_feminino_2019.csv
2019,Ipiranga,IPIRANGA,Ipiranga,Ipiranga,feminino,2660,3077,3094,3101,3672,4248,4543,4901,5014,4620,4354,4088,3749,3078,2548,5326,62073,populacao_seade-sp_2000a2024,populacao_seade-sp_2000a2024_feminino_2019.csv
2019,Pinheiros,PINHEIROS,Itaim Bibi,Itaim_Bibi,feminino,2001,2408,2235,1746,1965,2795,3775,5108,5406,4340,3656,3662,3619,3346,2800,5804,54666,populacao_seade-sp_2000a2024,populacao_seade-sp_2000a2024_feminino_2019.csv
2019,Itaim Paulista,ITAIM_PAULISTA,Itaim Paulista,Itaim_Paulista,feminino,6537,7199,7689,8191,10014,10196,9002,8513,8205,7602,7233,5995,4897,3573,2591,3210,110647,populacao_seade-sp_2000a2024,populacao_seade-sp_2000a2024_feminino_2019.csv
2019,Itaquera,ITAQUERA,Itaquera,Itaquera,feminino,6094,6839,7163,7591,9223,9141,8613,8629,8944,8100,7430,6208,5339,4269,3225,4445,111253,populacao_seade-sp_2000a2024,populacao_seade-sp_2000a2024_feminino_2019.csv
2019,Jabaquara,JABAQUARA,Jabaquara,Jabaquara,feminino,5595,6435,6529,6504,7895,8633,9228,9794,9872,8611,8079,7419,6531,5168,4089,7178,117560,populacao_seade-sp_2000a2024,populacao_seade-sp_2000a2024_feminino_2019.csv
2019,Jaçanã/Tremembé,JACANA_TREMEMBE,Jaçanã,Jacana,feminino,2284,2594,2957,3172,3685,3807,3760,3816,3756,3203,2967,2804,2575,2064,1623,2681,47748,populacao_seade-sp_2000a2024,populacao_seade-sp_2000a2024_feminino_2019.csv
2019,Lapa,LAPA,Jaguara,Jaguara,feminino,577,660,659,713,853,901,972,1029,1023,904,895,885,852,708,595,1024,13250,populacao_seade-sp_2000a2024,populacao_seade-sp_2000a2024_feminino_2019.csv
2019,Lapa,LAPA,Jaguaré,Jaguare,feminino,1428,1640,1702,1793,2073,2191,2196,2494,2488,2125,1822,1611,1329,1116,956,1581,28545,populacao_seade-sp_2000a2024,populacao_seade-sp_2000a2024_feminino_2019.csv
2019,Pirituba/Jaraguá,PIRITUBA_JARAGUA,Jaraguá,Jaragua,feminino,6309,6882,7145,8017,9493,9442,8683,8641,8608,7656,6884,5913,4872,3492,2437,2928,107402,populacao_seade-sp_2000a2024,populacao_seade-sp_2000a2024_feminino_2019.csv
2019,M'Boi Mirim,M_BOI_MIRIM,Jardim Ângela,Jardim_Angela,feminino,10114,11331,12193,12582,14648,14254,13036,13156,13110,11402,9886,7442,5995,4331,2958,3338,159776,populacao_seade-sp_2000a2024,populacao_seade-sp_2000a2024_feminino_2019.csv
2019,São Miguel,SAO_MIGUEL,Jardim Helena,Jardim_Helena,feminino,4475,4821,4676,5047,6156,6221,5536,5246,5086,4573,4158,3447,2879,2155,1608,2034,68118,populacao_seade-sp_2000a2024,populacao_seade-sp_2000a2024_feminino_2019.csv
2019,Pinheiros,PINHEIROS,Jardim Paulista,Jardim_Paulista,feminino,1566,1760,1559,1392,1626,2336,3555,4595,4349,3326,3070,3210,3285,3093,2573,5570,46865,populacao_seade-sp_2000a2024,populacao_seade-sp_2000a2024_feminino_2019.csv
2019,M'Boi Mirim,M_BOI_MIRIM,Jardim São Luís,Jardim_Sao_Luis,feminino,7866,8734,8849,9436,11196,11768,11594,11739,11356,10033,8918,7414,6125,4758,3450,4251,137487,populacao_seade-sp_2000a2024,populacao_seade-sp_2000a2024_feminino_2019.csv
2019,Itaquera,ITAQUERA,José Bonifácio,Jose_Bonifacio,feminino,3233,3714,4431,4734,5458,5433,5202,5696,5887,4818,4272,3726,3555,3123,2239,2585,68106,populacao_seade-sp_2000a2024,populacao_seade-sp_2000a2024_feminino_2019.csv
2019,Guaianases,GUAIANASES,Lajeado,Lajeado,feminino,5429,5900,6083,6587,8216,8194,7109,6489,6393,5904,5270,4246,3481,2519,1774,2160,85754,populacao_seade-sp_2000a2024,populacao_seade-sp_2000a2024_feminino_2019.csv
2019,Lapa,LAPA,Lapa,Lapa,feminino,1448,1712,1703,1640,1896,2224,2597,3073,3368,2996,2940,2909,2721,2391,2041,4641,40300,populacao_seade-sp_2000a2024,populacao_seade-sp_2000a2024_feminino_2019.csv
2019,Sé,SE,Liberdade,Liberdade,feminino,1489,1718,1538,1430,1662,2286,3024,3432,3327,2856,2447,2356,2273,1985,1654,3086,36563,populacao_seade-sp_2000a2024,populacao_seade-sp_2000a2024_feminino_2019.csv
2019,Casa Verde/Cachoeirinha,CASA_VERDE_CACHOEIRINHA,Limão,Limao,feminino,2362,2637,2465,2603,2981,3386,3458,3526,3516,3079,2780,2661,2565,2140,1650,2776,44585,populacao_seade-sp_2000a2024,populacao_seade-sp_2000a2024_feminino_2019.csv
2019,Santana/Tucuruvi,SANTANA_TUCURUVI,Mandaqui,Mandaqui,feminino,2425,2752,2843,3074,3791,4181,4164,4273,4539,4375,4220,4036,3451,2734,2294,3800,56952,populacao_seade-sp_2000a2024,populacao_seade-sp_2000a2024_feminino_2019.csv
2019,Parelheiros,PARELHEIROS,Marsilac,Marsilac,feminino,280,305,407,427,586,490,412,358,369,310,336,308,252,174,136,194,5344,populacao_seade-sp_2000a2024,populacao_seade-sp_2000a2024_feminino_2019.csv
2019,Vila Mariana,VILA_MARIANA,Moema,Moema,feminino,1470,1772,1851,1613,1905,2450,3091,3921,4371,3733,3264,3363,3227,2882,2281,4417,45611,populacao_seade-sp_2000a2024,populacao_seade-sp_2000a2024_feminino_2019.csv
2019,Mooca,MOOCA,Mooca,Mooca,feminino,1775,2062,2005,1901,2290,2837,3088,3318,3497,3240,3092,2966,2721,2239,1897,4341,43269,populacao_seade-sp_2000a2024,populacao_seade-sp_2000a2024_feminino_2019.csv
2019,Butantã,BUTANTA,Morumbi,Morumbi,feminino,1210,1347,1221,1343,1549,1645,1710,1818,2029,1891,1772,1585,1388,1162,975,1626,24271,populacao_seade-sp_2000a2024,populacao_seade-sp_2000a2024_feminino_2019.csv
2019,Parelheiros,PARELHEIROS,Parelheiros,Parelheiros,feminino,5183,5501,5582,6317,7520,7186,5882,5751,5794,5348,4716,3683,2915,2015,1432,1534,76359,populacao_seade-sp_2000a2024,populacao_seade-sp_2000a2024_feminino_2019.csv
2019,Mooca,MOOCA,Pari,Pari,feminino,556,619,543,543,611,678,753,710,643,625,554,520,437,349,324,733,9198,populacao_seade-sp_2000a2024,populacao_seade-sp_2000a2024_feminino_2019.csv
2019,Itaquera,ITAQUERA,Parque do Carmo,Parque_do_Carmo,feminino,2110,2384,2509,2691,3110,3188,3105,3117,3161,2671,2430,2090,1797,1382,1041,1386,38172,populacao_seade-sp_2000a2024,populacao_seade-sp_2000a2024_feminino_2019.csv
2019,Cidade Ademar,CIDADE_ADEMAR,Pedreira,Pedreira,feminino,4558,5073,5736,6033,7210,7603,6983,6764,6762,5945,5371,4320,3620,2635,1877,2385,82875,populacao_seade-sp_2000a2024,populacao_seade-sp_2000a2024_feminino_2019.csv
2019,Penha,PENHA,Penha,Penha,feminino,3078,3521,3570,3695,4469,5135,5383,5411,5417,4980,5051,4851,4386,3674,3082,5979,71682,populacao_seade-sp_2000a2024,populacao_seade-sp_2000a2024_feminino_2019.csv
2019,Lapa,LAPA,Perdizes,Perdizes,feminino,1913,2215,2322,2216,2449,3276,4388,5234,5115,4223,3959,4134,4087,3674,3088,5748,58041,populacao_seade-sp_2000a2024,populacao_seade-sp_2000a2024_feminino_2019.csv
2019,Perus,PERUS,Perus,Perus,feminino,2884,3106,3082,3352,4089,4078,3614,3392,3458,3126,2828,2229,1755,1292,958,1178,44421,populacao_seade-sp_2000a2024,populacao_seade-sp_2000a2024_feminino_2019.csv
2019,Pinheiros,PINHEIROS,Pinheiros,Pinheiros,feminino,1192,1394,1322,1238,1400,1797,2478,3350,3326,2740,2607,2615,2530,2295,1916,4368,36568,populacao_seade-sp_2000a2024,populacao_seade-sp_2000a2024_feminino_2019.csv
2019,Pirituba/Jaraguá,PIRITUBA_JARAGUA,Pirituba,Pirituba,feminino,4577,5191,5252,5426,6558,7215,7286,7507,7477,6788,6520,6138,5451,4317,3355,5408,94466,populacao_seade-sp_2000a2024,populacao_seade-sp_2000a2024_feminino_2019.csv
2019,Ermelino Matarazzo,ERMELINO_MATARAZZO,Ponte Rasa,Ponte_Rasa,feminino,2237,2555,2727,2884,3527,3737,3848,3793,3665,3365,3372,3250,2963,2314,1860,3089,49186,populacao_seade-sp_2000a2024,populacao_seade-sp_2000a2024_feminino_2019.csv
2019,Butantã,BUTANTA,Raposo Tavares,Raposo_Tavares,feminino,3523,3934,3812,4115,4566,4827,4801,5137,5243,4417,3797,3231,2877,2293,1731,2095,60399,populacao_seade-sp_2000a2024,populacao_seade-sp_2000a2024_feminino_2019.csv
2019,Sé,SE,República,Republica,feminino,1385,1581,1302,1121,1382,1984,2837,3096,2751,2251,2040,1894,1769,1520,1264,2155,30332,populacao_seade-sp_2000a2024,populacao_seade-sp_2000a2024_feminino_2019.csv
2019,Butantã,BUTANTA,Rio Pequeno,Rio_Pequeno,feminino,4064,4510,3866,3967,4656,5047,5416,5701,5618,4850,4487,4066,3549,2718,2148,3320,67983,populacao_seade-sp_2000a2024,populacao_seade-sp_2000a2024_feminino_2019.csv
2019,Ipiranga,IPIRANGA,Sacomã,Sacoma,feminino,6509,7420,7972,8371,9848,10815,11011,11564,11364,10067,9254,8542,7232,5721,4422,7348,137460,populacao_seade-sp_2000a2024,populacao_seade-sp_2000a2024_feminino_2019.csv
2019,Sé,SE,Santa Cecília,Santa_Cecilia,feminino,1809,2019,1747,1658,2041,2818,3796,4212,3937,3203,3093,2894,2798,2396,1994,3939,44354,populacao_seade-sp_2000a2024,populacao_seade-sp_2000a2024_feminino_2019.csv
2019,Santana/Tucuruvi,SANTANA_TUCURUVI,Santana,Santana,feminino,2487,2797,2569,2633,3353,4146,5127,5420,5191,4583,4660,4809,4659,3968,3178,6523,66103,populacao_seade-sp_2000a2024,populacao_seade-sp_2000a2024_feminino_2019.csv
2019,Santo Amaro,SANTO_AMARO,Santo Amaro,Santo_Amaro,feminino,1576,1896,2039,2007,2242,2623,2830,3242,3717,3500,3293,3163,2968,2658,2368,4619,44741,populacao_seade-sp_2000a2024,populacao_seade-sp_2000a2024_feminino_2019.csv
2019,Pirituba/Jaraguá,PIRITUBA_JARAGUA,São Domingos,Sao_Domingos,feminino,2164,2491,2724,2871,3332,3583,3589,3733,3737,3409,3271,2950,2583,2083,1714,2722,46956,populacao_seade-sp_2000a2024,populacao_seade-sp_2000a2024_feminino_2019.csv
2019,Vila Prudente,VILA_PRUDENTE,São Lucas,Sao_Lucas,feminino,3149,3608,4085,4108,4843,5521,5682,5809,5797,5275,5266,5145,4417,3711,3073,5512,75001,populacao_seade-sp_2000a2024,populacao_seade-sp_2000a2024_feminino_2019.csv
2019,São Mateus,SAO_MATEUS,São Mateus,Sao_Mateus,feminino,4398,4918,4921,5344,6558,6672,6544,6500,6225,5766,5470,4899,4159,3177,2516,3650,81717,populacao_seade-sp_2000a2024,populacao_seade-sp_2000a2024_feminino_2019.csv
2019,São Miguel,SAO_MIGUEL,São Miguel,Sao_Miguel,feminino,2754,2980,2603,2826,3584,3679,3594,3266,3219,2991,3014,2678,2249,1695,1366,2347,44845,populacao_seade-sp_2000a2024,populacao_seade-sp_2000a2024_feminino_2019.csv
2019,São Mateus,SAO_MATEUS,São Rafael,Sao_Rafael,feminino,4239,4755,5605,6115,6957,6639,5921,5961,5991,5492,4907,3933,3030,2337,1808,2156,75846,populacao_seade-sp_2000a2024,populacao_seade-sp_2000a2024_feminino_2019.csv
2019,Sapopemba,SAPOPEMBA,Sapopemba,Sapopemba,feminino,7698,8604,8969,9587,11551,12207,11610,11341,10720,9863,9486,8546,7234,5621,4398,5991,143426,populacao_seade-sp_2000a2024,populacao_seade-sp_2000a2024_feminino_2019.csv
2019,Vila Mariana,VILA_MARIANA,Saúde,Saude,feminino,2487,2957,2926,2773,3140,3897,4907,6180,6289,5353,5139,5180,5088,4381,3665,7419,71781,populacao_seade-sp_2000a2024,populacao_seade-sp_2000a2024_feminino_2019.csv
2019,Sé,SE,Sé,Se,feminino,812,875,592,683,807,1019,1204,1167,1183,1029,769,575,498,367,309,469,12358,populacao_seade-sp_2000a2024,populacao_seade-sp_2000a2024_feminino_2019.csv
2019,Capela do Socorro,CAPELA_DO_SOCORRO,Socorro,Socorro,feminino,849,964,899,999,1190,1362,1447,1668,1644,1507,1455,1441,1319,1183,1027,1889,20843,populacao_seade-sp_2000a2024,populacao_seade-sp_2000a2024_feminino_2019.csv
2019,Mooca,MOOCA,Tatuapé,Tatuape,feminino,1928,2223,2278,2386,2952,3551,3789,4047,4244,4023,3987,4021,3587,2950,2356,5185,53507,populacao_seade-sp_2000a2024,populacao_seade-sp_2000a2024_feminino_2019.csv
2019,Jaçanã/Tremembé,JACANA_TREMEMBE,Tremembé,Tremembe,feminino,5940,6470,6485,7029,8646,8912,8119,7934,7956,7469,6751,5739,4871,3829,2881,4307,103338,populacao_seade-sp_2000a2024,populacao_seade-sp_2000a2024_feminino_2019.csv
2019,Santana/Tucuruvi,SANTANA_TUCURUVI,Tucuruvi,Tucuruvi,feminino,2058,2339,2366,2499,3026,3697,4118,4311,4169,3649,3728,3851,3836,3268,2657,5313,54885,populacao_seade-sp_2000a2024,populacao_seade-sp_2000a2024_feminino_2019.csv
2019,Campo Limpo,CAMPO_LIMPO,Vila Andrade,Vila_Andrade,feminino,4314,4850,5853,6086,7052,7348,6985,6977,7339,6283,5355,4126,2999,2222,1612,2090,81491,populacao_seade-sp_2000a2024,populacao_seade-sp_2000a2024_feminino_2019.csv
2019,Itaim Paulista,ITAIM_PAULISTA,Vila Curuçá,Vila_Curuca,feminino,4152,4554,4945,5531,6717,6804,6018,5735,5740,5407,4896,4026,3265,2575,2012,2686,75063,populacao_seade-sp_2000a2024,populacao_seade-sp_2000a2024_feminino_2019.csv
2019,Aricanduva/Formosa/Carrão,ARICANDUVA_FORMOSA_CARRAO,Vila Formosa,Vila_Formosa,feminino,2037,2283,2395,2639,3241,3623,3730,3728,3695,3407,3542,3576,3270,2735,2252,4219,50372,populacao_seade-sp_2000a2024,populacao_seade-sp_2000a2024_feminino_2019.csv
2019,Vila Maria/Vila Guilherme,VILA_MARIA_VILA_GUILHERME,Vila Guilherme,Vila_Guilherme,feminino,1418,1621,1438,1429,1724,1882,2072,2287,2395,2016,1869,1846,1733,1468,1229,2404,28831,populacao_seade-sp_2000a2024,populacao_seade-sp_2000a2024_feminino_2019.csv
2019,São Miguel,SAO_MIGUEL,Vila Jacuí,Vila_Jacui,feminino,3558,3999,4882,5164,6257,6537,6063,5798,5543,4980,4665,4083,3475,2521,1790,2288,71603,populacao_seade-sp_2000a2024,populacao_seade-sp_2000a2024_feminino_2019.csv
2019,Lapa,LAPA,Vila Leopoldina,Vila_Leopoldina,feminino,962,1168,1294,1219,1374,1524,1543,1922,2327,2048,1707,1574,1244,980,770,1545,23201,populacao_seade-sp_2000a2024,populacao_seade-sp_2000a2024_feminino_2019.csv
2019,Vila Maria/Vila Guilherme,VILA_MARIA_VILA_GUILHERME,Vila Maria,Vila_Maria,feminino,3243,3621,3470,3555,4248,4587,4755,4744,4442,3814,3638,3332,2907,2335,1919,3457,58067,populacao_seade-sp_2000a2024,populacao_seade-sp_2000a2024_feminino_2019.csv
2019,Vila Mariana,VILA_MARIANA,Vila Mariana,Vila_Mariana,feminino,2409,2718,2543,2302,2769,4009,5527,6715,6255,5034,4828,5120,5175,4711,3789,7528,71432,populacao_seade-sp_2000a2024,populacao_seade-sp_2000a2024_feminino_2019.csv
2019,Penha,PENHA,Vila Matilde,Vila_Matilde,feminino,2405,2763,2981,3101,3702,4108,4221,4278,4384,4055,3932,3707,3424,2884,2298,4158,56401,populacao_seade-sp_2000a2024,populacao_seade-sp_2000a2024_feminino_2019.csv
2019,Vila Maria/Vila Guilherme,VILA_MARIA_VILA_GUILHERME,Vila Medeiros,Vila_Medeiros,feminino,3204,3606,3514,3623,4442,4947,5151,4957,4690,4189,4164,3965,3831,3008,2512,4475,64278,populacao_seade-sp_2000a2024,populacao_seade-sp_2000a2024_feminino_2019.csv
2019,Vila Prudente,VILA_PRUDENTE,Vila Prudente,Vila_Prudente,feminino,2335,2692,2852,2837,3454,4002,4277,4471,4449,3995,3917,3884,3589,2972,2455,4797,56978,populacao_seade-sp_2000a2024,populacao_seade-sp_2000a2024_feminino_2019.csv
2019,Butantã,BUTANTA,Vila Sônia,Vila_Sonia,feminino,3242,3668,3543,3647,4190,4913,5113,5392,5446,4710,4220,3711,3354,2850,2297,3645,63941,populacao_seade-sp_2000a2024,populacao_seade-sp_2000a2024_feminino_2019.csv
2019,,NAO_IDENTIFICADO,Ignorado,Ignorado,feminino,-,-,-,-,-,-,-,-,-,-,-,-,-,-,-,-,-,populacao_seade-sp_2000a2024,populacao_seade-sp_2000a2024_feminino_2019.csv
2018,Mooca,MOOCA,Água Rasa,Agua_Rasa,feminino,1950,2173,2145,2180,2658,3160,3227,3453,3629,3302,3395,3332,3046,2603,2235,4627,47115,populacao_seade-sp_2000a2024,populacao_seade-sp_2000a2024_feminino_2018.csv
2018,Pinheiros,PINHEIROS,Alto de Pinheiros,Alto_de_Pinheiros,feminino,645,788,875,859,1068,1340,1454,1580,1720,1594,1687,1716,1576,1418,1265,2578,22163,populacao_seade-sp_2000a2024,populacao_seade-sp_2000a2024_feminino_2018.csv
2018,Perus,PERUS,Anhanguera,Anhanguera,feminino,2144,2372,2685,2956,3688,3728,3182,2953,3048,2867,2429,1771,1230,777,488,578,36896,populacao_seade-sp_2000a2024,populacao_seade-sp_2000a2024_feminino_2018.csv
2018,Aricanduva/Formosa/Carrão,ARICANDUVA_FORMOSA_CARRAO,Aricanduva,Aricanduva,feminino,2182,2491,2669,2848,3409,3614,3621,3628,3629,3431,3302,3034,2721,2304,1970,3331,48184,populacao_seade-sp_2000a2024,populacao_seade-sp_2000a2024_feminino_2018.csv
2018,Penha,PENHA,Artur Alvim,Artur_Alvim,feminino,2435,2824,3024,3115,3784,4134,4226,4327,4314,3809,3495,3253,3006,2586,2127,3235,53694,populacao_seade-sp_2000a2024,populacao_seade-sp_2000a2024_feminino_2018.csv
2018,Lapa,LAPA,Barra Funda,Barra_Funda,feminino,695,771,725,662,739,972,1237,1336,1312,1050,920,908,821,732,633,1385,14898,populacao_seade-sp_2000a2024,populacao_seade-sp_2000a2024_feminino_2018.csv
2018,Sé,SE,Bela Vista,Bela_Vista,feminino,1457,1494,1231,1117,1456,2264,3277,3550,3033,2421,2198,2095,2038,1790,1452,2743,33616,populacao_seade-sp_2000a2024,populacao_seade-sp_2000a2024_feminino_2018.csv
2018,Mooca,MOOCA,Belém,Belem,feminino,1758,1807,1446,1360,1562,1815,2137,2276,2115,1760,1693,1614,1457,1241,1020,2294,27355,populacao_seade-sp_2000a2024,populacao_seade-sp_2000a2024_feminino_2018.csv
2018,Sé,SE,Bom Retiro,Bom_Retiro,feminino,1060,1147,1042,1002,1160,1368,1555,1532,1382,1152,1073,932,810,669,525,1106,17515,populacao_seade-sp_2000a2024,populacao_seade-sp_2000a2024_feminino_2018.csv
2018,Mooca,MOOCA,Brás,Bras,feminino,1239,1237,991,1016,1205,1482,1693,1620,1495,1239,1093,968,835,618,460,800,17991,populacao_seade-sp_2000a2024,populacao_seade-sp_2000a2024_feminino_2018.csv
2018,Freguesia/Brasilândia,FREGUESIA_BRASILANDIA,Brasilândia,Brasilandia,feminino,8774,9360,9476,10292,12018,11866,10773,10230,9921,8898,8047,6607,5313,4037,3053,4129,132794,populacao_seade-sp_2000a2024,populacao_seade-sp_2000a2024_feminino_2018.csv
2018,Butantã,BUTANTA,Butantã,Butanta,feminino,1088,1202,1162,1163,1447,1907,2330,2541,2359,2016,1940,1884,1803,1609,1352,2627,28430,populacao_seade-sp_2000a2024,populacao_seade-sp_2000a2024_feminino_2018.csv
2018,Casa Verde/Cachoeirinha,CASA_VERDE_CACHOEIRINHA,Cachoeirinha,Cachoeirinha,feminino,4591,5045,5054,5254,6253,6482,6190,6117,5867,5187,4807,4226,3509,2668,1987,2849,76086,populacao_seade-sp_2000a2024,populacao_seade-sp_2000a2024_feminino_2018.csv
2018,Sé,SE,Cambuci,Cambuci,feminino,1080,1214,1178,1144,1346,1580,1794,1929,1969,1708,1506,1422,1312,1060,880,1905,23027,populacao_seade-sp_2000a2024,populacao_seade-sp_2000a2024_feminino_2018.csv
2018,Santo Amaro,SANTO_AMARO,Campo Belo,Campo_Belo,feminino,1481,1725,1752,1676,1859,2229,2705,3039,3208,2876,2635,2602,2478,2201,1949,3905,38320,populacao_seade-sp_2000a2024,populacao_seade-sp_2000a2024_feminino_2018.csv
2018,Santo Amaro,SANTO_AMARO,Campo Grande,Campo_Grande,feminino,2501,2986,3196,3219,3824,4100,4257,4803,5240,4895,4674,4148,3548,2844,2264,3706,60205,populacao_seade-sp_2000a2024,populacao_seade-sp_2000a2024_feminino_2018.csv
2018,Campo Limpo,CAMPO_LIMPO,Campo Limpo,Campo_Limpo,feminino,6812,7677,8076,8329,9803,10217,10158,10314,10175,8761,7543,6325,5295,3980,2876,3787,120128,populacao_seade-sp_2000a2024,populacao_seade-sp_2000a2024_feminino_2018.csv
2018,Penha,PENHA,Cangaíba,Cangaiba,feminino,3992,4340,4339,4661,5712,6153,6042,5782,5634,5291,5083,4575,3863,3037,2409,3693,74606,populacao_seade-sp_2000a2024,populacao_seade-sp_2000a2024_feminino_2018.csv
2018,Campo Limpo,CAMPO_LIMPO,Capão Redondo,Capao_Redondo,feminino,8649,9466,9848,10494,12264,12665,12255,11962,11569,10044,8823,7314,6075,4578,3271,3807,143084,populacao_seade-sp_2000a2024,populacao_seade-sp_2000a2024_feminino_2018.csv
2018,Aricanduva/Formosa/Carrão,ARICANDUVA_FORMOSA_CARRAO,Carrão,Carrao,feminino,1779,2054,2210,2333,2781,3100,3234,3430,3553,3316,3331,3235,2871,2463,2111,4082,45883,populacao_seade-sp_2000a2024,populacao_seade-sp_2000a2024_feminino_2018.csv
2018,Casa Verde/Cachoeirinha,CASA_VERDE_CACHOEIRINHA,Casa Verde,Casa_Verde,feminino,2194,2414,2364,2440,2957,3320,3483,3549,3447,3070,2950,2868,2629,2181,1810,3360,45036,populacao_seade-sp_2000a2024,populacao_seade-sp_2000a2024_feminino_2018.csv
2018,Cidade Ademar,CIDADE_ADEMAR,Cidade Ademar,Cidade_Ademar,feminino,7973,8792,8890,9128,10942,11758,11437,11158,10980,9592,8455,7263,6225,4763,3661,5058,136075,populacao_seade-sp_2000a2024,populacao_seade-sp_2000a2024_feminino_2018.csv
2018,Capela do Socorro,CAPELA_DO_SOCORRO,Cidade Dutra,Cidade_Dutra,feminino,5394,5984,6272,6713,7950,8370,8055,7933,7880,7089,6543,5751,4945,3844,2917,3708,99348,populacao_seade-sp_2000a2024,populacao_seade-sp_2000a2024_feminino_2018.csv
2018,Itaquera,ITAQUERA,Cidade Líder,Cidade_Lider,feminino,3760,4182,4464,4735,5629,6098,5823,5723,5619,5012,4524,3964,3402,2649,1980,2403,69967,populacao_seade-sp_2000a2024,populacao_seade-sp_2000a2024_feminino_2018.csv
2018,Cidade Tiradentes,CIDADE_TIRADENTES,Cidade Tiradentes,Cidade_Tiradentes,feminino,6488,7260,8219,8783,10227,9947,8684,8325,7989,6861,6113,5332,4438,3163,2048,2088,105965,populacao_seade-sp_2000a2024,populacao_seade-sp_2000a2024_feminino_2018.csv
2018,Sé,SE,Consolação,Consolacao,feminino,913,908,855,859,1250,2391,3197,2822,2349,1962,1988,2079,2027,1824,1569,3544,30537,populacao_seade-sp_2000a2024,populacao_seade-sp_2000a2024_feminino_2018.csv
2018,Ipiranga,IPIRANGA,Cursino,Cursino,feminino,2503,2865,2881,2830,3369,3963,4257,4585,4556,4065,3971,3918,3627,2924,2347,4650,57311,populacao_seade-sp_2000a2024,populacao_seade-sp_2000a2024_feminino_2018.csv
2018,Ermelino Matarazzo,ERMELINO_MATARAZZO,Ermelino Matarazzo,Ermelino_Matarazzo,feminino,3267,3687,3871,3974,4746,5138,4988,4791,4667,4200,3869,3352,2859,2149,1541,2239,59338,populacao_seade-sp_2000a2024,populacao_seade-sp_2000a2024_feminino_2018.csv
2018,Freguesia/Brasilândia,FREGUESIA_BRASILANDIA,Freguesia do Ó,Freguesia_do_O,feminino,3622,3965,3954,4226,5167,5686,5838,5966,5829,5337,5211,4984,4471,3489,2715,4795,75255,populacao_seade-sp_2000a2024,populacao_seade-sp_2000a2024_feminino_2018.csv
2018,Capela do Socorro,CAPELA_DO_SOCORRO,Grajaú,Grajau,feminino,12602,13756,14353,15456,18374,18195,16348,15732,15313,13756,12121,9651,7560,5363,3638,3833,196051,populacao_seade-sp_2000a2024,populacao_seade-sp_2000a2024_feminino_2018.csv
2018,Guaianases,GUAIANASES,Guaianases,Guaianases,feminino,3547,3839,4012,4326,5109,5138,4616,4358,4238,3843,3443,2871,2398,1760,1253,1590,56341,populacao_seade-sp_2000a2024,populacao_seade-sp_2000a2024_feminino_2018.csv
2018,São Mateus,SAO_MATEUS,Iguatemi,Iguatemi,feminino,4808,5098,5377,5906,6975,6957,6012,5553,5417,5060,4539,3651,2809,1974,1341,1447,72924,populacao_seade-sp_2000a2024,populacao_seade-sp_2000a2024_feminino_2018.csv
2018,Ipiranga,IPIRANGA,Ipiranga,Ipiranga,feminino,2694,3064,3095,3097,3756,4348,4604,4856,4939,4547,4304,4015,3610,2957,2459,5221,61566,populacao_seade-sp_2000a2024,populacao_seade-sp_2000a2024_feminino_2018.csv
2018,Pinheiros,PINHEIROS,Itaim Bibi,Itaim_Bibi,feminino,2045,2383,2110,1698,2085,2987,4027,5132,5173,4132,3657,3628,3576,3209,2689,5637,54168,populacao_seade-sp_2000a2024,populacao_seade-sp_2000a2024_feminino_2018.csv
2018,Itaim Paulista,ITAIM_PAULISTA,Itaim Paulista,Itaim_Paulista,feminino,6671,7444,7989,8492,10230,10241,9075,8511,8282,7739,7152,5902,4734,3437,2507,3076,111482,populacao_seade-sp_2000a2024,populacao_seade-sp_2000a2024_feminino_2018.csv
2018,Itaquera,ITAQUERA,Itaquera,Itaquera,feminino,6181,6954,7338,7783,9215,9196,8659,8682,8885,8070,7255,6078,5206,4082,3129,4236,110949,populacao_seade-sp_2000a2024,populacao_seade-sp_2000a2024_feminino_2018.csv
2018,Jabaquara,JABAQUARA,Jabaquara,Jabaquara,feminino,5733,6533,6614,6654,8043,8951,9449,9831,9738,8601,8079,7327,6345,4975,4027,6988,117888,populacao_seade-sp_2000a2024,populacao_seade-sp_2000a2024_feminino_2018.csv
2018,Jaçanã/Tremembé,JACANA_TREMEMBE,Jaçanã,Jacana,feminino,2325,2703,3063,3224,3728,3889,3820,3818,3698,3194,2989,2806,2515,2000,1582,2630,47984,populacao_seade-sp_2000a2024,populacao_seade-sp_2000a2024_feminino_2018.csv
2018,Lapa,LAPA,Jaguara,Jaguara,feminino,586,660,676,724,857,930,988,1022,1005,907,901,888,829,691,566,1004,13234,populacao_seade-sp_2000a2024,populacao_seade-sp_2000a2024_feminino_2018.csv
2018,Lapa,LAPA,Jaguaré,Jaguare,feminino,1447,1648,1731,1796,2091,2207,2264,2472,2425,2054,1793,1543,1286,1084,925,1504,28270,populacao_seade-sp_2000a2024,populacao_seade-sp_2000a2024_feminino_2018.csv
2018,Pirituba/Jaraguá,PIRITUBA_JARAGUA,Jaraguá,Jaragua,feminino,6323,6900,7371,8096,9449,9392,8676,8556,8470,7528,6740,5733,4615,3272,2314,2748,106183,populacao_seade-sp_2000a2024,populacao_seade-sp_2000a2024_feminino_2018.csv
2018,M'Boi Mirim,M_BOI_MIRIM,Jardim Ângela,Jardim_Angela,feminino,10246,11615,12444,12817,14695,14284,13176,13148,12930,11279,9442,7219,5731,4069,2789,3133,159017,populacao_seade-sp_2000a2024,populacao_seade-sp_2000a2024_feminino_2018.csv
2018,São Miguel,SAO_MIGUEL,Jardim Helena,Jardim_Helena,feminino,4548,4847,4860,5218,6272,6247,5563,5240,5093,4590,4097,3398,2787,2081,1557,1953,68351,populacao_seade-sp_2000a2024,populacao_seade-sp_2000a2024_feminino_2018.csv
2018,Pinheiros,PINHEIROS,Jardim Paulista,Jardim_Paulista,feminino,1602,1729,1537,1389,1740,2611,3820,4566,4147,3275,3138,3247,3309,2991,2549,5479,47129,populacao_seade-sp_2000a2024,populacao_seade-sp_2000a2024_feminino_2018.csv
2018,M'Boi Mirim,M_BOI_MIRIM,Jardim São Luís,Jardim_Sao_Luis,feminino,8040,8867,9170,9651,11383,12032,11820,11715,11322,9994,8782,7257,5979,4558,3288,4056,137914,populacao_seade-sp_2000a2024,populacao_seade-sp_2000a2024_feminino_2018.csv
2018,Itaquera,ITAQUERA,José Bonifácio,Jose_Bonifacio,feminino,3266,3883,4547,4784,5468,5461,5330,5750,5701,4742,4185,3714,3542,2963,2088,2436,67860,populacao_seade-sp_2000a2024,populacao_seade-sp_2000a2024_feminino_2018.csv
2018,Guaianases,GUAIANASES,Lajeado,Lajeado,feminino,5504,6010,6300,6832,8309,8168,7057,6484,6435,5894,5145,4164,3346,2397,1701,2065,85811,populacao_seade-sp_2000a2024,populacao_seade-sp_2000a2024_feminino_2018.csv
2018,Lapa,LAPA,Lapa,Lapa,feminino,1462,1690,1676,1614,1919,2297,2657,3079,3255,2945,2920,2836,2641,2288,1978,4532,39789,populacao_seade-sp_2000a2024,populacao_seade-sp_2000a2024_feminino_2018.csv
2018,Sé,SE,Liberdade,Liberdade,feminino,1535,1690,1534,1430,1779,2492,3151,3403,3278,2774,2458,2360,2244,1936,1592,3027,36683,populacao_seade-sp_2000a2024,populacao_seade-sp_2000a2024_feminino_2018.csv
2018,Casa Verde/Cachoeirinha,CASA_VERDE_CACHOEIRINHA,Limão,Limao,feminino,2406,2601,2535,2607,3066,3468,3498,3516,3470,3033,2788,2673,2519,2057,1584,2728,44549,populacao_seade-sp_2000a2024,populacao_seade-sp_2000a2024_feminino_2018.csv
2018,Santana/Tucuruvi,SANTANA_TUCURUVI,Mandaqui,Mandaqui,feminino,2472,2787,2932,3144,3876,4258,4212,4317,4578,4381,4262,3956,3336,2675,2233,3697,57116,populacao_seade-sp_2000a2024,populacao_seade-sp_2000a2024_feminino_2018.csv
2018,Parelheiros,PARELHEIROS,Marsilac,Marsilac,feminino,271,323,401,447,552,474,390,353,347,312,328,292,231,166,129,182,5198,populacao_seade-sp_2000a2024,populacao_seade-sp_2000a2024_feminino_2018.csv
2018,Vila Mariana,VILA_MARIANA,Moema,Moema,feminino,1510,1813,1803,1609,1991,2607,3266,4015,4284,3613,3323,3343,3197,2762,2161,4316,45613,populacao_seade-sp_2000a2024,populacao_seade-sp_2000a2024_feminino_2018.csv
2018,Mooca,MOOCA,Mooca,Mooca,feminino,1803,2046,1975,1893,2370,2916,3121,3317,3451,3198,3077,2919,2626,2159,1869,4282,43022,populacao_seade-sp_2000a2024,populacao_seade-sp_2000a2024_feminino_2018.csv
2018,Butantã,BUTANTA,Morumbi,Morumbi,feminino,1248,1324,1275,1365,1579,1707,1750,1874,2041,1899,1770,1565,1366,1140,951,1578,24432,populacao_seade-sp_2000a2024,populacao_seade-sp_2000a2024_feminino_2018.csv
2018,Parelheiros,PARELHEIROS,Parelheiros,Parelheiros,feminino,5169,5485,5776,6405,7482,6957,5855,5702,5758,5265,4515,3549,2729,1909,1328,1437,75321,populacao_seade-sp_2000a2024,populacao_seade-sp_2000a2024_feminino_2018.csv
2018,Mooca,MOOCA,Pari,Pari,feminino,569,602,551,546,624,714,752,685,652,612,558,508,419,349,316,736,9193,populacao_seade-sp_2000a2024,populacao_seade-sp_2000a2024_feminino_2018.csv
2018,Itaquera,ITAQUERA,Parque do Carmo,Parque_do_Carmo,feminino,2135,2415,2578,2710,3115,3220,3116,3120,3079,2644,2381,2045,1729,1324,985,1331,37927,populacao_seade-sp_2000a2024,populacao_seade-sp_2000a2024_feminino_2018.csv
2018,Cidade Ademar,CIDADE_ADEMAR,Pedreira,Pedreira,feminino,4571,5229,5847,6092,7261,7562,6933,6722,6638,5883,5168,4201,3432,2469,1775,2236,82019,populacao_seade-sp_2000a2024,populacao_seade-sp_2000a2024_feminino_2018.csv
2018,Penha,PENHA,Penha,Penha,feminino,3119,3529,3618,3722,4560,5258,5397,5354,5337,5009,5053,4763,4265,3557,2995,5851,71387,populacao_seade-sp_2000a2024,populacao_seade-sp_2000a2024_feminino_2018.csv
2018,Lapa,LAPA,Perdizes,Perdizes,feminino,1955,2263,2339,2190,2598,3570,4622,5221,4973,4180,4053,4164,4063,3600,2945,5658,58394,populacao_seade-sp_2000a2024,populacao_seade-sp_2000a2024_feminino_2018.csv
2018,Perus,PERUS,Perus,Perus,feminino,2905,3111,3176,3429,4092,4050,3578,3400,3436,3113,2737,2151,1679,1241,907,1129,44134,populacao_seade-sp_2000a2024,populacao_seade-sp_2000a2024_feminino_2018.csv
2018,Pinheiros,PINHEIROS,Pinheiros,Pinheiros,feminino,1218,1379,1312,1227,1461,1942,2669,3331,3199,2701,2624,2593,2503,2202,1872,4280,36513,populacao_seade-sp_2000a2024,populacao_seade-sp_2000a2024_feminino_2018.csv
2018,Pirituba/Jaraguá,PIRITUBA_JARAGUA,Pirituba,Pirituba,feminino,4638,5210,5327,5494,6660,7327,7352,7441,7385,6757,6506,6027,5257,4126,3228,5225,93960,populacao_seade-sp_2000a2024,populacao_seade-sp_2000a2024_feminino_2018.csv
2018,Ermelino Matarazzo,ERMELINO_MATARAZZO,Ponte Rasa,Ponte_Rasa,feminino,2278,2614,2800,2958,3577,3850,3879,3756,3646,3408,3403,3238,2860,2238,1816,3001,49322,populacao_seade-sp_2000a2024,populacao_seade-sp_2000a2024_feminino_2018.csv
2018,Butantã,BUTANTA,Raposo Tavares,Raposo_Tavares,feminino,3559,3882,3916,4077,4587,4863,4869,5132,5095,4291,3684,3166,2773,2181,1627,1957,59659,populacao_seade-sp_2000a2024,populacao_seade-sp_2000a2024_feminino_2018.csv
2018,Sé,SE,República,Republica,feminino,1421,1520,1257,1123,1468,2187,2914,2993,2650,2207,2022,1874,1731,1472,1218,2083,30140,populacao_seade-sp_2000a2024,populacao_seade-sp_2000a2024_feminino_2018.csv
2018,Butantã,BUTANTA,Rio Pequeno,Rio_Pequeno,feminino,4140,4353,3927,3999,4705,5205,5503,5663,5496,4801,4443,3991,3392,2615,2059,3202,67494,populacao_seade-sp_2000a2024,populacao_seade-sp_2000a2024_feminino_2018.csv
2018,Ipiranga,IPIRANGA,Sacomã,Sacoma,feminino,6593,7560,8142,8420,9985,10993,11187,11442,11194,9927,9225,8297,6979,5445,4280,7071,136740,populacao_seade-sp_2000a2024,populacao_seade-sp_2000a2024_feminino_2018.csv
2018,Sé,SE,Santa Cecília,Santa_Cecilia,feminino,1849,1962,1738,1672,2167,3075,3925,4152,3790,3207,3077,2902,2752,2326,1956,3882,44432,populacao_seade-sp_2000a2024,populacao_seade-sp_2000a2024_feminino_2018.csv
2018,Santana/Tucuruvi,SANTANA_TUCURUVI,Santana,Santana,feminino,2533,2751,2600,2695,3474,4431,5225,5341,5083,4613,4740,4804,4569,3806,3085,6420,66170,populacao_seade-sp_2000a2024,populacao_seade-sp_2000a2024_feminino_2018.csv
2018,Santo Amaro,SANTO_AMARO,Santo Amaro,Santo_Amaro,feminino,1588,1901,2016,1949,2270,2653,2860,3261,3649,3403,3239,3079,2881,2568,2287,4434,44038,populacao_seade-sp_2000a2024,populacao_seade-sp_2000a2024_feminino_2018.csv
2018,Pirituba/Jaraguá,PIRITUBA_JARAGUA,São Domingos,Sao_Domingos,feminino,2193,2545,2781,2881,3367,3631,3631,3705,3695,3403,3233,2885,2496,2012,1670,2602,46730,populacao_seade-sp_2000a2024,populacao_seade-sp_2000a2024_feminino_2018.csv
2018,Vila Prudente,VILA_PRUDENTE,São Lucas,Sao_Lucas,feminino,3190,3744,4141,4143,4976,5661,5756,5782,5740,5308,5337,5013,4324,3599,3003,5357,75074,populacao_seade-sp_2000a2024,populacao_seade-sp_2000a2024_feminino_2018.csv
2018,São Mateus,SAO_MATEUS,São Mateus,Sao_Mateus,feminino,4471,4943,5078,5492,6595,6784,6603,6411,6219,5776,5440,4801,3998,3072,2438,3504,81625,populacao_seade-sp_2000a2024,populacao_seade-sp_2000a2024_feminino_2018.csv
2018,São Miguel,SAO_MIGUEL,São Miguel,Sao_Miguel,feminino,2836,2939,2718,2967,3659,3809,3595,3295,3254,3085,3037,2658,2189,1660,1386,2310,45397,populacao_seade-sp_2000a2024,populacao_seade-sp_2000a2024_feminino_2018.csv
2018,São Mateus,SAO_MATEUS,São Rafael,Sao_Rafael,feminino,4276,4967,5810,6202,6957,6615,5985,5952,5984,5447,4775,3761,2924,2256,1731,2024,75666,populacao_seade-sp_2000a2024,populacao_seade-sp_2000a2024_feminino_2018.csv
2018,Sapopemba,SAPOPEMBA,Sapopemba,Sapopemba,feminino,7860,8801,9296,9849,11818,12406,11755,11236,10757,9972,9512,8416,7031,5462,4258,5748,144177,populacao_seade-sp_2000a2024,populacao_seade-sp_2000a2024_feminino_2018.csv
2018,Vila Mariana,VILA_MARIANA,Saúde,Saude,feminino,2551,2959,2915,2752,3270,4144,5195,6179,6108,5303,5178,5183,4977,4223,3571,7218,71726,populacao_seade-sp_2000a2024,populacao_seade-sp_2000a2024_feminino_2018.csv
2018,Sé,SE,Sé,Se,feminino,844,799,625,690,845,1094,1212,1175,1185,989,734,573,478,363,304,457,12367,populacao_seade-sp_2000a2024,populacao_seade-sp_2000a2024_feminino_2018.csv
2018,Capela do Socorro,CAPELA_DO_SOCORRO,Socorro,Socorro,feminino,865,943,930,1006,1219,1390,1501,1644,1626,1495,1468,1416,1303,1150,1021,1816,20793,populacao_seade-sp_2000a2024,populacao_seade-sp_2000a2024_feminino_2018.csv
2018,Mooca,MOOCA,Tatuapé,Tatuape,feminino,1948,2218,2293,2391,3033,3627,3820,4026,4198,3985,4016,3913,3461,2795,2303,5068,53095,populacao_seade-sp_2000a2024,populacao_seade-sp_2000a2024_feminino_2018.csv
2018,Jaçanã/Tremembé,JACANA_TREMEMBE,Tremembé,Tremembe,feminino,6024,6515,6689,7225,8778,8945,8165,7924,8013,7434,6650,5631,4748,3680,2785,4190,103396,populacao_seade-sp_2000a2024,populacao_seade-sp_2000a2024_feminino_2018.csv
2018,Santana/Tucuruvi,SANTANA_TUCURUVI,Tucuruvi,Tucuruvi,feminino,2083,2340,2411,2513,3130,3836,4169,4249,4060,3666,3775,3867,3750,3133,2595,5191,54768,populacao_seade-sp_2000a2024,populacao_seade-sp_2000a2024_feminino_2018.csv
2018,Campo Limpo,CAMPO_LIMPO,Vila Andrade,Vila_Andrade,feminino,4281,5027,5854,5988,6946,7259,6875,6950,7100,6066,5093,3831,2819,2075,1489,1952,79605,populacao_seade-sp_2000a2024,populacao_seade-sp_2000a2024_feminino_2018.csv
2018,Itaim Paulista,ITAIM_PAULISTA,Vila Curuçá,Vila_Curuca,feminino,4212,4690,5178,5699,6823,6804,6038,5749,5807,5414,4813,3922,3187,2505,1948,2581,75370,populacao_seade-sp_2000a2024,populacao_seade-sp_2000a2024_feminino_2018.csv
2018,Aricanduva/Formosa/Carrão,ARICANDUVA_FORMOSA_CARRAO,Vila Formosa,Vila_Formosa,feminino,2062,2311,2473,2689,3309,3712,3753,3703,3660,3456,3601,3536,3193,2647,2193,4122,50420,populacao_seade-sp_2000a2024,populacao_seade-sp_2000a2024_feminino_2018.csv
2018,Vila Maria/Vila Guilherme,VILA_MARIA_VILA_GUILHERME,Vila Guilherme,Vila_Guilherme,feminino,1458,1584,1451,1460,1759,1965,2128,2314,2337,1993,1894,1843,1702,1430,1212,2370,28900,populacao_seade-sp_2000a2024,populacao_seade-sp_2000a2024_feminino_2018.csv
2018,São Miguel,SAO_MIGUEL,Vila Jacuí,Vila_Jacui,feminino,3601,4253,5041,5309,6381,6607,6098,5763,5531,5010,4638,4037,3335,2400,1708,2198,71910,populacao_seade-sp_2000a2024,populacao_seade-sp_2000a2024_feminino_2018.csv
2018,Lapa,LAPA,Vila Leopoldina,Vila_Leopoldina,feminino,976,1193,1269,1191,1381,1517,1595,1981,2279,1948,1690,1488,1186,926,741,1499,22860,populacao_seade-sp_2000a2024,populacao_seade-sp_2000a2024_feminino_2018.csv
2018,Vila Maria/Vila Guilherme,VILA_MARIA_VILA_GUILHERME,Vila Maria,Vila_Maria,feminino,3315,3626,3553,3634,4335,4745,4827,4693,4370,3834,3645,3290,2830,2281,1864,3412,58254,populacao_seade-sp_2000a2024,populacao_seade-sp_2000a2024_feminino_2018.csv
2018,Vila Mariana,VILA_MARIANA,Vila Mariana,Vila_Mariana,feminino,2447,2694,2501,2302,2978,4367,5829,6593,5999,4976,4931,5147,5151,4530,3641,7405,71491,populacao_seade-sp_2000a2024,populacao_seade-sp_2000a2024_feminino_2018.csv
2018,Penha,PENHA,Vila Matilde,Vila_Matilde,feminino,2442,2823,3037,3136,3767,4202,4250,4274,4357,4057,3929,3675,3359,2774,2245,4066,56393,populacao_seade-sp_2000a2024,populacao_seade-sp_2000a2024_feminino_2018.csv
2018,Vila Maria/Vila Guilherme,VILA_MARIA_VILA_GUILHERME,Vila Medeiros,Vila_Medeiros,feminino,3290,3640,3614,3737,4591,5156,5202,4925,4668,4267,4203,4035,3722,2962,2457,4424,64893,populacao_seade-sp_2000a2024,populacao_seade-sp_2000a2024_feminino_2018.csv
2018,Vila Prudente,VILA_PRUDENTE,Vila Prudente,Vila_Prudente,feminino,2371,2740,2866,2870,3537,4118,4334,4435,4379,3988,3951,3844,3488,2864,2409,4677,56871,populacao_seade-sp_2000a2024,populacao_seade-sp_2000a2024_feminino_2018.csv
2018,Butantã,BUTANTA,Vila Sônia,Vila_Sonia,feminino,3282,3618,3582,3612,4304,5007,5160,5352,5302,4605,4119,3632,3267,2739,2179,3497,63257,populacao_seade-sp_2000a2024,populacao_seade-sp_2000a2024_feminino_2018.csv
2018,,NAO_IDENTIFICADO,Ignorado,Ignorado,feminino,-,-,-,-,-,-,-,-,-,-,-,-,-,-,-,-,-,populacao_seade-sp_2000a2024,populacao_seade-sp_2000a2024_feminino_2018.csv
2017,Mooca,MOOCA,Água Rasa,Agua_Rasa,feminino,1985,2147,2179,2173,2755,3217,3253,3503,3541,3318,3428,3284,2970,2535,2172,4548,47008,populacao_seade-sp_2000a2024,populacao_seade-sp_2000a2024_feminino_2017.csv
2017,Pinheiros,PINHEIROS,Alto de Pinheiros,Alto_de_Pinheiros,feminino,665,826,887,869,1126,1407,1484,1632,1708,1618,1747,1696,1568,1400,1243,2520,22396,populacao_seade-sp_2000a2024,populacao_seade-sp_2000a2024_feminino_2017.csv
2017,Perus,PERUS,Anhanguera,Anhanguera,feminino,2133,2446,2746,3008,3698,3643,3114,2930,3070,2821,2327,1653,1152,703,461,541,36446,populacao_seade-sp_2000a2024,populacao_seade-sp_2000a2024_feminino_2017.csv
2017,Aricanduva/Formosa/Carrão,ARICANDUVA_FORMOSA_CARRAO,Aricanduva,Aricanduva,feminino,2211,2529,2738,2899,3433,3677,3657,3592,3621,3428,3284,2989,2651,2251,1912,3214,48086,populacao_seade-sp_2000a2024,populacao_seade-sp_2000a2024_feminino_2017.csv
2017,Penha,PENHA,Artur Alvim,Artur_Alvim,feminino,2489,2911,3093,3200,3870,4265,4318,4343,4291,3778,3512,3247,2987,2535,2070,3133,54042,populacao_seade-sp_2000a2024,populacao_seade-sp_2000a2024_feminino_2017.csv
2017,Lapa,LAPA,Barra Funda,Barra_Funda,feminino,670,717,677,601,707,987,1194,1253,1202,941,882,844,757,689,568,1304,13993,populacao_seade-sp_2000a2024,populacao_seade-sp_2000a2024_feminino_2017.csv
2017,Sé,SE,Bela Vista,Bela_Vista,feminino,1498,1445,1219,1133,1585,2567,3492,3464,2928,2395,2211,2122,2040,1759,1401,2725,33984,populacao_seade-sp_2000a2024,populacao_seade-sp_2000a2024_feminino_2017.csv
2017,Mooca,MOOCA,Belém,Belem,feminino,1784,1671,1412,1344,1562,1900,2174,2214,2008,1712,1689,1553,1426,1168,996,2246,26859,populacao_seade-sp_2000a2024,populacao_seade-sp_2000a2024_feminino_2017.csv
2017,Sé,SE,Bom Retiro,Bom_Retiro,feminino,1091,1126,1046,1008,1180,1461,1578,1510,1336,1148,1067,907,805,639,514,1097,17513,populacao_seade-sp_2000a2024,populacao_seade-sp_2000a2024_feminino_2017.csv
2017,Mooca,MOOCA,Brás,Bras,feminino,1257,1124,994,1004,1203,1558,1665,1566,1425,1193,1059,939,790,570,438,764,17549,populacao_seade-sp_2000a2024,populacao_seade-sp_2000a2024_feminino_2017.csv
2017,Freguesia/Brasilândia,FREGUESIA_BRASILANDIA,Brasilândia,Brasilandia,feminino,8963,9428,9929,10623,12156,11991,10863,10267,9921,8985,7954,6480,5164,3934,2945,4015,133618,populacao_seade-sp_2000a2024,populacao_seade-sp_2000a2024_feminino_2017.csv
2017,Butantã,BUTANTA,Butantã,Butanta,feminino,1112,1189,1178,1168,1515,2032,2433,2501,2291,1999,1958,1874,1799,1566,1315,2578,28508,populacao_seade-sp_2000a2024,populacao_seade-sp_2000a2024_feminino_2017.csv
2017,Casa Verde/Cachoeirinha,CASA_VERDE_CACHOEIRINHA,Cachoeirinha,Cachoeirinha,feminino,4672,5057,5177,5361,6341,6536,6270,6072,5793,5173,4784,4142,3382,2568,1890,2768,75986,populacao_seade-sp_2000a2024,populacao_seade-sp_2000a2024_feminino_2017.csv
2017,Sé,SE,Cambuci,Cambuci,feminino,1085,1190,1155,1124,1339,1631,1806,1901,1914,1628,1476,1394,1259,998,860,1853,22613,populacao_seade-sp_2000a2024,populacao_seade-sp_2000a2024_feminino_2017.csv
2017,Santo Amaro,SANTO_AMARO,Campo Belo,Campo_Belo,feminino,1506,1723,1750,1640,1870,2356,2778,3036,3172,2768,2643,2558,2435,2119,1915,3763,38032,populacao_seade-sp_2000a2024,populacao_seade-sp_2000a2024_feminino_2017.csv
2017,Santo Amaro,SANTO_AMARO,Campo Grande,Campo_Grande,feminino,2528,3026,3186,3229,3839,4139,4333,4851,5142,4836,4574,3995,3396,2698,2150,3523,59445,populacao_seade-sp_2000a2024,populacao_seade-sp_2000a2024_feminino_2017.csv
2017,Campo Limpo,CAMPO_LIMPO,Campo Limpo,Campo_Limpo,feminino,6862,7773,8178,8432,9772,10325,10233,10248,9962,8547,7320,6151,5069,3757,2702,3588,118919,populacao_seade-sp_2000a2024,populacao_seade-sp_2000a2024_feminino_2017.csv
2017,Penha,PENHA,Cangaíba,Cangaiba,feminino,4043,4314,4453,4769,5784,6264,6047,5685,5623,5287,5073,4456,3740,2908,2343,3546,74335,populacao_seade-sp_2000a2024,populacao_seade-sp_2000a2024_feminino_2017.csv
2017,Campo Limpo,CAMPO_LIMPO,Capão Redondo,Capao_Redondo,feminino,8783,9575,10190,10716,12323,12897,12359,11938,11426,9972,8646,7156,5899,4351,3111,3585,142927,populacao_seade-sp_2000a2024,populacao_seade-sp_2000a2024_feminino_2017.csv
2017,Aricanduva/Formosa/Carrão,ARICANDUVA_FORMOSA_CARRAO,Carrão,Carrao,feminino,1801,2072,2254,2343,2829,3172,3280,3426,3511,3294,3370,3155,2799,2402,2044,3994,45746,populacao_seade-sp_2000a2024,populacao_seade-sp_2000a2024_feminino_2017.csv
2017,Casa Verde/Cachoeirinha,CASA_VERDE_CACHOEIRINHA,Casa Verde,Casa_Verde,feminino,2246,2408,2418,2491,3025,3437,3566,3530,3416,3058,2997,2862,2588,2119,1783,3308,45252,populacao_seade-sp_2000a2024,populacao_seade-sp_2000a2024_feminino_2017.csv
2017,Cidade Ademar,CIDADE_ADEMAR,Cidade Ademar,Cidade_Ademar,feminino,8154,8923,9123,9375,11188,12076,11554,11228,10923,9547,8354,7215,6058,4592,3569,4859,136738,populacao_seade-sp_2000a2024,populacao_seade-sp_2000a2024_feminino_2017.csv
2017,Capela do Socorro,CAPELA_DO_SOCORRO,Cidade Dutra,Cidade_Dutra,feminino,5518,6086,6533,6881,8103,8553,8154,7991,7855,7128,6507,5717,4805,3738,2785,3548,99902,populacao_seade-sp_2000a2024,populacao_seade-sp_2000a2024_feminino_2017.csv
2017,Itaquera,ITAQUERA,Cidade Líder,Cidade_Lider,feminino,3787,4215,4592,4751,5717,6112,5828,5661,5542,4940,4445,3887,3279,2540,1864,2270,69430,populacao_seade-sp_2000a2024,populacao_seade-sp_2000a2024_feminino_2017.csv
2017,Cidade Tiradentes,CIDADE_TIRADENTES,Cidade Tiradentes,Cidade_Tiradentes,feminino,6581,7607,8599,9031,10377,9896,8793,8369,7961,6847,6137,5292,4337,2980,1937,1973,106717,populacao_seade-sp_2000a2024,populacao_seade-sp_2000a2024_feminino_2017.csv
2017,Sé,SE,Consolação,Consolacao,feminino,907,888,868,859,1431,2721,3174,2692,2253,1950,2042,2078,2010,1780,1517,3491,30661,populacao_seade-sp_2000a2024,populacao_seade-sp_2000a2024_feminino_2017.csv
2017,Ipiranga,IPIRANGA,Cursino,Cursino,feminino,2569,2882,2919,2839,3516,4108,4396,4590,4490,4050,4026,3915,3547,2795,2299,4564,57505,populacao_seade-sp_2000a2024,populacao_seade-sp_2000a2024_feminino_2017.csv
2017,Ermelino Matarazzo,ERMELINO_MATARAZZO,Ermelino Matarazzo,Ermelino_Matarazzo,feminino,3321,3761,3956,4044,4837,5245,5000,4769,4628,4199,3824,3294,2782,2027,1483,2165,59335,populacao_seade-sp_2000a2024,populacao_seade-sp_2000a2024_feminino_2017.csv
2017,Freguesia/Brasilândia,FREGUESIA_BRASILANDIA,Freguesia do Ó,Freguesia_do_O,feminino,3690,3947,4071,4323,5268,5831,5966,5918,5780,5357,5249,4975,4328,3355,2619,4712,75389,populacao_seade-sp_2000a2024,populacao_seade-sp_2000a2024_feminino_2017.csv
2017,Capela do Socorro,CAPELA_DO_SOCORRO,Grajaú,Grajau,feminino,12724,13854,14806,15789,18480,18044,16383,15580,15183,13687,11753,9321,7178,5070,3377,3598,194827,populacao_seade-sp_2000a2024,populacao_seade-sp_2000a2024_feminino_2017.csv
2017,Guaianases,GUAIANASES,Guaianases,Guaianases,feminino,3574,3865,4151,4403,5152,5118,4600,4315,4209,3828,3360,2813,2312,1660,1201,1515,56076,populacao_seade-sp_2000a2024,populacao_seade-sp_2000a2024_feminino_2017.csv
2017,São Mateus,SAO_MATEUS,Iguatemi,Iguatemi,feminino,4793,5080,5556,5941,7011,6818,5929,5429,5397,5010,4404,3491,2662,1845,1256,1351,71973,populacao_seade-sp_2000a2024,populacao_seade-sp_2000a2024_feminino_2017.csv
2017,Ipiranga,IPIRANGA,Ipiranga,Ipiranga,feminino,2726,3051,3097,3093,3840,4447,4663,4804,4865,4475,4253,3941,3476,2838,2371,5119,61059,populacao_seade-sp_2000a2024,populacao_seade-sp_2000a2024_feminino_2017.csv
2017,Pinheiros,PINHEIROS,Itaim Bibi,Itaim_Bibi,feminino,2090,2354,1987,1650,2208,3185,4289,5138,4947,3928,3649,3589,3530,3072,2580,5468,53664,populacao_seade-sp_2000a2024,populacao_seade-sp_2000a2024_feminino_2017.csv
2017,Itaim Paulista,ITAIM_PAULISTA,Itaim Paulista,Itaim_Paulista,feminino,6801,7686,8290,8796,10440,10271,9137,8501,8353,7871,7065,5802,4572,3302,2425,2944,112256,populacao_seade-sp_2000a2024,populacao_seade-sp_2000a2024_feminino_2017.csv
2017,Itaquera,ITAQUERA,Itaquera,Itaquera,feminino,6258,7056,7504,7968,9193,9233,8696,8723,8812,8027,7072,5943,5067,3898,3031,4033,110514,populacao_seade-sp_2000a2024,populacao_seade-sp_2000a2024_feminino_2017.csv
2017,Jabaquara,JABAQUARA,Jabaquara,Jabaquara,feminino,5868,6623,6691,6799,8184,9267,9662,9863,9596,8582,8069,7227,6155,4783,3962,6794,118125,populacao_seade-sp_2000a2024,populacao_seade-sp_2000a2024_feminino_2017.csv
2017,Jaçanã/Tremembé,JACANA_TREMEMBE,Jaçanã,Jacana,feminino,2363,2812,3169,3276,3768,3967,3876,3823,3637,3181,3008,2803,2455,1937,1540,2576,48191,populacao_seade-sp_2000a2024,populacao_seade-sp_2000a2024_feminino_2017.csv
2017,Lapa,LAPA,Jaguara,Jaguara,feminino,597,659,694,735,859,959,1004,1016,984,909,907,888,804,675,539,984,13213,populacao_seade-sp_2000a2024,populacao_seade-sp_2000a2024_feminino_2017.csv
2017,Lapa,LAPA,Jaguaré,Jaguare,feminino,1463,1654,1760,1795,2107,2219,2333,2447,2361,1983,1760,1477,1245,1051,892,1432,27979,populacao_seade-sp_2000a2024,populacao_seade-sp_2000a2024_feminino_2017.csv
2017,Pirituba/Jaraguá,PIRITUBA_JARAGUA,Jaraguá,Jaragua,feminino,6332,6906,7593,8166,9397,9324,8659,8464,8326,7392,6588,5554,4370,3065,2193,2578,104907,populacao_seade-sp_2000a2024,populacao_seade-sp_2000a2024_feminino_2017.csv
2017,M'Boi Mirim,M_BOI_MIRIM,Jardim Ângela,Jardim_Angela,feminino,10372,11890,12687,13043,14730,14292,13304,13129,12740,11146,9006,6994,5470,3820,2628,2938,158189,populacao_seade-sp_2000a2024,populacao_seade-sp_2000a2024_feminino_2017.csv
2017,São Miguel,SAO_MIGUEL,Jardim Helena,Jardim_Helena,feminino,4621,4870,5047,5390,6377,6261,5582,5233,5099,4604,4034,3346,2696,2009,1506,1872,68547,populacao_seade-sp_2000a2024,populacao_seade-sp_2000a2024_feminino_2017.csv
2017,Pinheiros,PINHEIROS,Jardim Paulista,Jardim_Paulista,feminino,1636,1697,1515,1384,1860,2913,4098,4526,3947,3220,3202,3278,3329,2886,2520,5381,47392,populacao_seade-sp_2000a2024,populacao_seade-sp_2000a2024_feminino_2017.csv
2017,M'Boi Mirim,M_BOI_MIRIM,Jardim São Luís,Jardim_Sao_Luis,feminino,8205,8987,9486,9857,11551,12276,12036,11673,11273,9938,8636,7090,5825,4359,3128,3868,138188,populacao_seade-sp_2000a2024,populacao_seade-sp_2000a2024_feminino_2017.csv
2017,Itaquera,ITAQUERA,José Bonifácio,Jose_Bonifacio,feminino,3298,4057,4663,4831,5476,5484,5457,5796,5517,4663,4095,3699,3526,2810,1944,2294,67610,populacao_seade-sp_2000a2024,populacao_seade-sp_2000a2024_feminino_2017.csv
2017,Guaianases,GUAIANASES,Lajeado,Lajeado,feminino,5571,6110,6516,7077,8392,8126,6994,6471,6468,5877,5017,4074,3212,2280,1627,1971,85783,populacao_seade-sp_2000a2024,populacao_seade-sp_2000a2024_feminino_2017.csv
2017,Lapa,LAPA,Lapa,Lapa,feminino,1476,1669,1647,1589,1941,2369,2717,3084,3145,2894,2899,2764,2560,2191,1916,4423,39284,populacao_seade-sp_2000a2024,populacao_seade-sp_2000a2024_feminino_2017.csv
2017,Sé,SE,Liberdade,Liberdade,feminino,1579,1659,1529,1430,1901,2709,3277,3371,3227,2692,2462,2362,2213,1881,1528,2964,36784,populacao_seade-sp_2000a2024,populacao_seade-sp_2000a2024_feminino_2017.csv
2017,Casa Verde/Cachoeirinha,CASA_VERDE_CACHOEIRINHA,Limão,Limao,feminino,2446,2561,2601,2607,3146,3541,3527,3498,3417,2981,2791,2678,2469,1971,1518,2676,44428,populacao_seade-sp_2000a2024,populacao_seade-sp_2000a2024_feminino_2017.csv
2017,Santana/Tucuruvi,SANTANA_TUCURUVI,Mandaqui,Mandaqui,feminino,2517,2819,3018,3213,3957,4333,4262,4352,4614,4382,4301,3875,3220,2614,2172,3592,57241,populacao_seade-sp_2000a2024,populacao_seade-sp_2000a2024_feminino_2017.csv
2017,Parelheiros,PARELHEIROS,Marsilac,Marsilac,feminino,262,339,397,466,515,455,368,349,327,315,319,278,212,155,121,171,5049,populacao_seade-sp_2000a2024,populacao_seade-sp_2000a2024_feminino_2017.csv
2017,Vila Mariana,VILA_MARIANA,Moema,Moema,feminino,1549,1851,1754,1602,2077,2768,3448,4104,4195,3491,3378,3319,3163,2642,2045,4211,45597,populacao_seade-sp_2000a2024,populacao_seade-sp_2000a2024_feminino_2017.csv
2017,Mooca,MOOCA,Mooca,Mooca,feminino,1830,2027,1944,1883,2450,2992,3152,3305,3402,3153,3060,2868,2533,2081,1839,4218,42737,populacao_seade-sp_2000a2024,populacao_seade-sp_2000a2024_feminino_2017.csv
2017,Butantã,BUTANTA,Morumbi,Morumbi,feminino,1284,1301,1328,1383,1606,1766,1787,1929,2052,1903,1763,1543,1342,1116,925,1529,24557,populacao_seade-sp_2000a2024,populacao_seade-sp_2000a2024_feminino_2017.csv
2017,Parelheiros,PARELHEIROS,Parelheiros,Parelheiros,feminino,5148,5460,5962,6480,7429,6721,5820,5646,5712,5174,4318,3411,2552,1807,1228,1342,74210,populacao_seade-sp_2000a2024,populacao_seade-sp_2000a2024_feminino_2017.csv
2017,Mooca,MOOCA,Pari,Pari,feminino,583,586,559,546,636,749,749,663,661,600,561,495,403,349,307,737,9184,populacao_seade-sp_2000a2024,populacao_seade-sp_2000a2024_feminino_2017.csv
2017,Itaquera,ITAQUERA,Parque do Carmo,Parque_do_Carmo,feminino,2159,2441,2643,2725,3113,3248,3119,3120,2994,2612,2328,1999,1658,1265,929,1275,37628,populacao_seade-sp_2000a2024,populacao_seade-sp_2000a2024_feminino_2017.csv
2017,Cidade Ademar,CIDADE_ADEMAR,Pedreira,Pedreira,feminino,4580,5383,5954,6143,7305,7508,6880,6675,6507,5815,4966,4079,3252,2313,1676,2095,81131,populacao_seade-sp_2000a2024,populacao_seade-sp_2000a2024_feminino_2017.csv
2017,Penha,PENHA,Penha,Penha,feminino,3160,3534,3662,3749,4649,5380,5397,5302,5258,5037,5050,4676,4143,3442,2909,5723,71071,populacao_seade-sp_2000a2024,populacao_seade-sp_2000a2024_feminino_2017.csv
2017,Lapa,LAPA,Perdizes,Perdizes,feminino,1999,2308,2352,2164,2753,3885,4864,5203,4830,4131,4146,4190,4035,3524,2808,5564,58756,populacao_seade-sp_2000a2024,populacao_seade-sp_2000a2024_feminino_2017.csv
2017,Perus,PERUS,Perus,Perus,feminino,2925,3108,3270,3505,4091,4016,3539,3406,3411,3098,2646,2074,1604,1190,858,1080,43821,populacao_seade-sp_2000a2024,populacao_seade-sp_2000a2024_feminino_2017.csv
2017,Pinheiros,PINHEIROS,Pinheiros,Pinheiros,feminino,1243,1364,1300,1213,1522,2096,2871,3309,3074,2662,2636,2568,2474,2109,1828,4188,36457,populacao_seade-sp_2000a2024,populacao_seade-sp_2000a2024_feminino_2017.csv
2017,Pirituba/Jaraguá,PIRITUBA_JARAGUA,Pirituba,Pirituba,feminino,4696,5223,5396,5556,6754,7431,7416,7366,7284,6719,6484,5913,5067,3940,3103,5045,93393,populacao_seade-sp_2000a2024,populacao_seade-sp_2000a2024_feminino_2017.csv
2017,Ermelino Matarazzo,ERMELINO_MATARAZZO,Ponte Rasa,Ponte_Rasa,feminino,2317,2671,2870,3033,3621,3963,3898,3716,3624,3444,3428,3221,2760,2163,1772,2913,49414,populacao_seade-sp_2000a2024,populacao_seade-sp_2000a2024_feminino_2017.csv
2017,Butantã,BUTANTA,Raposo Tavares,Raposo_Tavares,feminino,3590,3825,4016,4032,4597,4890,4928,5109,4943,4164,3569,3095,2668,2071,1527,1826,58850,populacao_seade-sp_2000a2024,populacao_seade-sp_2000a2024_feminino_2017.csv
2017,Sé,SE,República,Republica,feminino,1452,1459,1213,1122,1555,2406,2988,2888,2547,2160,1999,1850,1690,1426,1169,2011,29935,populacao_seade-sp_2000a2024,populacao_seade-sp_2000a2024_feminino_2017.csv
2017,Butantã,BUTANTA,Rio Pequeno,Rio_Pequeno,feminino,4211,4193,3981,4028,4745,5358,5586,5606,5369,4744,4392,3910,3240,2512,1970,3085,66930,populacao_seade-sp_2000a2024,populacao_seade-sp_2000a2024_feminino_2017.csv
2017,Ipiranga,IPIRANGA,Sacomã,Sacoma,feminino,6672,7692,8306,8459,10109,11155,11348,11316,11016,9777,9182,8048,6728,5177,4136,6799,135920,populacao_seade-sp_2000a2024,populacao_seade-sp_2000a2024_feminino_2017.csv
2017,Sé,SE,Santa Cecília,Santa_Cecilia,feminino,1888,1906,1728,1685,2299,3350,4053,4087,3645,3207,3060,2908,2705,2260,1917,3820,44518,populacao_seade-sp_2000a2024,populacao_seade-sp_2000a2024_feminino_2017.csv
2017,Santana/Tucuruvi,SANTANA_TUCURUVI,Santana,Santana,feminino,2577,2700,2625,2756,3594,4727,5324,5251,4975,4636,4814,4796,4474,3644,2992,6312,66197,populacao_seade-sp_2000a2024,populacao_seade-sp_2000a2024_feminino_2017.csv
2017,Santo Amaro,SANTO_AMARO,Santo Amaro,Santo_Amaro,feminino,1601,1906,1994,1891,2295,2683,2890,3285,3569,3307,3186,2996,2795,2483,2208,4253,43342,populacao_seade-sp_2000a2024,populacao_seade-sp_2000a2024_feminino_2017.csv
2017,Pirituba/Jaraguá,PIRITUBA_JARAGUA,São Domingos,Sao_Domingos,feminino,2222,2598,2841,2890,3400,3675,3674,3674,3650,3392,3193,2821,2411,1941,1627,2486,46495,populacao_seade-sp_2000a2024,populacao_seade-sp_2000a2024_feminino_2017.csv
2017,Vila Prudente,VILA_PRUDENTE,São Lucas,Sao_Lucas,feminino,3230,3883,4196,4175,5106,5796,5817,5756,5682,5335,5403,4882,4229,3489,2931,5204,75114,populacao_seade-sp_2000a2024,populacao_seade-sp_2000a2024_feminino_2017.csv
2017,São Mateus,SAO_MATEUS,São Mateus,Sao_Mateus,feminino,4542,4963,5235,5641,6622,6887,6659,6323,6208,5781,5403,4703,3841,2968,2361,3362,81499,populacao_seade-sp_2000a2024,populacao_seade-sp_2000a2024_feminino_2017.csv
2017,São Miguel,SAO_MIGUEL,São Miguel,Sao_Miguel,feminino,2913,2890,2829,3106,3725,3930,3582,3313,3279,3174,3051,2631,2126,1623,1404,2265,45841,populacao_seade-sp_2000a2024,populacao_seade-sp_2000a2024_feminino_2017.csv
2017,São Mateus,SAO_MATEUS,São Rafael,Sao_Rafael,feminino,4308,5181,6013,6282,6955,6578,6040,5939,5968,5397,4643,3596,2818,2177,1654,1897,75446,populacao_seade-sp_2000a2024,populacao_seade-sp_2000a2024_feminino_2017.csv
2017,Sapopemba,SAPOPEMBA,Sapopemba,Sapopemba,feminino,8021,8990,9628,10109,12079,12596,11890,11123,10784,10076,9530,8279,6829,5304,4121,5512,144871,populacao_seade-sp_2000a2024,populacao_seade-sp_2000a2024_feminino_2017.csv
2017,Vila Mariana,VILA_MARIANA,Saúde,Saude,feminino,2616,2961,2903,2732,3402,4404,5498,6176,5927,5252,5217,5185,4868,4070,3478,7021,71710,populacao_seade-sp_2000a2024,populacao_seade-sp_2000a2024_feminino_2017.csv
2017,Sé,SE,Sé,Se,feminino,875,727,659,696,884,1168,1214,1180,1183,948,699,569,455,358,300,445,12360,populacao_seade-sp_2000a2024,populacao_seade-sp_2000a2024_feminino_2017.csv
2017,Capela do Socorro,CAPELA_DO_SOCORRO,Socorro,Socorro,feminino,880,924,959,1010,1246,1417,1558,1621,1607,1484,1479,1387,1286,1115,1013,1742,20728,populacao_seade-sp_2000a2024,populacao_seade-sp_2000a2024_feminino_2017.csv
2017,Mooca,MOOCA,Tatuapé,Tatuape,feminino,1967,2211,2308,2398,3115,3701,3848,3997,4148,3947,4044,3808,3341,2647,2253,4954,52687,populacao_seade-sp_2000a2024,populacao_seade-sp_2000a2024_feminino_2017.csv
2017,Jaçanã/Tremembé,JACANA_TREMEMBE,Tremembé,Tremembe,feminino,6101,6550,6891,7418,8908,8961,8198,7906,8060,7388,6543,5522,4623,3533,2690,4074,103366,populacao_seade-sp_2000a2024,populacao_seade-sp_2000a2024_feminino_2017.csv
2017,Santana/Tucuruvi,SANTANA_TUCURUVI,Tucuruvi,Tucuruvi,feminino,2109,2338,2454,2525,3234,3974,4222,4175,3950,3679,3819,3878,3662,2998,2531,5068,54616,populacao_seade-sp_2000a2024,populacao_seade-sp_2000a2024_feminino_2017.csv
2017,Campo Limpo,CAMPO_LIMPO,Vila Andrade,Vila_Andrade,feminino,4241,5203,5846,5881,6828,7159,6765,6913,6859,5847,4836,3552,2648,1936,1372,1821,77707,populacao_seade-sp_2000a2024,populacao_seade-sp_2000a2024_feminino_2017.csv
2017,Itaim Paulista,ITAIM_PAULISTA,Vila Curuçá,Vila_Curuca,feminino,4269,4828,5417,5869,6925,6797,6053,5763,5871,5415,4730,3818,3110,2437,1885,2478,75665,populacao_seade-sp_2000a2024,populacao_seade-sp_2000a2024_feminino_2017.csv
2017,Aricanduva/Formosa/Carrão,ARICANDUVA_FORMOSA_CARRAO,Vila Formosa,Vila_Formosa,feminino,2087,2339,2554,2738,3374,3801,3771,3675,3623,3503,3659,3495,3117,2559,2137,4024,50456,populacao_seade-sp_2000a2024,populacao_seade-sp_2000a2024_feminino_2017.csv
2017,Vila Maria/Vila Guilherme,VILA_MARIA_VILA_GUILHERME,Vila Guilherme,Vila_Guilherme,feminino,1498,1549,1463,1491,1794,2048,2186,2344,2279,1970,1915,1838,1671,1392,1193,2337,28968,populacao_seade-sp_2000a2024,populacao_seade-sp_2000a2024_feminino_2017.csv
2017,São Miguel,SAO_MIGUEL,Vila Jacuí,Vila_Jacui,feminino,3644,4520,5200,5453,6506,6673,6128,5726,5515,5038,4607,3988,3199,2286,1628,2110,72221,populacao_seade-sp_2000a2024,populacao_seade-sp_2000a2024_feminino_2017.csv
2017,Lapa,LAPA,Vila Leopoldina,Vila_Leopoldina,feminino,989,1215,1244,1163,1387,1506,1648,2040,2225,1849,1671,1406,1129,874,711,1453,22510,populacao_seade-sp_2000a2024,populacao_seade-sp_2000a2024_feminino_2017.csv
2017,Vila Maria/Vila Guilherme,VILA_MARIA_VILA_GUILHERME,Vila Maria,Vila_Maria,feminino,3386,3626,3633,3711,4422,4902,4893,4641,4297,3851,3649,3245,2753,2229,1810,3368,58416,populacao_seade-sp_2000a2024,populacao_seade-sp_2000a2024_feminino_2017.csv
2017,Vila Mariana,VILA_MARIANA,Vila Mariana,Vila_Mariana,feminino,2483,2665,2458,2301,3200,4751,6139,6462,5746,4914,5026,5169,5120,4349,3493,7275,71551,populacao_seade-sp_2000a2024,populacao_seade-sp_2000a2024_feminino_2017.csv
2017,Penha,PENHA,Vila Matilde,Vila_Matilde,feminino,2477,2880,3092,3166,3827,4293,4270,4269,4325,4053,3921,3637,3292,2664,2190,3969,56325,populacao_seade-sp_2000a2024,populacao_seade-sp_2000a2024_feminino_2017.csv
2017,Vila Maria/Vila Guilherme,VILA_MARIA_VILA_GUILHERME,Vila Medeiros,Vila_Medeiros,feminino,3374,3672,3713,3850,4739,5365,5245,4895,4645,4344,4240,4105,3611,2914,2402,4372,65486,populacao_seade-sp_2000a2024,populacao_seade-sp_2000a2024_feminino_2017.csv
2017,Vila Prudente,VILA_PRUDENTE,Vila Prudente,Vila_Prudente,feminino,2402,2784,2877,2898,3616,4227,4389,4390,4305,3975,3980,3798,3386,2757,2358,4556,56698,populacao_seade-sp_2000a2024,populacao_seade-sp_2000a2024_feminino_2017.csv
2017,Butantã,BUTANTA,Vila Sônia,Vila_Sonia,feminino,3321,3564,3618,3571,4417,5098,5203,5305,5162,4498,4021,3551,3180,2631,2066,3356,62562,populacao_seade-sp_2000a2024,populacao_seade-sp_2000a2024_feminino_2017.csv
2017,,NAO_IDENTIFICADO,Ignorado,Ignorado,feminino,-,-,-,-,-,-,-,-,-,-,-,-,-,-,-,-,-,populacao_seade-sp_2000a2024,populacao_seade-sp_2000a2024_feminino_2017.csv
2016,Mooca,MOOCA,Água Rasa,Agua_Rasa,feminino,2019,2120,2210,2167,2852,3271,3276,3552,3452,3330,3459,3233,2896,2467,2108,4470,46882,populacao_seade-sp_2000a2024,populacao_seade-sp_2000a2024_feminino_2016.csv
2016,Pinheiros,PINHEIROS,Alto de Pinheiros,Alto_de_Pinheiros,feminino,685,864,898,878,1186,1476,1515,1686,1693,1638,1810,1675,1557,1381,1221,2460,22623,populacao_seade-sp_2000a2024,populacao_seade-sp_2000a2024_feminino_2016.csv
2016,Perus,PERUS,Anhanguera,Anhanguera,feminino,2122,2521,2807,3058,3706,3557,3047,2906,3089,2773,2229,1543,1078,635,436,506,36013,populacao_seade-sp_2000a2024,populacao_seade-sp_2000a2024_feminino_2016.csv
2016,Aricanduva/Formosa/Carrão,ARICANDUVA_FORMOSA_CARRAO,Aricanduva,Aricanduva,feminino,2240,2567,2810,2951,3456,3737,3691,3555,3612,3427,3264,2944,2584,2199,1854,3099,47990,populacao_seade-sp_2000a2024,populacao_seade-sp_2000a2024_feminino_2016.csv
2016,Penha,PENHA,Artur Alvim,Artur_Alvim,feminino,2544,3001,3164,3287,3956,4400,4408,4364,4271,3744,3534,3243,2969,2486,2014,3035,54420,populacao_seade-sp_2000a2024,populacao_seade-sp_2000a2024_feminino_2016.csv
2016,Lapa,LAPA,Barra Funda,Barra_Funda,feminino,644,662,629,546,672,1003,1149,1170,1098,841,842,781,694,644,508,1222,13105,populacao_seade-sp_2000a2024,populacao_seade-sp_2000a2024_feminino_2016.csv
2016,Sé,SE,Bela Vista,Bela_Vista,feminino,1539,1397,1204,1149,1725,2910,3715,3382,2826,2371,2223,2150,2044,1730,1351,2709,34425,populacao_seade-sp_2000a2024,populacao_seade-sp_2000a2024_feminino_2016.csv
2016,Mooca,MOOCA,Belém,Belem,feminino,1808,1545,1380,1326,1559,1986,2210,2151,1906,1662,1684,1494,1393,1099,969,2194,26366,populacao_seade-sp_2000a2024,populacao_seade-sp_2000a2024_feminino_2016.csv
2016,Sé,SE,Bom Retiro,Bom_Retiro,feminino,1122,1103,1049,1012,1199,1561,1600,1486,1288,1144,1061,881,798,609,502,1090,17505,populacao_seade-sp_2000a2024,populacao_seade-sp_2000a2024_feminino_2016.csv
2016,Mooca,MOOCA,Brás,Bras,feminino,1278,1020,995,992,1203,1634,1637,1513,1358,1149,1023,908,747,527,416,730,17130,populacao_seade-sp_2000a2024,populacao_seade-sp_2000a2024_feminino_2016.csv
2016,Freguesia/Brasilândia,FREGUESIA_BRASILANDIA,Brasilândia,Brasilandia,feminino,9149,9481,10393,10951,12279,12097,10943,10297,9911,9066,7853,6347,5011,3830,2836,3900,134344,populacao_seade-sp_2000a2024,populacao_seade-sp_2000a2024_feminino_2016.csv
2016,Butantã,BUTANTA,Butantã,Butanta,feminino,1135,1172,1193,1169,1584,2156,2534,2456,2221,1980,1969,1860,1790,1519,1276,2523,28537,populacao_seade-sp_2000a2024,populacao_seade-sp_2000a2024_feminino_2016.csv
2016,Casa Verde/Cachoeirinha,CASA_VERDE_CACHOEIRINHA,Cachoeirinha,Cachoeirinha,feminino,4753,5065,5299,5467,6426,6582,6348,6022,5717,5157,4759,4056,3259,2473,1796,2691,75870,populacao_seade-sp_2000a2024,populacao_seade-sp_2000a2024_feminino_2016.csv
2016,Sé,SE,Cambuci,Cambuci,feminino,1091,1165,1132,1106,1330,1682,1819,1869,1860,1553,1447,1369,1209,941,841,1804,22218,populacao_seade-sp_2000a2024,populacao_seade-sp_2000a2024_feminino_2016.csv
2016,Santo Amaro,SANTO_AMARO,Campo Belo,Campo_Belo,feminino,1528,1720,1748,1602,1879,2485,2849,3028,3136,2664,2648,2513,2390,2043,1878,3625,37736,populacao_seade-sp_2000a2024,populacao_seade-sp_2000a2024_feminino_2016.csv
2016,Santo Amaro,SANTO_AMARO,Campo Grande,Campo_Grande,feminino,2557,3067,3173,3239,3851,4174,4410,4896,5049,4775,4474,3848,3250,2560,2040,3349,58712,populacao_seade-sp_2000a2024,populacao_seade-sp_2000a2024_feminino_2016.csv
2016,Campo Limpo,CAMPO_LIMPO,Campo Limpo,Campo_Limpo,feminino,6908,7863,8271,8528,9730,10420,10311,10174,9745,8334,7095,5976,4848,3542,2536,3400,117681,populacao_seade-sp_2000a2024,populacao_seade-sp_2000a2024_feminino_2016.csv
2016,Penha,PENHA,Cangaíba,Cangaiba,feminino,4096,4286,4566,4880,5855,6372,6051,5589,5610,5283,5062,4340,3621,2784,2279,3402,74076,populacao_seade-sp_2000a2024,populacao_seade-sp_2000a2024_feminino_2016.csv
2016,Campo Limpo,CAMPO_LIMPO,Capão Redondo,Capao_Redondo,feminino,8916,9678,10539,10939,12376,13118,12451,11916,11279,9896,8469,6998,5726,4133,2956,3376,142766,populacao_seade-sp_2000a2024,populacao_seade-sp_2000a2024_feminino_2016.csv
2016,Aricanduva/Formosa/Carrão,ARICANDUVA_FORMOSA_CARRAO,Carrão,Carrao,feminino,1825,2090,2300,2354,2876,3242,3326,3417,3469,3273,3410,3078,2730,2344,1980,3912,45626,populacao_seade-sp_2000a2024,populacao_seade-sp_2000a2024_feminino_2016.csv
2016,Casa Verde/Cachoeirinha,CASA_VERDE_CACHOEIRINHA,Casa Verde,Casa_Verde,feminino,2299,2400,2469,2542,3090,3554,3639,3512,3383,3043,3042,2855,2546,2059,1756,3254,45443,populacao_seade-sp_2000a2024,populacao_seade-sp_2000a2024_feminino_2016.csv
2016,Cidade Ademar,CIDADE_ADEMAR,Cidade Ademar,Cidade_Ademar,feminino,8330,9043,9349,9615,11422,12381,11657,11286,10850,9491,8244,7158,5885,4422,3473,4665,137271,populacao_seade-sp_2000a2024,populacao_seade-sp_2000a2024_feminino_2016.csv
2016,Capela do Socorro,CAPELA_DO_SOCORRO,Cidade Dutra,Cidade_Dutra,feminino,5640,6184,6796,7049,8254,8734,8253,8048,7827,7165,6464,5680,4668,3630,2656,3395,100443,populacao_seade-sp_2000a2024,populacao_seade-sp_2000a2024_feminino_2016.csv
2016,Itaquera,ITAQUERA,Cidade Líder,Cidade_Lider,feminino,3814,4244,4723,4765,5805,6119,5831,5596,5462,4867,4364,3809,3158,2435,1755,2143,68890,populacao_seade-sp_2000a2024,populacao_seade-sp_2000a2024_feminino_2016.csv
2016,Cidade Tiradentes,CIDADE_TIRADENTES,Cidade Tiradentes,Cidade_Tiradentes,feminino,6670,7960,8989,9279,10522,9832,8897,8407,7924,6827,6155,5249,4233,2806,1831,1863,107444,populacao_seade-sp_2000a2024,populacao_seade-sp_2000a2024_feminino_2016.csv
2016,Sé,SE,Consolação,Consolacao,feminino,901,865,877,859,1634,3089,3137,2563,2159,1933,2091,2070,1989,1734,1466,3437,30804,populacao_seade-sp_2000a2024,populacao_seade-sp_2000a2024_feminino_2016.csv
2016,Ipiranga,IPIRANGA,Cursino,Cursino,feminino,2635,2899,2957,2846,3665,4253,4539,4587,4422,4032,4079,3909,3466,2672,2251,4476,57688,populacao_seade-sp_2000a2024,populacao_seade-sp_2000a2024_feminino_2016.csv
2016,Ermelino Matarazzo,ERMELINO_MATARAZZO,Ermelino Matarazzo,Ermelino_Matarazzo,feminino,3374,3832,4037,4113,4929,5347,5009,4740,4585,4195,3777,3234,2708,1910,1425,2094,59309,populacao_seade-sp_2000a2024,populacao_seade-sp_2000a2024_feminino_2016.csv
2016,Freguesia/Brasilândia,FREGUESIA_BRASILANDIA,Freguesia do Ó,Freguesia_do_O,feminino,3759,3925,4189,4419,5369,5972,6078,5873,5729,5372,5281,4961,4185,3221,2522,4627,75482,populacao_seade-sp_2000a2024,populacao_seade-sp_2000a2024_feminino_2016.csv
2016,Capela do Socorro,CAPELA_DO_SOCORRO,Grajaú,Grajau,feminino,12849,13952,15268,16116,18591,17876,16453,15432,15056,13607,11383,8993,6800,4760,3133,3352,193621,populacao_seade-sp_2000a2024,populacao_seade-sp_2000a2024_feminino_2016.csv
2016,Guaianases,GUAIANASES,Guaianases,Guaianases,feminino,3594,3879,4284,4471,5183,5085,4572,4262,4170,3804,3271,2748,2224,1562,1148,1439,55696,populacao_seade-sp_2000a2024,populacao_seade-sp_2000a2024_feminino_2016.csv
2016,São Mateus,SAO_MATEUS,Iguatemi,Iguatemi,feminino,4779,5063,5741,5975,7051,6680,5845,5311,5377,4959,4273,3337,2525,1726,1176,1261,71079,populacao_seade-sp_2000a2024,populacao_seade-sp_2000a2024_feminino_2016.csv
2016,Ipiranga,IPIRANGA,Ipiranga,Ipiranga,feminino,2759,3039,3097,3091,3924,4546,4725,4750,4792,4401,4203,3869,3346,2727,2288,5021,60578,populacao_seade-sp_2000a2024,populacao_seade-sp_2000a2024_feminino_2016.csv
2016,Pinheiros,PINHEIROS,Itaim Bibi,Itaim_Bibi,feminino,2132,2321,1871,1600,2336,3390,4563,5139,4725,3729,3639,3546,3479,2940,2472,5300,53182,populacao_seade-sp_2000a2024,populacao_seade-sp_2000a2024_feminino_2016.csv
2016,Itaim Paulista,ITAIM_PAULISTA,Itaim Paulista,Itaim_Paulista,feminino,6928,7927,8594,9102,10650,10285,9190,8486,8415,7999,6971,5698,4411,3169,2343,2817,112985,populacao_seade-sp_2000a2024,populacao_seade-sp_2000a2024_feminino_2016.csv
2016,Itaquera,ITAQUERA,Itaquera,Itaquera,feminino,6332,7151,7665,8149,9160,9257,8727,8760,8730,7978,6887,5808,4927,3720,2936,3837,110024,populacao_seade-sp_2000a2024,populacao_seade-sp_2000a2024_feminino_2016.csv
2016,Jabaquara,JABAQUARA,Jabaquara,Jabaquara,feminino,6004,6708,6764,6942,8320,9582,9882,9898,9452,8559,8053,7124,5968,4596,3897,6604,118353,populacao_seade-sp_2000a2024,populacao_seade-sp_2000a2024_feminino_2016.csv
2016,Jaçanã/Tremembé,JACANA_TREMEMBE,Jaçanã,Jacana,feminino,2403,2928,3281,3329,3807,4047,3935,3832,3578,3171,3029,2802,2400,1879,1499,2526,48446,populacao_seade-sp_2000a2024,populacao_seade-sp_2000a2024_feminino_2016.csv
2016,Lapa,LAPA,Jaguara,Jaguara,feminino,608,658,714,746,863,990,1019,1010,964,911,913,889,782,661,513,962,13203,populacao_seade-sp_2000a2024,populacao_seade-sp_2000a2024_feminino_2016.csv
2016,Lapa,LAPA,Jaguaré,Jaguare,feminino,1480,1659,1787,1794,2120,2229,2402,2418,2300,1914,1727,1413,1205,1018,861,1361,27688,populacao_seade-sp_2000a2024,populacao_seade-sp_2000a2024_feminino_2016.csv
2016,Pirituba/Jaraguá,PIRITUBA_JARAGUA,Jaraguá,Jaragua,feminino,6338,6908,7817,8231,9347,9248,8636,8373,8178,7255,6435,5378,4133,2868,2077,2418,103640,populacao_seade-sp_2000a2024,populacao_seade-sp_2000a2024_feminino_2016.csv
2016,M'Boi Mirim,M_BOI_MIRIM,Jardim Ângela,Jardim_Angela,feminino,10497,12165,12927,13268,14752,14288,13429,13110,12550,11009,8586,6773,5221,3585,2475,2755,157390,populacao_seade-sp_2000a2024,populacao_seade-sp_2000a2024_feminino_2016.csv
2016,São Miguel,SAO_MIGUEL,Jardim Helena,Jardim_Helena,feminino,4696,4894,5244,5572,6490,6275,5604,5230,5105,4621,3972,3297,2612,1941,1459,1796,68808,populacao_seade-sp_2000a2024,populacao_seade-sp_2000a2024_feminino_2016.csv
2016,Pinheiros,PINHEIROS,Jardim Paulista,Jardim_Paulista,feminino,1669,1662,1490,1376,1986,3243,4390,4479,3753,3161,3265,3305,3344,2784,2489,5280,47676,populacao_seade-sp_2000a2024,populacao_seade-sp_2000a2024_feminino_2016.csv
2016,M'Boi Mirim,M_BOI_MIRIM,Jardim São Luís,Jardim_Sao_Luis,feminino,8371,9098,9805,10058,11714,12510,12244,11626,11215,9876,8484,6922,5671,4166,2972,3685,138417,populacao_seade-sp_2000a2024,populacao_seade-sp_2000a2024_feminino_2016.csv
2016,Itaquera,ITAQUERA,José Bonifácio,Jose_Bonifacio,feminino,3332,4238,4782,4878,5483,5505,5586,5847,5341,4584,4008,3685,3510,2665,1811,2159,67414,populacao_seade-sp_2000a2024,populacao_seade-sp_2000a2024_feminino_2016.csv
2016,Guaianases,GUAIANASES,Lajeado,Lajeado,feminino,5633,6203,6729,7320,8463,8070,6923,6448,6493,5853,4887,3983,3081,2165,1554,1879,85684,populacao_seade-sp_2000a2024,populacao_seade-sp_2000a2024_feminino_2016.csv
2016,Lapa,LAPA,Lapa,Lapa,feminino,1488,1647,1618,1564,1964,2444,2777,3088,3040,2844,2877,2695,2485,2099,1855,4320,38805,populacao_seade-sp_2000a2024,populacao_seade-sp_2000a2024_feminino_2016.csv
2016,Sé,SE,Liberdade,Liberdade,feminino,1623,1628,1523,1425,2028,2940,3406,3330,3171,2608,2466,2358,2178,1830,1467,2898,36879,populacao_seade-sp_2000a2024,populacao_seade-sp_2000a2024_feminino_2016.csv
2016,Casa Verde/Cachoeirinha,CASA_VERDE_CACHOEIRINHA,Limão,Limao,feminino,2482,2518,2664,2603,3220,3608,3551,3476,3358,2926,2788,2679,2416,1889,1452,2620,44250,populacao_seade-sp_2000a2024,populacao_seade-sp_2000a2024_feminino_2016.csv
2016,Santana/Tucuruvi,SANTANA_TUCURUVI,Mandaqui,Mandaqui,feminino,2563,2849,3104,3282,4035,4402,4298,4386,4645,4381,4334,3790,3108,2556,2110,3489,57332,populacao_seade-sp_2000a2024,populacao_seade-sp_2000a2024_feminino_2016.csv
2016,Parelheiros,PARELHEIROS,Marsilac,Marsilac,feminino,252,357,389,483,482,435,348,343,307,316,310,264,195,145,114,158,4898,populacao_seade-sp_2000a2024,populacao_seade-sp_2000a2024_feminino_2016.csv
2016,Vila Mariana,VILA_MARIANA,Moema,Moema,feminino,1589,1892,1705,1595,2164,2938,3637,4187,4104,3373,3434,3294,3128,2530,1935,4109,45614,populacao_seade-sp_2000a2024,populacao_seade-sp_2000a2024_feminino_2016.csv
2016,Mooca,MOOCA,Mooca,Mooca,feminino,1857,2007,1915,1873,2531,3069,3181,3290,3353,3110,3042,2818,2442,2004,1810,4156,42458,populacao_seade-sp_2000a2024,populacao_seade-sp_2000a2024_feminino_2016.csv
2016,Butantã,BUTANTA,Morumbi,Morumbi,feminino,1317,1271,1380,1395,1627,1823,1820,1977,2056,1903,1749,1517,1314,1091,898,1474,24612,populacao_seade-sp_2000a2024,populacao_seade-sp_2000a2024_feminino_2016.csv
2016,Parelheiros,PARELHEIROS,Parelheiros,Parelheiros,feminino,5123,5427,6148,6552,7371,6479,5777,5583,5662,5079,4124,3278,2385,1707,1135,1252,73082,populacao_seade-sp_2000a2024,populacao_seade-sp_2000a2024_feminino_2016.csv
2016,Mooca,MOOCA,Pari,Pari,feminino,595,570,567,546,648,787,750,640,669,588,561,484,387,350,297,739,9178,populacao_seade-sp_2000a2024,populacao_seade-sp_2000a2024_feminino_2016.csv
2016,Itaquera,ITAQUERA,Parque do Carmo,Parque_do_Carmo,feminino,2179,2464,2704,2737,3106,3267,3117,3116,2906,2578,2272,1950,1588,1208,875,1217,37284,populacao_seade-sp_2000a2024,populacao_seade-sp_2000a2024_feminino_2016.csv
2016,Cidade Ademar,CIDADE_ADEMAR,Pedreira,Pedreira,feminino,4586,5539,6057,6189,7342,7447,6820,6622,6374,5744,4767,3958,3078,2165,1581,1960,80229,populacao_seade-sp_2000a2024,populacao_seade-sp_2000a2024_feminino_2016.csv
2016,Penha,PENHA,Penha,Penha,feminino,3206,3539,3709,3777,4740,5502,5396,5254,5179,5066,5049,4593,4026,3333,2827,5601,70797,populacao_seade-sp_2000a2024,populacao_seade-sp_2000a2024_feminino_2016.csv
2016,Lapa,LAPA,Perdizes,Perdizes,feminino,2038,2351,2361,2134,2912,4220,5111,5179,4685,4076,4235,4212,4001,3442,2671,5465,59093,populacao_seade-sp_2000a2024,populacao_seade-sp_2000a2024_feminino_2016.csv
2016,Perus,PERUS,Perus,Perus,feminino,2941,3104,3364,3579,4082,3978,3494,3410,3383,3081,2555,1996,1532,1139,813,1033,43484,populacao_seade-sp_2000a2024,populacao_seade-sp_2000a2024_feminino_2016.csv
2016,Pinheiros,PINHEIROS,Pinheiros,Pinheiros,feminino,1269,1344,1289,1198,1583,2258,3083,3271,2947,2620,2645,2539,2442,2020,1783,4093,36384,populacao_seade-sp_2000a2024,populacao_seade-sp_2000a2024_feminino_2016.csv
2016,Pirituba/Jaraguá,PIRITUBA_JARAGUA,Pirituba,Pirituba,feminino,4750,5232,5462,5613,6847,7525,7471,7291,7178,6677,6456,5797,4877,3759,2980,4868,92783,populacao_seade-sp_2000a2024,populacao_seade-sp_2000a2024_feminino_2016.csv
2016,Ermelino Matarazzo,ERMELINO_MATARAZZO,Ponte Rasa,Ponte_Rasa,feminino,2356,2727,2942,3108,3664,4072,3917,3678,3600,3480,3453,3203,2663,2090,1730,2828,49511,populacao_seade-sp_2000a2024,populacao_seade-sp_2000a2024_feminino_2016.csv
2016,Butantã,BUTANTA,Raposo Tavares,Raposo_Tavares,feminino,3619,3763,4114,3985,4602,4906,4987,5081,4789,4035,3454,3022,2567,1966,1432,1702,58024,populacao_seade-sp_2000a2024,populacao_seade-sp_2000a2024_feminino_2016.csv
2016,Sé,SE,República,Republica,feminino,1481,1395,1167,1119,1643,2639,3058,2782,2441,2108,1971,1820,1647,1373,1122,1936,29702,populacao_seade-sp_2000a2024,populacao_seade-sp_2000a2024_feminino_2016.csv
2016,Butantã,BUTANTA,Rio Pequeno,Rio_Pequeno,feminino,4280,4032,4029,4052,4780,5507,5656,5549,5237,4682,4336,3826,3092,2411,1882,2967,66318,populacao_seade-sp_2000a2024,populacao_seade-sp_2000a2024_feminino_2016.csv
2016,Ipiranga,IPIRANGA,Sacomã,Sacoma,feminino,6749,7819,8467,8496,10227,11311,11511,11188,10833,9625,9135,7803,6481,4918,3995,6534,135092,populacao_seade-sp_2000a2024,populacao_seade-sp_2000a2024_feminino_2016.csv
2016,Sé,SE,Santa Cecília,Santa_Cecilia,feminino,1927,1848,1717,1696,2437,3647,4187,4015,3504,3203,3038,2911,2658,2193,1878,3761,44620,populacao_seade-sp_2000a2024,populacao_seade-sp_2000a2024_feminino_2016.csv
2016,Santana/Tucuruvi,SANTANA_TUCURUVI,Santana,Santana,feminino,2620,2649,2653,2818,3714,5038,5417,5168,4863,4657,4889,4784,4379,3489,2901,6202,66241,populacao_seade-sp_2000a2024,populacao_seade-sp_2000a2024_feminino_2016.csv
2016,Santo Amaro,SANTO_AMARO,Santo Amaro,Santo_Amaro,feminino,1611,1907,1969,1833,2320,2708,2918,3303,3498,3216,3132,2915,2712,2399,2131,4080,42652,populacao_seade-sp_2000a2024,populacao_seade-sp_2000a2024_feminino_2016.csv
2016,Pirituba/Jaraguá,PIRITUBA_JARAGUA,São Domingos,Sao_Domingos,feminino,2250,2652,2901,2899,3430,3717,3713,3646,3604,3384,3153,2756,2327,1874,1585,2376,46267,populacao_seade-sp_2000a2024,populacao_seade-sp_2000a2024_feminino_2016.csv
2016,Vila Prudente,VILA_PRUDENTE,São Lucas,Sao_Lucas,feminino,3272,4024,4248,4205,5241,5929,5872,5730,5622,5362,5468,4753,4133,3380,2860,5056,75155,populacao_seade-sp_2000a2024,populacao_seade-sp_2000a2024_feminino_2016.csv
2016,São Mateus,SAO_MATEUS,São Mateus,Sao_Mateus,feminino,4616,4984,5399,5793,6649,6990,6718,6236,6198,5785,5369,4607,3690,2868,2285,3227,81414,populacao_seade-sp_2000a2024,populacao_seade-sp_2000a2024_feminino_2016.csv
2016,São Miguel,SAO_MIGUEL,São Miguel,Sao_Miguel,feminino,2979,2826,2930,3233,3770,4038,3547,3316,3290,3248,3050,2592,2052,1575,1414,2212,46072,populacao_seade-sp_2000a2024,populacao_seade-sp_2000a2024_feminino_2016.csv
2016,São Mateus,SAO_MATEUS,São Rafael,Sao_Rafael,feminino,4333,5397,6215,6353,6940,6529,6088,5916,5947,5338,4507,3431,2713,2098,1580,1775,75160,populacao_seade-sp_2000a2024,populacao_seade-sp_2000a2024_feminino_2016.csv
2016,Sapopemba,SAPOPEMBA,Sapopemba,Sapopemba,feminino,8182,9177,9964,10368,12337,12773,12018,11009,10805,10174,9540,8142,6626,5146,3985,5285,145531,populacao_seade-sp_2000a2024,populacao_seade-sp_2000a2024_feminino_2016.csv
2016,Vila Mariana,VILA_MARIANA,Saúde,Saude,feminino,2682,2963,2893,2714,3537,4679,5816,6171,5755,5202,5255,5186,4759,3923,3388,6827,71750,populacao_seade-sp_2000a2024,populacao_seade-sp_2000a2024_feminino_2016.csv
2016,Sé,SE,Sé,Se,feminino,903,658,693,699,920,1242,1213,1182,1176,905,661,563,432,352,294,429,12322,populacao_seade-sp_2000a2024,populacao_seade-sp_2000a2024_feminino_2016.csv
2016,Capela do Socorro,CAPELA_DO_SOCORRO,Socorro,Socorro,feminino,894,901,991,1016,1276,1442,1615,1598,1588,1471,1492,1362,1269,1082,1006,1672,20675,populacao_seade-sp_2000a2024,populacao_seade-sp_2000a2024_feminino_2016.csv
2016,Mooca,MOOCA,Tatuapé,Tatuape,feminino,1984,2204,2321,2401,3195,3772,3875,3962,4099,3906,4070,3703,3223,2506,2199,4839,52259,populacao_seade-sp_2000a2024,populacao_seade-sp_2000a2024_feminino_2016.csv
2016,Jaçanã/Tremembé,JACANA_TREMEMBE,Tremembé,Tremembe,feminino,6177,6579,7092,7611,9028,8974,8227,7885,8100,7338,6432,5410,4498,3388,2595,3958,103292,populacao_seade-sp_2000a2024,populacao_seade-sp_2000a2024_feminino_2016.csv
2016,Santana/Tucuruvi,SANTANA_TUCURUVI,Tucuruvi,Tucuruvi,feminino,2133,2336,2499,2537,3339,4114,4270,4109,3842,3690,3863,3890,3575,2872,2470,4947,54486,populacao_seade-sp_2000a2024,populacao_seade-sp_2000a2024_feminino_2016.csv
2016,Campo Limpo,CAMPO_LIMPO,Vila Andrade,Vila_Andrade,feminino,4200,5385,5836,5775,6713,7053,6648,6878,6624,5637,4592,3292,2487,1807,1265,1698,75890,populacao_seade-sp_2000a2024,populacao_seade-sp_2000a2024_feminino_2016.csv
2016,Itaim Paulista,ITAIM_PAULISTA,Vila Curuçá,Vila_Curuca,feminino,4332,4972,5670,6047,7030,6790,6073,5779,5941,5419,4649,3719,3037,2371,1825,2380,76034,populacao_seade-sp_2000a2024,populacao_seade-sp_2000a2024_feminino_2016.csv
2016,Aricanduva/Formosa/Carrão,ARICANDUVA_FORMOSA_CARRAO,Vila Formosa,Vila_Formosa,feminino,2112,2365,2635,2789,3440,3888,3787,3649,3584,3548,3716,3452,3045,2474,2080,3928,50492,populacao_seade-sp_2000a2024,populacao_seade-sp_2000a2024_feminino_2016.csv
2016,Vila Maria/Vila Guilherme,VILA_MARIA_VILA_GUILHERME,Vila Guilherme,Vila_Guilherme,feminino,1539,1512,1475,1522,1830,2133,2244,2373,2224,1948,1935,1832,1640,1355,1175,2303,29040,populacao_seade-sp_2000a2024,populacao_seade-sp_2000a2024_feminino_2016.csv
2016,São Miguel,SAO_MIGUEL,Vila Jacuí,Vila_Jacui,feminino,3690,4803,5367,5606,6633,6734,6159,5691,5502,5067,4577,3942,3072,2177,1552,2027,72599,populacao_seade-sp_2000a2024,populacao_seade-sp_2000a2024_feminino_2016.csv
2016,Lapa,LAPA,Vila Leopoldina,Vila_Leopoldina,feminino,1002,1236,1217,1134,1392,1493,1700,2094,2173,1752,1651,1324,1073,823,681,1409,22154,populacao_seade-sp_2000a2024,populacao_seade-sp_2000a2024_feminino_2016.csv
2016,Vila Maria/Vila Guilherme,VILA_MARIA_VILA_GUILHERME,Vila Maria,Vila_Maria,feminino,3458,3624,3714,3789,4509,5060,4954,4587,4224,3867,3652,3200,2678,2178,1756,3322,58572,populacao_seade-sp_2000a2024,populacao_seade-sp_2000a2024_feminino_2016.csv
2016,Vila Mariana,VILA_MARIANA,Vila Mariana,Vila_Mariana,feminino,2516,2632,2413,2295,3433,5160,6462,6324,5499,4844,5120,5185,5083,4170,3346,7138,71620,populacao_seade-sp_2000a2024,populacao_seade-sp_2000a2024_feminino_2016.csv
2016,Penha,PENHA,Vila Matilde,Vila_Matilde,feminino,2511,2937,3145,3197,3885,4382,4286,4262,4292,4049,3912,3598,3225,2558,2134,3873,56246,populacao_seade-sp_2000a2024,populacao_seade-sp_2000a2024_feminino_2016.csv
2016,Vila Maria/Vila Guilherme,VILA_MARIA_VILA_GUILHERME,Vila Medeiros,Vila_Medeiros,feminino,3462,3696,3812,3965,4888,5576,5284,4859,4615,4418,4273,4171,3502,2866,2347,4319,66053,populacao_seade-sp_2000a2024,populacao_seade-sp_2000a2024_feminino_2016.csv
2016,Vila Prudente,VILA_PRUDENTE,Vila Prudente,Vila_Prudente,feminino,2431,2827,2884,2925,3695,4336,4433,4346,4227,3956,4004,3750,3286,2652,2306,4436,56494,populacao_seade-sp_2000a2024,populacao_seade-sp_2000a2024_feminino_2016.csv
2016,Butantã,BUTANTA,Vila Sônia,Vila_Sonia,feminino,3358,3508,3651,3532,4530,5185,5245,5253,5021,4391,3919,3470,3096,2526,1957,3220,61862,populacao_seade-sp_2000a2024,populacao_seade-sp_2000a2024_feminino_2016.csv
2016,,NAO_IDENTIFICADO,Ignorado,Ignorado,feminino,-,-,-,-,-,-,-,-,-,-,-,-,-,-,-,-,-,populacao_seade-sp_2000a2024,populacao_seade-sp_2000a2024_feminino_2016.csv
2015,Mooca,MOOCA,Água Rasa,Agua_Rasa,feminino,2052,2089,2240,2158,2952,3322,3299,3601,3364,3341,3487,3181,2819,2398,2045,4388,46736,populacao_seade-sp_2000a2024,populacao_seade-sp_2000a2024_feminino_2015.csv
2015,Pinheiros,PINHEIROS,Alto de Pinheiros,Alto_de_Pinheiros,feminino,704,902,908,886,1251,1546,1544,1739,1677,1659,1870,1652,1545,1361,1197,2402,22843,populacao_seade-sp_2000a2024,populacao_seade-sp_2000a2024_feminino_2015.csv
2015,Perus,PERUS,Anhanguera,Anhanguera,feminino,2109,2595,2867,3108,3713,3468,2979,2881,3109,2724,2132,1438,1008,573,411,473,35588,populacao_seade-sp_2000a2024,populacao_seade-sp_2000a2024_feminino_2015.csv
2015,Aricanduva/Formosa/Carrão,ARICANDUVA_FORMOSA_CARRAO,Aricanduva,Aricanduva,feminino,2269,2601,2881,3002,3478,3795,3724,3515,3602,3423,3244,2899,2516,2146,1798,2988,47881,populacao_seade-sp_2000a2024,populacao_seade-sp_2000a2024_feminino_2015.csv
2015,Penha,PENHA,Artur Alvim,Artur_Alvim,feminino,2601,3091,3233,3376,4045,4534,4497,4385,4249,3713,3551,3235,2949,2437,1957,2938,54791,populacao_seade-sp_2000a2024,populacao_seade-sp_2000a2024_feminino_2015.csv
2015,Lapa,LAPA,Barra Funda,Barra_Funda,feminino,615,610,581,491,637,1009,1098,1087,994,747,799,719,634,599,448,1137,12205,populacao_seade-sp_2000a2024,populacao_seade-sp_2000a2024_feminino_2015.csv
2015,Sé,SE,Bela Vista,Bela_Vista,feminino,1579,1346,1188,1162,1871,3286,3942,3292,2721,2339,2230,2172,2039,1696,1300,2685,34848,populacao_seade-sp_2000a2024,populacao_seade-sp_2000a2024_feminino_2015.csv
2015,Mooca,MOOCA,Belém,Belem,feminino,1831,1427,1344,1306,1555,2070,2240,2091,1805,1613,1677,1434,1361,1031,942,2141,25868,populacao_seade-sp_2000a2024,populacao_seade-sp_2000a2024_feminino_2015.csv
2015,Sé,SE,Bom Retiro,Bom_Retiro,feminino,1153,1081,1051,1016,1217,1662,1624,1463,1242,1139,1053,857,791,581,492,1082,17504,populacao_seade-sp_2000a2024,populacao_seade-sp_2000a2024_feminino_2015.csv
2015,Mooca,MOOCA,Brás,Bras,feminino,1295,927,996,977,1198,1713,1603,1461,1290,1103,988,878,702,485,395,696,16707,populacao_seade-sp_2000a2024,populacao_seade-sp_2000a2024_feminino_2015.csv
2015,Freguesia/Brasilândia,FREGUESIA_BRASILANDIA,Brasilândia,Brasilandia,feminino,9332,9525,10868,11280,12393,12191,11017,10317,9892,9138,7746,6212,4861,3726,2731,3786,135015,populacao_seade-sp_2000a2024,populacao_seade-sp_2000a2024_feminino_2015.csv
2015,Butantã,BUTANTA,Butantã,Butanta,feminino,1155,1156,1206,1168,1652,2285,2632,2410,2151,1957,1979,1843,1777,1472,1236,2467,28546,populacao_seade-sp_2000a2024,populacao_seade-sp_2000a2024_feminino_2015.csv
2015,Casa Verde/Cachoeirinha,CASA_VERDE_CACHOEIRINHA,Cachoeirinha,Cachoeirinha,feminino,4834,5068,5419,5573,6508,6622,6423,5969,5638,5137,4731,3970,3137,2379,1706,2613,75727,populacao_seade-sp_2000a2024,populacao_seade-sp_2000a2024_feminino_2015.csv
2015,Sé,SE,Cambuci,Cambuci,feminino,1096,1141,1110,1086,1321,1733,1831,1841,1809,1480,1417,1342,1159,887,822,1754,21829,populacao_seade-sp_2000a2024,populacao_seade-sp_2000a2024_feminino_2015.csv
2015,Santo Amaro,SANTO_AMARO,Campo Belo,Campo_Belo,feminino,1553,1714,1745,1566,1886,2619,2922,3014,3098,2559,2651,2467,2345,1965,1844,3489,37437,populacao_seade-sp_2000a2024,populacao_seade-sp_2000a2024_feminino_2015.csv
2015,Santo Amaro,SANTO_AMARO,Campo Grande,Campo_Grande,feminino,2581,3103,3157,3242,3859,4203,4484,4932,4952,4712,4368,3700,3104,2423,1935,3180,57935,populacao_seade-sp_2000a2024,populacao_seade-sp_2000a2024_feminino_2015.csv
2015,Campo Limpo,CAMPO_LIMPO,Campo Limpo,Campo_Limpo,feminino,6949,7945,8360,8618,9679,10501,10370,10090,9524,8117,6871,5801,4633,3338,2377,3218,116391,populacao_seade-sp_2000a2024,populacao_seade-sp_2000a2024_feminino_2015.csv
2015,Penha,PENHA,Cangaíba,Cangaiba,feminino,4148,4253,4682,4992,5923,6475,6051,5494,5595,5275,5048,4224,3503,2663,2216,3265,73807,populacao_seade-sp_2000a2024,populacao_seade-sp_2000a2024_feminino_2015.csv
2015,Campo Limpo,CAMPO_LIMPO,Capão Redondo,Capao_Redondo,feminino,9042,9770,10888,11155,12416,13325,12538,11880,11122,9809,8286,6834,5552,3923,2805,3177,142522,populacao_seade-sp_2000a2024,populacao_seade-sp_2000a2024_feminino_2015.csv
2015,Aricanduva/Formosa/Carrão,ARICANDUVA_FORMOSA_CARRAO,Carrão,Carrao,feminino,1849,2106,2346,2363,2923,3312,3374,3413,3428,3252,3448,3002,2660,2285,1918,3828,45507,populacao_seade-sp_2000a2024,populacao_seade-sp_2000a2024_feminino_2015.csv
2015,Casa Verde/Cachoeirinha,CASA_VERDE_CACHOEIRINHA,Casa Verde,Casa_Verde,feminino,2349,2387,2518,2590,3154,3669,3711,3489,3345,3025,3084,2844,2500,1998,1727,3197,45587,populacao_seade-sp_2000a2024,populacao_seade-sp_2000a2024_feminino_2015.csv
2015,Cidade Ademar,CIDADE_ADEMAR,Cidade Ademar,Cidade_Ademar,feminino,8503,9155,9572,9854,11653,12677,11753,11336,10771,9427,8126,7094,5715,4256,3378,4473,137743,populacao_seade-sp_2000a2024,populacao_seade-sp_2000a2024_feminino_2015.csv
2015,Capela do Socorro,CAPELA_DO_SOCORRO,Cidade Dutra,Cidade_Dutra,feminino,5761,6276,7066,7213,8400,8901,8341,8094,7791,7194,6417,5636,4530,3525,2532,3245,100922,populacao_seade-sp_2000a2024,populacao_seade-sp_2000a2024_feminino_2015.csv
2015,Itaquera,ITAQUERA,Cidade Líder,Cidade_Lider,feminino,3838,4271,4852,4775,5888,6119,5827,5529,5379,4792,4280,3731,3039,2330,1653,2021,68324,populacao_seade-sp_2000a2024,populacao_seade-sp_2000a2024_feminino_2015.csv
2015,Cidade Tiradentes,CIDADE_TIRADENTES,Cidade Tiradentes,Cidade_Tiradentes,feminino,6755,8317,9386,9518,10651,9752,8991,8438,7880,6799,6165,5199,4128,2638,1729,1757,108103,populacao_seade-sp_2000a2024,populacao_seade-sp_2000a2024_feminino_2015.csv
2015,Sé,SE,Consolação,Consolacao,feminino,890,841,884,855,1859,3492,3096,2433,2059,1910,2134,2056,1961,1683,1411,3368,30932,populacao_seade-sp_2000a2024,populacao_seade-sp_2000a2024_feminino_2015.csv
2015,Ipiranga,IPIRANGA,Cursino,Cursino,feminino,2701,2909,2990,2850,3820,4398,4677,4586,4349,4011,4127,3899,3383,2550,2198,4388,57836,populacao_seade-sp_2000a2024,populacao_seade-sp_2000a2024_feminino_2015.csv
2015,Ermelino Matarazzo,ERMELINO_MATARAZZO,Ermelino Matarazzo,Ermelino_Matarazzo,feminino,3425,3903,4117,4179,5016,5445,5014,4710,4538,4188,3726,3172,2629,1798,1369,2023,59252,populacao_seade-sp_2000a2024,populacao_seade-sp_2000a2024_feminino_2015.csv
2015,Freguesia/Brasilândia,FREGUESIA_BRASILANDIA,Freguesia do Ó,Freguesia_do_O,feminino,3825,3899,4304,4512,5464,6108,6190,5823,5672,5384,5309,4945,4045,3093,2428,4538,75539,populacao_seade-sp_2000a2024,populacao_seade-sp_2000a2024_feminino_2015.csv
2015,Capela do Socorro,CAPELA_DO_SOCORRO,Grajaú,Grajau,feminino,12954,14030,15727,16433,18632,17671,16467,15273,14901,13507,11026,8686,6470,4513,2907,3159,192356,populacao_seade-sp_2000a2024,populacao_seade-sp_2000a2024_feminino_2015.csv
2015,Guaianases,GUAIANASES,Guaianases,Guaianases,feminino,3609,3889,4418,4535,5208,5043,4542,4207,4129,3777,3180,2681,2135,1468,1096,1367,55284,populacao_seade-sp_2000a2024,populacao_seade-sp_2000a2024_feminino_2015.csv
2015,São Mateus,SAO_MATEUS,Iguatemi,Iguatemi,feminino,4761,5036,5924,6005,7078,6533,5758,5186,5351,4903,4141,3187,2390,1612,1101,1175,70141,populacao_seade-sp_2000a2024,populacao_seade-sp_2000a2024_feminino_2015.csv
2015,Ipiranga,IPIRANGA,Ipiranga,Ipiranga,feminino,2792,3022,3095,3084,4010,4644,4782,4699,4717,4328,4150,3796,3221,2616,2205,4920,60081,populacao_seade-sp_2000a2024,populacao_seade-sp_2000a2024_feminino_2015.csv
2015,Pinheiros,PINHEIROS,Itaim Bibi,Itaim_Bibi,feminino,2172,2286,1758,1550,2469,3603,4849,5132,4508,3536,3622,3499,3426,2807,2364,5128,52709,populacao_seade-sp_2000a2024,populacao_seade-sp_2000a2024_feminino_2015.csv
2015,Itaim Paulista,ITAIM_PAULISTA,Itaim Paulista,Itaim_Paulista,feminino,7053,8168,8900,9410,10848,10287,9239,8464,8472,8122,6873,5593,4253,3041,2262,2692,113677,populacao_seade-sp_2000a2024,populacao_seade-sp_2000a2024_feminino_2015.csv
2015,Itaquera,ITAQUERA,Itaquera,Itaquera,feminino,6407,7243,7827,8331,9126,9273,8750,8793,8647,7927,6706,5671,4790,3547,2840,3649,109527,populacao_seade-sp_2000a2024,populacao_seade-sp_2000a2024_feminino_2015.csv
2015,Jabaquara,JABAQUARA,Jabaquara,Jabaquara,feminino,6140,6791,6835,7084,8455,9901,10093,9921,9304,8532,8032,7019,5784,4415,3828,6416,118550,populacao_seade-sp_2000a2024,populacao_seade-sp_2000a2024_feminino_2015.csv
2015,Jaçanã/Tremembé,JACANA_TREMEMBE,Jaçanã,Jacana,feminino,2445,3048,3396,3385,3849,4128,3993,3841,3521,3161,3049,2802,2344,1821,1460,2477,48720,populacao_seade-sp_2000a2024,populacao_seade-sp_2000a2024_feminino_2015.csv
2015,Lapa,LAPA,Jaguara,Jaguara,feminino,617,658,732,757,865,1020,1036,1003,944,914,919,890,759,644,488,942,13188,populacao_seade-sp_2000a2024,populacao_seade-sp_2000a2024_feminino_2015.csv
2015,Lapa,LAPA,Jaguaré,Jaguare,feminino,1497,1660,1812,1792,2133,2237,2470,2390,2235,1846,1695,1350,1164,986,829,1293,27389,populacao_seade-sp_2000a2024,populacao_seade-sp_2000a2024_feminino_2015.csv
2015,Pirituba/Jaraguá,PIRITUBA_JARAGUA,Jaraguá,Jaragua,feminino,6340,6902,8041,8292,9283,9159,8608,8274,8026,7115,6281,5201,3908,2681,1966,2266,102343,populacao_seade-sp_2000a2024,populacao_seade-sp_2000a2024_feminino_2015.csv
2015,M'Boi Mirim,M_BOI_MIRIM,Jardim Ângela,Jardim_Angela,feminino,10614,12431,13159,13487,14761,14265,13544,13076,12348,10864,8177,6554,4979,3361,2329,2581,156530,populacao_seade-sp_2000a2024,populacao_seade-sp_2000a2024_feminino_2015.csv
2015,São Miguel,SAO_MIGUEL,Jardim Helena,Jardim_Helena,feminino,4770,4911,5441,5754,6593,6283,5623,5220,5108,4633,3908,3245,2526,1872,1412,1720,69019,populacao_seade-sp_2000a2024,populacao_seade-sp_2000a2024_feminino_2015.csv
2015,Pinheiros,PINHEIROS,Jardim Paulista,Jardim_Paulista,feminino,1701,1624,1462,1366,2115,3603,4696,4426,3563,3098,3320,3326,3354,2678,2453,5169,47954,populacao_seade-sp_2000a2024,populacao_seade-sp_2000a2024_feminino_2015.csv
2015,M'Boi Mirim,M_BOI_MIRIM,Jardim São Luís,Jardim_Sao_Luis,feminino,8531,9200,10124,10254,11869,12733,12451,11568,11147,9806,8327,6752,5518,3980,2824,3509,138593,populacao_seade-sp_2000a2024,populacao_seade-sp_2000a2024_feminino_2015.csv
2015,Itaquera,ITAQUERA,José Bonifácio,Jose_Bonifacio,feminino,3363,4423,4902,4923,5486,5520,5716,5890,5167,4505,3921,3668,3493,2526,1685,2032,67220,populacao_seade-sp_2000a2024,populacao_seade-sp_2000a2024_feminino_2015.csv
2015,Guaianases,GUAIANASES,Lajeado,Lajeado,feminino,5692,6290,6944,7566,8526,8004,6846,6422,6511,5823,4753,3890,2950,2053,1482,1790,85542,populacao_seade-sp_2000a2024,populacao_seade-sp_2000a2024_feminino_2015.csv
2015,Lapa,LAPA,Lapa,Lapa,feminino,1503,1624,1589,1537,1986,2517,2840,3088,2936,2792,2853,2624,2408,2008,1795,4215,38315,populacao_seade-sp_2000a2024,populacao_seade-sp_2000a2024_feminino_2015.csv
2015,Sé,SE,Liberdade,Liberdade,feminino,1666,1592,1512,1421,2161,3184,3531,3287,3112,2521,2462,2353,2141,1774,1405,2829,36951,populacao_seade-sp_2000a2024,populacao_seade-sp_2000a2024_feminino_2015.csv
2015,Casa Verde/Cachoeirinha,CASA_VERDE_CACHOEIRINHA,Limão,Limao,feminino,2518,2470,2724,2594,3295,3671,3574,3452,3299,2868,2781,2677,2362,1806,1389,2565,44045,populacao_seade-sp_2000a2024,populacao_seade-sp_2000a2024_feminino_2015.csv
2015,Santana/Tucuruvi,SANTANA_TUCURUVI,Mandaqui,Mandaqui,feminino,2606,2876,3192,3351,4113,4468,4336,4421,4674,4375,4365,3706,2995,2495,2048,3386,57407,populacao_seade-sp_2000a2024,populacao_seade-sp_2000a2024_feminino_2015.csv
2015,Parelheiros,PARELHEIROS,Marsilac,Marsilac,feminino,243,373,382,502,450,415,326,336,288,317,299,250,177,136,107,147,4748,populacao_seade-sp_2000a2024,populacao_seade-sp_2000a2024_feminino_2015.csv
2015,Vila Mariana,VILA_MARIANA,Moema,Moema,feminino,1628,1928,1656,1586,2255,3113,3835,4267,4014,3256,3485,3266,3092,2417,1829,4005,45632,populacao_seade-sp_2000a2024,populacao_seade-sp_2000a2024_feminino_2015.csv
2015,Mooca,MOOCA,Mooca,Mooca,feminino,1883,1985,1883,1862,2615,3144,3210,3278,3303,3064,3021,2768,2354,1929,1781,4093,42173,populacao_seade-sp_2000a2024,populacao_seade-sp_2000a2024_feminino_2015.csv
2015,Butantã,BUTANTA,Morumbi,Morumbi,feminino,1350,1242,1431,1408,1648,1875,1851,2024,2056,1897,1736,1490,1284,1063,870,1421,24646,populacao_seade-sp_2000a2024,populacao_seade-sp_2000a2024_feminino_2015.csv
2015,Parelheiros,PARELHEIROS,Parelheiros,Parelheiros,feminino,5095,5389,6335,6616,7305,6241,5732,5518,5607,4981,3936,3146,2227,1613,1048,1168,71957,populacao_seade-sp_2000a2024,populacao_seade-sp_2000a2024_feminino_2015.csv
2015,Mooca,MOOCA,Pari,Pari,feminino,608,554,574,546,660,826,748,620,677,575,563,470,370,350,289,741,9171,populacao_seade-sp_2000a2024,populacao_seade-sp_2000a2024_feminino_2015.csv
2015,Itaquera,ITAQUERA,Parque do Carmo,Parque_do_Carmo,feminino,2197,2483,2764,2744,3095,3281,3110,3109,2818,2539,2216,1900,1519,1151,823,1163,36912,populacao_seade-sp_2000a2024,populacao_seade-sp_2000a2024_feminino_2015.csv
2015,Cidade Ademar,CIDADE_ADEMAR,Pedreira,Pedreira,feminino,4590,5693,6158,6231,7375,7375,6758,6568,6240,5669,4574,3839,2912,2025,1492,1834,79333,populacao_seade-sp_2000a2024,populacao_seade-sp_2000a2024_feminino_2015.csv
2015,Penha,PENHA,Penha,Penha,feminino,3249,3541,3754,3804,4830,5622,5394,5202,5100,5092,5043,4508,3912,3226,2746,5477,70500,populacao_seade-sp_2000a2024,populacao_seade-sp_2000a2024_feminino_2015.csv
2015,Lapa,LAPA,Perdizes,Perdizes,feminino,2076,2390,2368,2100,3077,4573,5361,5144,4537,4018,4317,4224,3960,3359,2537,5359,59400,populacao_seade-sp_2000a2024,populacao_seade-sp_2000a2024_feminino_2015.csv
2015,Perus,PERUS,Perus,Perus,feminino,2954,3094,3452,3649,4067,3927,3447,3405,3350,3059,2462,1918,1460,1090,767,986,43087,populacao_seade-sp_2000a2024,populacao_seade-sp_2000a2024_feminino_2015.csv
2015,Pinheiros,PINHEIROS,Pinheiros,Pinheiros,feminino,1292,1324,1272,1182,1646,2428,3308,3238,2824,2573,2650,2505,2407,1929,1737,3996,36311,populacao_seade-sp_2000a2024,populacao_seade-sp_2000a2024_feminino_2015.csv
2015,Pirituba/Jaraguá,PIRITUBA_JARAGUA,Pirituba,Pirituba,feminino,4802,5234,5524,5667,6931,7611,7513,7210,7067,6628,6420,5676,4690,3584,2860,4693,92110,populacao_seade-sp_2000a2024,populacao_seade-sp_2000a2024_feminino_2015.csv
2015,Ermelino Matarazzo,ERMELINO_MATARAZZO,Ponte Rasa,Ponte_Rasa,feminino,2395,2781,3013,3182,3706,4180,3934,3635,3574,3516,3474,3182,2566,2018,1685,2741,49582,populacao_seade-sp_2000a2024,populacao_seade-sp_2000a2024_feminino_2015.csv
2015,Butantã,BUTANTA,Raposo Tavares,Raposo_Tavares,feminino,3643,3696,4209,3933,4601,4916,5032,5051,4635,3906,3337,2948,2465,1862,1339,1583,57156,populacao_seade-sp_2000a2024,populacao_seade-sp_2000a2024_feminino_2015.csv
2015,Sé,SE,República,Republica,feminino,1507,1331,1120,1111,1733,2884,3116,2671,2334,2052,1936,1788,1598,1321,1072,1857,29431,populacao_seade-sp_2000a2024,populacao_seade-sp_2000a2024_feminino_2015.csv
2015,Butantã,BUTANTA,Rio Pequeno,Rio_Pequeno,feminino,4343,3872,4074,4068,4805,5647,5718,5485,5101,4614,4274,3738,2944,2309,1794,2851,65637,populacao_seade-sp_2000a2024,populacao_seade-sp_2000a2024_feminino_2015.csv
2015,Ipiranga,IPIRANGA,Sacomã,Sacoma,feminino,6824,7943,8624,8526,10343,11454,11669,11055,10648,9472,9082,7561,6241,4672,3855,6278,134247,populacao_seade-sp_2000a2024,populacao_seade-sp_2000a2024_feminino_2015.csv
2015,Sé,SE,Santa Cecília,Santa_Cecilia,feminino,1964,1790,1704,1706,2580,3962,4313,3944,3363,3196,3014,2910,2607,2124,1837,3696,44710,populacao_seade-sp_2000a2024,populacao_seade-sp_2000a2024_feminino_2015.csv
2015,Santana/Tucuruvi,SANTANA_TUCURUVI,Santana,Santana,feminino,2663,2595,2675,2878,3838,5362,5503,5081,4751,4674,4957,4767,4285,3337,2808,6091,66265,populacao_seade-sp_2000a2024,populacao_seade-sp_2000a2024_feminino_2015.csv
2015,Santo Amaro,SANTO_AMARO,Santo Amaro,Santo_Amaro,feminino,1623,1909,1944,1777,2345,2734,2947,3316,3428,3123,3076,2834,2628,2316,2055,3912,41967,populacao_seade-sp_2000a2024,populacao_seade-sp_2000a2024_feminino_2015.csv
2015,Pirituba/Jaraguá,PIRITUBA_JARAGUA,São Domingos,Sao_Domingos,feminino,2277,2703,2958,2905,3459,3754,3748,3614,3556,3370,3111,2691,2244,1807,1541,2267,46005,populacao_seade-sp_2000a2024,populacao_seade-sp_2000a2024_feminino_2015.csv
2015,Vila Prudente,VILA_PRUDENTE,São Lucas,Sao_Lucas,feminino,3313,4168,4300,4235,5374,6062,5929,5701,5561,5387,5533,4624,4041,3274,2790,4909,75201,populacao_seade-sp_2000a2024,populacao_seade-sp_2000a2024_feminino_2015.csv
2015,São Mateus,SAO_MATEUS,São Mateus,Sao_Mateus,feminino,4690,4999,5562,5946,6673,7085,6768,6147,6185,5786,5329,4510,3543,2770,2212,3094,81299,populacao_seade-sp_2000a2024,populacao_seade-sp_2000a2024_feminino_2015.csv
2015,São Miguel,SAO_MIGUEL,São Miguel,Sao_Miguel,feminino,3042,2760,3030,3365,3815,4133,3514,3316,3296,3322,3044,2549,1980,1530,1423,2156,46275,populacao_seade-sp_2000a2024,populacao_seade-sp_2000a2024_feminino_2015.csv
2015,São Mateus,SAO_MATEUS,São Rafael,Sao_Rafael,feminino,4358,5614,6419,6419,6920,6474,6132,5890,5919,5278,4371,3271,2609,2020,1507,1661,74862,populacao_seade-sp_2000a2024,populacao_seade-sp_2000a2024_feminino_2015.csv
2015,Sapopemba,SAPOPEMBA,Sapopemba,Sapopemba,feminino,8337,9356,10299,10624,12587,12934,12146,10885,10815,10261,9539,7998,6425,4989,3849,5059,146103,populacao_seade-sp_2000a2024,populacao_seade-sp_2000a2024_feminino_2015.csv
2015,Vila Mariana,VILA_MARIANA,Saúde,Saude,feminino,2749,2961,2878,2692,3676,4963,6150,6154,5582,5148,5289,5182,4651,3776,3295,6635,71781,populacao_seade-sp_2000a2024,populacao_seade-sp_2000a2024_feminino_2015.csv
2015,Sé,SE,Sé,Se,feminino,930,594,724,698,954,1317,1207,1178,1166,860,625,556,409,343,286,412,12259,populacao_seade-sp_2000a2024,populacao_seade-sp_2000a2024_feminino_2015.csv
2015,Capela do Socorro,CAPELA_DO_SOCORRO,Socorro,Socorro,feminino,909,880,1022,1020,1304,1469,1673,1575,1567,1457,1501,1334,1252,1049,998,1603,20613,populacao_seade-sp_2000a2024,populacao_seade-sp_2000a2024_feminino_2015.csv
2015,Mooca,MOOCA,Tatuapé,Tatuape,feminino,2002,2193,2334,2404,3276,3840,3899,3934,4049,3865,4094,3600,3106,2371,2147,4726,51840,populacao_seade-sp_2000a2024,populacao_seade-sp_2000a2024_feminino_2015.csv
2015,Jaçanã/Tremembé,JACANA_TREMEMBE,Tremembé,Tremembe,feminino,6249,6603,7294,7801,9144,8962,8251,7858,8137,7282,6318,5296,4373,3249,2501,3842,103160,populacao_seade-sp_2000a2024,populacao_seade-sp_2000a2024_feminino_2015.csv
2015,Santana/Tucuruvi,SANTANA_TUCURUVI,Tucuruvi,Tucuruvi,feminino,2158,2331,2543,2548,3447,4255,4314,4044,3736,3702,3903,3898,3491,2747,2407,4828,54352,populacao_seade-sp_2000a2024,populacao_seade-sp_2000a2024_feminino_2015.csv
2015,Campo Limpo,CAMPO_LIMPO,Vila Andrade,Vila_Andrade,feminino,4158,5564,5819,5665,6591,6939,6527,6835,6391,5428,4354,3049,2332,1684,1164,1580,74080,populacao_seade-sp_2000a2024,populacao_seade-sp_2000a2024_feminino_2015.csv
2015,Itaim Paulista,ITAIM_PAULISTA,Vila Curuçá,Vila_Curuca,feminino,4393,5116,5929,6226,7132,6776,6089,5792,6006,5421,4567,3619,2963,2306,1765,2286,76386,populacao_seade-sp_2000a2024,populacao_seade-sp_2000a2024_feminino_2015.csv
2015,Aricanduva/Formosa/Carrão,ARICANDUVA_FORMOSA_CARRAO,Vila Formosa,Vila_Formosa,feminino,2137,2390,2718,2837,3506,3975,3801,3619,3545,3594,3771,3408,2970,2392,2025,3832,50520,populacao_seade-sp_2000a2024,populacao_seade-sp_2000a2024_feminino_2015.csv
2015,Vila Maria/Vila Guilherme,VILA_MARIA_VILA_GUILHERME,Vila Guilherme,Vila_Guilherme,feminino,1580,1476,1484,1552,1863,2219,2299,2397,2165,1921,1955,1823,1607,1317,1155,2265,29078,populacao_seade-sp_2000a2024,populacao_seade-sp_2000a2024_feminino_2015.csv
2015,São Miguel,SAO_MIGUEL,Vila Jacuí,Vila_Jacui,feminino,3733,5097,5532,5755,6756,6789,6186,5652,5483,5091,4543,3891,2945,2071,1478,1944,72946,populacao_seade-sp_2000a2024,populacao_seade-sp_2000a2024_feminino_2015.csv
2015,Lapa,LAPA,Vila Leopoldina,Vila_Leopoldina,feminino,1015,1256,1189,1105,1394,1478,1752,2148,2117,1658,1627,1248,1018,775,652,1362,21794,populacao_seade-sp_2000a2024,populacao_seade-sp_2000a2024_feminino_2015.csv
2015,Vila Maria/Vila Guilherme,VILA_MARIA_VILA_GUILHERME,Vila Maria,Vila_Maria,feminino,3531,3621,3793,3866,4593,5217,5017,4532,4150,3880,3652,3154,2603,2124,1705,3274,58712,populacao_seade-sp_2000a2024,populacao_seade-sp_2000a2024_feminino_2015.csv
2015,Vila Mariana,VILA_MARIANA,Vila Mariana,Vila_Mariana,feminino,2546,2597,2365,2285,3676,5590,6782,6183,5251,4769,5204,5191,5039,3993,3201,6995,71667,populacao_seade-sp_2000a2024,populacao_seade-sp_2000a2024_feminino_2015.csv
2015,Penha,PENHA,Vila Matilde,Vila_Matilde,feminino,2546,2993,3199,3226,3946,4470,4302,4254,4258,4044,3900,3560,3158,2456,2080,3780,56172,populacao_seade-sp_2000a2024,populacao_seade-sp_2000a2024_feminino_2015.csv
2015,Vila Maria/Vila Guilherme,VILA_MARIA_VILA_GUILHERME,Vila Medeiros,Vila_Medeiros,feminino,3547,3720,3908,4079,5038,5788,5316,4820,4584,4489,4302,4235,3394,2814,2289,4262,66585,populacao_seade-sp_2000a2024,populacao_seade-sp_2000a2024_feminino_2015.csv
2015,Vila Prudente,VILA_PRUDENTE,Vila Prudente,Vila_Prudente,feminino,2462,2867,2891,2950,3771,4442,4475,4300,4151,3938,4027,3700,3185,2548,2255,4314,56276,populacao_seade-sp_2000a2024,populacao_seade-sp_2000a2024_feminino_2015.csv
2015,Butantã,BUTANTA,Vila Sônia,Vila_Sonia,feminino,3392,3448,3680,3489,4639,5265,5279,5201,4878,4282,3816,3386,3007,2421,1853,3085,61121,populacao_seade-sp_2000a2024,populacao_seade-sp_2000a2024_feminino_2015.csv
2015,,NAO_IDENTIFICADO,Ignorado,Ignorado,feminino,-,-,-,-,-,-,-,-,-,-,-,-,-,-,-,-,-,populacao_seade-sp_2000a2024,populacao_seade-sp_2000a2024_feminino_2015.csv
2015,Mooca,MOOCA,Água Rasa,Agua_Rasa,ign,,,,,,,,,,,,,,,,,-,populacao_seade-sp_2000a2024,populacao_seade-sp_2000a2024_ign_2015.csv
2015,Pinheiros,PINHEIROS,Alto de Pinheiros,Alto_de_Pinheiros,ign,,,,,,,,,,,,,,,,,-,populacao_seade-sp_2000a2024,populacao_seade-sp_2000a2024_ign_2015.csv
2015,Perus,PERUS,Anhanguera,Anhanguera,ign,,,,,,,,,,,,,,,,,-,populacao_seade-sp_2000a2024,populacao_seade-sp_2000a2024_ign_2015.csv
2015,Aricanduva/Formosa/Carrão,ARICANDUVA_FORMOSA_CARRAO,Aricanduva,Aricanduva,ign,,,,,,,,,,,,,,,,,-,populacao_seade-sp_2000a2024,populacao_seade-sp_2000a2024_ign_2015.csv
2015,Penha,PENHA,Artur Alvim,Artur_Alvim,ign,,,,,,,,,,,,,,,,,-,populacao_seade-sp_2000a2024,populacao_seade-sp_2000a2024_ign_2015.csv
2015,Lapa,LAPA,Barra Funda,Barra_Funda,ign,,,,,,,,,,,,,,,,,-,populacao_seade-sp_2000a2024,populacao_seade-sp_2000a2024_ign_2015.csv
2015,Sé,SE,Bela Vista,Bela_Vista,ign,,,,,,,,,,,,,,,,,-,populacao_seade-sp_2000a2024,populacao_seade-sp_2000a2024_ign_2015.csv
2015,Mooca,MOOCA,Belém,Belem,ign,,,,,,,,,,,,,,,,,-,populacao_seade-sp_2000a2024,populacao_seade-sp_2000a2024_ign_2015.csv
2015,Sé,SE,Bom Retiro,Bom_Retiro,ign,,,,,,,,,,,,,,,,,-,populacao_seade-sp_2000a2024,populacao_seade-sp_2000a2024_ign_2015.csv
2015,Mooca,MOOCA,Brás,Bras,ign,,,,,,,,,,,,,,,,,-,populacao_seade-sp_2000a2024,populacao_seade-sp_2000a2024_ign_2015.csv
2015,Freguesia/Brasilândia,FREGUESIA_BRASILANDIA,Brasilândia,Brasilandia,ign,,,,,,,,,,,,,,,,,-,populacao_seade-sp_2000a2024,populacao_seade-sp_2000a2024_ign_2015.csv
2015,Butantã,BUTANTA,Butantã,Butanta,ign,,,,,,,,,,,,,,,,,-,populacao_seade-sp_2000a2024,populacao_seade-sp_2000a2024_ign_2015.csv
2015,Casa Verde/Cachoeirinha,CASA_VERDE_CACHOEIRINHA,Cachoeirinha,Cachoeirinha,ign,,,,,,,,,,,,,,,,,-,populacao_seade-sp_2000a2024,populacao_seade-sp_2000a2024_ign_2015.csv
2015,Sé,SE,Cambuci,Cambuci,ign,,,,,,,,,,,,,,,,,-,populacao_seade-sp_2000a2024,populacao_seade-sp_2000a2024_ign_2015.csv
2015,Santo Amaro,SANTO_AMARO,Campo Belo,Campo_Belo,ign,,,,,,,,,,,,,,,,,-,populacao_seade-sp_2000a2024,populacao_seade-sp_2000a2024_ign_2015.csv
2015,Santo Amaro,SANTO_AMARO,Campo Grande,Campo_Grande,ign,,,,,,,,,,,,,,,,,-,populacao_seade-sp_2000a2024,populacao_seade-sp_2000a2024_ign_2015.csv
2015,Campo Limpo,CAMPO_LIMPO,Campo Limpo,Campo_Limpo,ign,,,,,,,,,,,,,,,,,-,populacao_seade-sp_2000a2024,populacao_seade-sp_2000a2024_ign_2015.csv
2015,Penha,PENHA,Cangaíba,Cangaiba,ign,,,,,,,,,,,,,,,,,-,populacao_seade-sp_2000a2024,populacao_seade-sp_2000a2024_ign_2015.csv
2015,Campo Limpo,CAMPO_LIMPO,Capão Redondo,Capao_Redondo,ign,,,,,,,,,,,,,,,,,-,populacao_seade-sp_2000a2024,populacao_seade-sp_2000a2024_ign_2015.csv
2015,Aricanduva/Formosa/Carrão,ARICANDUVA_FORMOSA_CARRAO,Carrão,Carrao,ign,,,,,,,,,,,,,,,,,-,populacao_seade-sp_2000a2024,populacao_seade-sp_2000a2024_ign_2015.csv
2015,Casa Verde/Cachoeirinha,CASA_VERDE_CACHOEIRINHA,Casa Verde,Casa_Verde,ign,,,,,,,,,,,,,,,,,-,populacao_seade-sp_2000a2024,populacao_seade-sp_2000a2024_ign_2015.csv
2015,Cidade Ademar,CIDADE_ADEMAR,Cidade Ademar,Cidade_Ademar,ign,,,,,,,,,,,,,,,,,-,populacao_seade-sp_2000a2024,populacao_seade-sp_2000a2024_ign_2015.csv
2015,Capela do Socorro,CAPELA_DO_SOCORRO,Cidade Dutra,Cidade_Dutra,ign,,,,,,,,,,,,,,,,,-,populacao_seade-sp_2000a2024,populacao_seade-sp_2000a2024_ign_2015.csv
2015,Itaquera,ITAQUERA,Cidade Líder,Cidade_Lider,ign,,,,,,,,,,,,,,,,,-,populacao_seade-sp_2000a2024,populacao_seade-sp_2000a2024_ign_2015.csv
2015,Cidade Tiradentes,CIDADE_TIRADENTES,Cidade Tiradentes,Cidade_Tiradentes,ign,,,,,,,,,,,,,,,,,-,populacao_seade-sp_2000a2024,populacao_seade-sp_2000a2024_ign_2015.csv
2015,Sé,SE,Consolação,Consolacao,ign,,,,,,,,,,,,,,,,,-,populacao_seade-sp_2000a2024,populacao_seade-sp_2000a2024_ign_2015.csv
2015,Ipiranga,IPIRANGA,Cursino,Cursino,ign,,,,,,,,,,,,,,,,,-,populacao_seade-sp_2000a2024,populacao_seade-sp_2000a2024_ign_2015.csv
2015,Ermelino Matarazzo,ERMELINO_MATARAZZO,Ermelino Matarazzo,Ermelino_Matarazzo,ign,,,,,,,,,,,,,,,,,-,populacao_seade-sp_2000a2024,populacao_seade-sp_2000a2024_ign_2015.csv
2015,Freguesia/Brasilândia,FREGUESIA_BRASILANDIA,Freguesia do Ó,Freguesia_do_O,ign,,,,,,,,,,,,,,,,,-,populacao_seade-sp_2000a2024,populacao_seade-sp_2000a2024_ign_2015.csv
2015,Capela do Socorro,CAPELA_DO_SOCORRO,Grajaú,Grajau,ign,,,,,,,,,,,,,,,,,-,populacao_seade-sp_2000a2024,populacao_seade-sp_2000a2024_ign_2015.csv
2015,Guaianases,GUAIANASES,Guaianases,Guaianases,ign,,,,,,,,,,,,,,,,,-,populacao_seade-sp_2000a2024,populacao_seade-sp_2000a2024_ign_2015.csv
2015,São Mateus,SAO_MATEUS,Iguatemi,Iguatemi,ign,,,,,,,,,,,,,,,,,-,populacao_seade-sp_2000a2024,populacao_seade-sp_2000a2024_ign_2015.csv
2015,Ipiranga,IPIRANGA,Ipiranga,Ipiranga,ign,,,,,,,,,,,,,,,,,-,populacao_seade-sp_2000a2024,populacao_seade-sp_2000a2024_ign_2015.csv
2015,Pinheiros,PINHEIROS,Itaim Bibi,Itaim_Bibi,ign,,,,,,,,,,,,,,,,,-,populacao_seade-sp_2000a2024,populacao_seade-sp_2000a2024_ign_2015.csv
2015,Itaim Paulista,ITAIM_PAULISTA,Itaim Paulista,Itaim_Paulista,ign,,,,,,,,,,,,,,,,,-,populacao_seade-sp_2000a2024,populacao_seade-sp_2000a2024_ign_2015.csv
2015,Itaquera,ITAQUERA,Itaquera,Itaquera,ign,,,,,,,,,,,,,,,,,-,populacao_seade-sp_2000a2024,populacao_seade-sp_2000a2024_ign_2015.csv
2015,Jabaquara,JABAQUARA,Jabaquara,Jabaquara,ign,,,,,,,,,,,,,,,,,-,populacao_seade-sp_2000a2024,populacao_seade-sp_2000a2024_ign_2015.csv
2015,Jaçanã/Tremembé,JACANA_TREMEMBE,Jaçanã,Jacana,ign,,,,,,,,,,,,,,,,,-,populacao_seade-sp_2000a2024,populacao_seade-sp_2000a2024_ign_2015.csv
2015,Lapa,LAPA,Jaguara,Jaguara,ign,,,,,,,,,,,,,,,,,-,populacao_seade-sp_2000a2024,populacao_seade-sp_2000a2024_ign_2015.csv
2015,Lapa,LAPA,Jaguaré,Jaguare,ign,,,,,,,,,,,,,,,,,-,populacao_seade-sp_2000a2024,populacao_seade-sp_2000a2024_ign_2015.csv
2015,Pirituba/Jaraguá,PIRITUBA_JARAGUA,Jaraguá,Jaragua,ign,,,,,,,,,,,,,,,,,-,populacao_seade-sp_2000a2024,populacao_seade-sp_2000a2024_ign_2015.csv
2015,M'Boi Mirim,M_BOI_MIRIM,Jardim Ângela,Jardim_Angela,ign,,,,,,,,,,,,,,,,,-,populacao_seade-sp_2000a2024,populacao_seade-sp_2000a2024_ign_2015.csv
2015,São Miguel,SAO_MIGUEL,Jardim Helena,Jardim_Helena,ign,,,,,,,,,,,,,,,,,-,populacao_seade-sp_2000a2024,populacao_seade-sp_2000a2024_ign_2015.csv
2015,Pinheiros,PINHEIROS,Jardim Paulista,Jardim_Paulista,ign,,,,,,,,,,,,,,,,,-,populacao_seade-sp_2000a2024,populacao_seade-sp_2000a2024_ign_2015.csv
2015,M'Boi Mirim,M_BOI_MIRIM,Jardim São Luís,Jardim_Sao_Luis,ign,,,,,,,,,,,,,,,,,-,populacao_seade-sp_2000a2024,populacao_seade-sp_2000a2024_ign_2015.csv
2015,Itaquera,ITAQUERA,José Bonifácio,Jose_Bonifacio,ign,,,,,,,,,,,,,,,,,-,populacao_seade-sp_2000a2024,populacao_seade-sp_2000a2024_ign_2015.csv
2015,Guaianases,GUAIANASES,Lajeado,Lajeado,ign,,,,,,,,,,,,,,,,,-,populacao_seade-sp_2000a2024,populacao_seade-sp_2000a2024_ign_2015.csv
2015,Lapa,LAPA,Lapa,Lapa,ign,,,,,,,,,,,,,,,,,-,populacao_seade-sp_2000a2024,populacao_seade-sp_2000a2024_ign_2015.csv
2015,Sé,SE,Liberdade,Liberdade,ign,,,,,,,,,,,,,,,,,-,populacao_seade-sp_2000a2024,populacao_seade-sp_2000a2024_ign_2015.csv
2015,Casa Verde/Cachoeirinha,CASA_VERDE_CACHOEIRINHA,Limão,Limao,ign,,,,,,,,,,,,,,,,,-,populacao_seade-sp_2000a2024,populacao_seade-sp_2000a2024_ign_2015.csv
2015,Santana/Tucuruvi,SANTANA_TUCURUVI,Mandaqui,Mandaqui,ign,,,,,,,,,,,,,,,,,-,populacao_seade-sp_2000a2024,populacao_seade-sp_2000a2024_ign_2015.csv
2015,Parelheiros,PARELHEIROS,Marsilac,Marsilac,ign,,,,,,,,,,,,,,,,,-,populacao_seade-sp_2000a2024,populacao_seade-sp_2000a2024_ign_2015.csv
2015,Vila Mariana,VILA_MARIANA,Moema,Moema,ign,,,,,,,,,,,,,,,,,-,populacao_seade-sp_2000a2024,populacao_seade-sp_2000a2024_ign_2015.csv
2015,Mooca,MOOCA,Mooca,Mooca,ign,,,,,,,,,,,,,,,,,-,populacao_seade-sp_2000a2024,populacao_seade-sp_2000a2024_ign_2015.csv
2015,Butantã,BUTANTA,Morumbi,Morumbi,ign,,,,,,,,,,,,,,,,,-,populacao_seade-sp_2000a2024,populacao_seade-sp_2000a2024_ign_2015.csv
2015,Parelheiros,PARELHEIROS,Parelheiros,Parelheiros,ign,,,,,,,,,,,,,,,,,-,populacao_seade-sp_2000a2024,populacao_seade-sp_2000a2024_ign_2015.csv
2015,Mooca,MOOCA,Pari,Pari,ign,,,,,,,,,,,,,,,,,-,populacao_seade-sp_2000a2024,populacao_seade-sp_2000a2024_ign_2015.csv
2015,Itaquera,ITAQUERA,Parque do Carmo,Parque_do_Carmo,ign,,,,,,,,,,,,,,,,,-,populacao_seade-sp_2000a2024,populacao_seade-sp_2000a2024_ign_2015.csv
2015,Cidade Ademar,CIDADE_ADEMAR,Pedreira,Pedreira,ign,,,,,,,,,,,,,,,,,-,populacao_seade-sp_2000a2024,populacao_seade-sp_2000a2024_ign_2015.csv
2015,Penha,PENHA,Penha,Penha,ign,,,,,,,,,,,,,,,,,-,populacao_seade-sp_2000a2024,populacao_seade-sp_2000a2024_ign_2015.csv
2015,Lapa,LAPA,Perdizes,Perdizes,ign,,,,,,,,,,,,,,,,,-,populacao_seade-sp_2000a2024,populacao_seade-sp_2000a2024_ign_2015.csv
2015,Perus,PERUS,Perus,Perus,ign,,,,,,,,,,,,,,,,,-,populacao_seade-sp_2000a2024,populacao_seade-sp_2000a2024_ign_2015.csv
2015,Pinheiros,PINHEIROS,Pinheiros,Pinheiros,ign,,,,,,,,,,,,,,,,,-,populacao_seade-sp_2000a2024,populacao_seade-sp_2000a2024_ign_2015.csv
2015,Pirituba/Jaraguá,PIRITUBA_JARAGUA,Pirituba,Pirituba,ign,,,,,,,,,,,,,,,,,-,populacao_seade-sp_2000a2024,populacao_seade-sp_2000a2024_ign_2015.csv
2015,Ermelino Matarazzo,ERMELINO_MATARAZZO,Ponte Rasa,Ponte_Rasa,ign,,,,,,,,,,,,,,,,,-,populacao_seade-sp_2000a2024,populacao_seade-sp_2000a2024_ign_2015.csv
2015,Butantã,BUTANTA,Raposo Tavares,Raposo_Tavares,ign,,,,,,,,,,,,,,,,,-,populacao_seade-sp_2000a2024,populacao_seade-sp_2000a2024_ign_2015.csv
2015,Sé,SE,República,Republica,ign,,,,,,,,,,,,,,,,,-,populacao_seade-sp_2000a2024,populacao_seade-sp_2000a2024_ign_2015.csv
2015,Butantã,BUTANTA,Rio Pequeno,Rio_Pequeno,ign,,,,,,,,,,,,,,,,,-,populacao_seade-sp_2000a2024,populacao_seade-sp_2000a2024_ign_2015.csv
2015,Ipiranga,IPIRANGA,Sacomã,Sacoma,ign,,,,,,,,,,,,,,,,,-,populacao_seade-sp_2000a2024,populacao_seade-sp_2000a2024_ign_2015.csv
2015,Sé,SE,Santa Cecília,Santa_Cecilia,ign,,,,,,,,,,,,,,,,,-,populacao_seade-sp_2000a2024,populacao_seade-sp_2000a2024_ign_2015.csv
2015,Santana/Tucuruvi,SANTANA_TUCURUVI,Santana,Santana,ign,,,,,,,,,,,,,,,,,-,populacao_seade-sp_2000a2024,populacao_seade-sp_2000a2024_ign_2015.csv
2015,Santo Amaro,SANTO_AMARO,Santo Amaro,Santo_Amaro,ign,,,,,,,,,,,,,,,,,-,populacao_seade-sp_2000a2024,populacao_seade-sp_2000a2024_ign_2015.csv
2015,Pirituba/Jaraguá,PIRITUBA_JARAGUA,São Domingos,Sao_Domingos,ign,,,,,,,,,,,,,,,,,-,populacao_seade-sp_2000a2024,populacao_seade-sp_2000a2024_ign_2015.csv
2015,Vila Prudente,VILA_PRUDENTE,São Lucas,Sao_Lucas,ign,,,,,,,,,,,,,,,,,-,populacao_seade-sp_2000a2024,populacao_seade-sp_2000a2024_ign_2015.csv
2015,São Mateus,SAO_MATEUS,São Mateus,Sao_Mateus,ign,,,,,,,,,,,,,,,,,-,populacao_seade-sp_2000a2024,populacao_seade-sp_2000a2024_ign_2015.csv
2015,São Miguel,SAO_MIGUEL,São Miguel,Sao_Miguel,ign,,,,,,,,,,,,,,,,,-,populacao_seade-sp_2000a2024,populacao_seade-sp_2000a2024_ign_2015.csv
2015,São Mateus,SAO_MATEUS,São Rafael,Sao_Rafael,ign,,,,,,,,,,,,,,,,,-,populacao_seade-sp_2000a2024,populacao_seade-sp_2000a2024_ign_2015.csv
2015,Sapopemba,SAPOPEMBA,Sapopemba,Sapopemba,ign,,,,,,,,,,,,,,,,,-,populacao_seade-sp_2000a2024,populacao_seade-sp_2000a2024_ign_2015.csv
2015,Vila Mariana,VILA_MARIANA,Saúde,Saude,ign,,,,,,,,,,,,,,,,,-,populacao_seade-sp_2000a2024,populacao_seade-sp_2000a2024_ign_2015.csv
2015,Sé,SE,Sé,Se,ign,,,,,,,,,,,,,,,,,-,populacao_seade-sp_2000a2024,populacao_seade-sp_2000a2024_ign_2015.csv
2015,Capela do Socorro,CAPELA_DO_SOCORRO,Socorro,Socorro,ign,,,,,,,,,,,,,,,,,-,populacao_seade-sp_2000a2024,populacao_seade-sp_2000a2024_ign_2015.csv
2015,Mooca,MOOCA,Tatuapé,Tatuape,ign,,,,,,,,,,,,,,,,,-,populacao_seade-sp_2000a2024,populacao_seade-sp_2000a2024_ign_2015.csv
2015,Jaçanã/Tremembé,JACANA_TREMEMBE,Tremembé,Tremembe,ign,,,,,,,,,,,,,,,,,-,populacao_seade-sp_2000a2024,populacao_seade-sp_2000a2024_ign_2015.csv
2015,Santana/Tucuruvi,SANTANA_TUCURUVI,Tucuruvi,Tucuruvi,ign,,,,,,,,,,,,,,,,,-,populacao_seade-sp_2000a2024,populacao_seade-sp_2000a2024_ign_2015.csv
2015,Campo Limpo,CAMPO_LIMPO,Vila Andrade,Vila_Andrade,ign,,,,,,,,,,,,,,,,,-,populacao_seade-sp_2000a2024,populacao_seade-sp_2000a2024_ign_2015.csv
2015,Itaim Paulista,ITAIM_PAULISTA,Vila Curuçá,Vila_Curuca,ign,,,,,,,,,,,,,,,,,-,populacao_seade-sp_2000a2024,populacao_seade-sp_2000a2024_ign_2015.csv
2015,Aricanduva/Formosa/Carrão,ARICANDUVA_FORMOSA_CARRAO,Vila Formosa,Vila_Formosa,ign,,,,,,,,,,,,,,,,,-,populacao_seade-sp_2000a2024,populacao_seade-sp_2000a2024_ign_2015.csv
2015,Vila Maria/Vila Guilherme,VILA_MARIA_VILA_GUILHERME,Vila Guilherme,Vila_Guilherme,ign,,,,,,,,,,,,,,,,,-,populacao_seade-sp_2000a2024,populacao_seade-sp_2000a2024_ign_2015.csv
2015,São Miguel,SAO_MIGUEL,Vila Jacuí,Vila_Jacui,ign,,,,,,,,,,,,,,,,,-,populacao_seade-sp_2000a2024,populacao_seade-sp_2000a2024_ign_2015.csv
2015,Lapa,LAPA,Vila Leopoldina,Vila_Leopoldina,ign,,,,,,,,,,,,,,,,,-,populacao_seade-sp_2000a2024,populacao_seade-sp_2000a2024_ign_2015.csv
2015,Vila Maria/Vila Guilherme,VILA_MARIA_VILA_GUILHERME,Vila Maria,Vila_Maria,ign,,,,,,,,,,,,,,,,,-,populacao_seade-sp_2000a2024,populacao_seade-sp_2000a2024_ign_2015.csv
2015,Vila Mariana,VILA_MARIANA,Vila Mariana,Vila_Mariana,ign,,,,,,,,,,,,,,,,,-,populacao_seade-sp_2000a2024,populacao_seade-sp_2000a2024_ign_2015.csv
2015,Penha,PENHA,Vila Matilde,Vila_Matilde,ign,,,,,,,,,,,,,,,,,-,populacao_seade-sp_2000a2024,populacao_seade-sp_2000a2024_ign_2015.csv
2015,Vila Maria/Vila Guilherme,VILA_MARIA_VILA_GUILHERME,Vila Medeiros,Vila_Medeiros,ign,,,,,,,,,,,,,,,,,-,populacao_seade-sp_2000a2024,populacao_seade-sp_2000a2024_ign_2015.csv
2015,Vila Prudente,VILA_PRUDENTE,Vila Prudente,Vila_Prudente,ign,,,,,,,,,,,,,,,,,-,populacao_seade-sp_2000a2024,populacao_seade-sp_2000a2024_ign_2015.csv
2015,Butantã,BUTANTA,Vila Sônia,Vila_Sonia,ign,,,,,,,,,,,,,,,,,-,populacao_seade-sp_2000a2024,populacao_seade-sp_2000a2024_ign_2015.csv
2015,,NAO_IDENTIFICADO,Ignorado,Ignorado,ign,,,,,,,,,,,,,,,,,-,populacao_seade-sp_2000a2024,populacao_seade-sp_2000a2024_ign_2015.csv
2016,Mooca,MOOCA,Água Rasa,Agua_Rasa,ign,,,,,,,,,,,,,,,,,-,populacao_seade-sp_2000a2024,populacao_seade-sp_2000a2024_ign_2016.csv
2016,Pinheiros,PINHEIROS,Alto de Pinheiros,Alto_de_Pinheiros,ign,,,,,,,,,,,,,,,,,-,populacao_seade-sp_2000a2024,populacao_seade-sp_2000a2024_ign_2016.csv
2016,Perus,PERUS,Anhanguera,Anhanguera,ign,,,,,,,,,,,,,,,,,-,populacao_seade-sp_2000a2024,populacao_seade-sp_2000a2024_ign_2016.csv
2016,Aricanduva/Formosa/Carrão,ARICANDUVA_FORMOSA_CARRAO,Aricanduva,Aricanduva,ign,,,,,,,,,,,,,,,,,-,populacao_seade-sp_2000a2024,populacao_seade-sp_2000a2024_ign_2016.csv
2016,Penha,PENHA,Artur Alvim,Artur_Alvim,ign,,,,,,,,,,,,,,,,,-,populacao_seade-sp_2000a2024,populacao_seade-sp_2000a2024_ign_2016.csv
2016,Lapa,LAPA,Barra Funda,Barra_Funda,ign,,,,,,,,,,,,,,,,,-,populacao_seade-sp_2000a2024,populacao_seade-sp_2000a2024_ign_2016.csv
2016,Sé,SE,Bela Vista,Bela_Vista,ign,,,,,,,,,,,,,,,,,-,populacao_seade-sp_2000a2024,populacao_seade-sp_2000a2024_ign_2016.csv
2016,Mooca,MOOCA,Belém,Belem,ign,,,,,,,,,,,,,,,,,-,populacao_seade-sp_2000a2024,populacao_seade-sp_2000a2024_ign_2016.csv
2016,Sé,SE,Bom Retiro,Bom_Retiro,ign,,,,,,,,,,,,,,,,,-,populacao_seade-sp_2000a2024,populacao_seade-sp_2000a2024_ign_2016.csv
2016,Mooca,MOOCA,Brás,Bras,ign,,,,,,,,,,,,,,,,,-,populacao_seade-sp_2000a2024,populacao_seade-sp_2000a2024_ign_2016.csv
2016,Freguesia/Brasilândia,FREGUESIA_BRASILANDIA,Brasilândia,Brasilandia,ign,,,,,,,,,,,,,,,,,-,populacao_seade-sp_2000a2024,populacao_seade-sp_2000a2024_ign_2016.csv
2016,Butantã,BUTANTA,Butantã,Butanta,ign,,,,,,,,,,,,,,,,,-,populacao_seade-sp_2000a2024,populacao_seade-sp_2000a2024_ign_2016.csv
2016,Casa Verde/Cachoeirinha,CASA_VERDE_CACHOEIRINHA,Cachoeirinha,Cachoeirinha,ign,,,,,,,,,,,,,,,,,-,populacao_seade-sp_2000a2024,populacao_seade-sp_2000a2024_ign_2016.csv
2016,Sé,SE,Cambuci,Cambuci,ign,,,,,,,,,,,,,,,,,-,populacao_seade-sp_2000a2024,populacao_seade-sp_2000a2024_ign_2016.csv
2016,Santo Amaro,SANTO_AMARO,Campo Belo,Campo_Belo,ign,,,,,,,,,,,,,,,,,-,populacao_seade-sp_2000a2024,populacao_seade-sp_2000a2024_ign_2016.csv
2016,Santo Amaro,SANTO_AMARO,Campo Grande,Campo_Grande,ign,,,,,,,,,,,,,,,,,-,populacao_seade-sp_2000a2024,populacao_seade-sp_2000a2024_ign_2016.csv
2016,Campo Limpo,CAMPO_LIMPO,Campo Limpo,Campo_Limpo,ign,,,,,,,,,,,,,,,,,-,populacao_seade-sp_2000a2024,populacao_seade-sp_2000a2024_ign_2016.csv
2016,Penha,PENHA,Cangaíba,Cangaiba,ign,,,,,,,,,,,,,,,,,-,populacao_seade-sp_2000a2024,populacao_seade-sp_2000a2024_ign_2016.csv
2016,Campo Limpo,CAMPO_LIMPO,Capão Redondo,Capao_Redondo,ign,,,,,,,,,,,,,,,,,-,populacao_seade-sp_2000a2024,populacao_seade-sp_2000a2024_ign_2016.csv
2016,Aricanduva/Formosa/Carrão,ARICANDUVA_FORMOSA_CARRAO,Carrão,Carrao,ign,,,,,,,,,,,,,,,,,-,populacao_seade-sp_2000a2024,populacao_seade-sp_2000a2024_ign_2016.csv
2016,Casa Verde/Cachoeirinha,CASA_VERDE_CACHOEIRINHA,Casa Verde,Casa_Verde,ign,,,,,,,,,,,,,,,,,-,populacao_seade-sp_2000a2024,populacao_seade-sp_2000a2024_ign_2016.csv
2016,Cidade Ademar,CIDADE_ADEMAR,Cidade Ademar,Cidade_Ademar,ign,,,,,,,,,,,,,,,,,-,populacao_seade-sp_2000a2024,populacao_seade-sp_2000a2024_ign_2016.csv
2016,Capela do Socorro,CAPELA_DO_SOCORRO,Cidade Dutra,Cidade_Dutra,ign,,,,,,,,,,,,,,,,,-,populacao_seade-sp_2000a2024,populacao_seade-sp_2000a2024_ign_2016.csv
2016,Itaquera,ITAQUERA,Cidade Líder,Cidade_Lider,ign,,,,,,,,,,,,,,,,,-,populacao_seade-sp_2000a2024,populacao_seade-sp_2000a2024_ign_2016.csv
2016,Cidade Tiradentes,CIDADE_TIRADENTES,Cidade Tiradentes,Cidade_Tiradentes,ign,,,,,,,,,,,,,,,,,-,populacao_seade-sp_2000a2024,populacao_seade-sp_2000a2024_ign_2016.csv
2016,Sé,SE,Consolação,Consolacao,ign,,,,,,,,,,,,,,,,,-,populacao_seade-sp_2000a2024,populacao_seade-sp_2000a2024_ign_2016.csv
2016,Ipiranga,IPIRANGA,Cursino,Cursino,ign,,,,,,,,,,,,,,,,,-,populacao_seade-sp_2000a2024,populacao_seade-sp_2000a2024_ign_2016.csv
2016,Ermelino Matarazzo,ERMELINO_MATARAZZO,Ermelino Matarazzo,Ermelino_Matarazzo,ign,,,,,,,,,,,,,,,,,-,populacao_seade-sp_2000a2024,populacao_seade-sp_2000a2024_ign_2016.csv
2016,Freguesia/Brasilândia,FREGUESIA_BRASILANDIA,Freguesia do Ó,Freguesia_do_O,ign,,,,,,,,,,,,,,,,,-,populacao_seade-sp_2000a2024,populacao_seade-sp_2000a2024_ign_2016.csv
2016,Capela do Socorro,CAPELA_DO_SOCORRO,Grajaú,Grajau,ign,,,,,,,,,,,,,,,,,-,populacao_seade-sp_2000a2024,populacao_seade-sp_2000a2024_ign_2016.csv
2016,Guaianases,GUAIANASES,Guaianases,Guaianases,ign,,,,,,,,,,,,,,,,,-,populacao_seade-sp_2000a2024,populacao_seade-sp_2000a2024_ign_2016.csv
2016,São Mateus,SAO_MATEUS,Iguatemi,Iguatemi,ign,,,,,,,,,,,,,,,,,-,populacao_seade-sp_2000a2024,populacao_seade-sp_2000a2024_ign_2016.csv
2016,Ipiranga,IPIRANGA,Ipiranga,Ipiranga,ign,,,,,,,,,,,,,,,,,-,populacao_seade-sp_2000a2024,populacao_seade-sp_2000a2024_ign_2016.csv
2016,Pinheiros,PINHEIROS,Itaim Bibi,Itaim_Bibi,ign,,,,,,,,,,,,,,,,,-,populacao_seade-sp_2000a2024,populacao_seade-sp_2000a2024_ign_2016.csv
2016,Itaim Paulista,ITAIM_PAULISTA,Itaim Paulista,Itaim_Paulista,ign,,,,,,,,,,,,,,,,,-,populacao_seade-sp_2000a2024,populacao_seade-sp_2000a2024_ign_2016.csv
2016,Itaquera,ITAQUERA,Itaquera,Itaquera,ign,,,,,,,,,,,,,,,,,-,populacao_seade-sp_2000a2024,populacao_seade-sp_2000a2024_ign_2016.csv
2016,Jabaquara,JABAQUARA,Jabaquara,Jabaquara,ign,,,,,,,,,,,,,,,,,-,populacao_seade-sp_2000a2024,populacao_seade-sp_2000a2024_ign_2016.csv
2016,Jaçanã/Tremembé,JACANA_TREMEMBE,Jaçanã,Jacana,ign,,,,,,,,,,,,,,,,,-,populacao_seade-sp_2000a2024,populacao_seade-sp_2000a2024_ign_2016.csv
2016,Lapa,LAPA,Jaguara,Jaguara,ign,,,,,,,,,,,,,,,,,-,populacao_seade-sp_2000a2024,populacao_seade-sp_2000a2024_ign_2016.csv
2016,Lapa,LAPA,Jaguaré,Jaguare,ign,,,,,,,,,,,,,,,,,-,populacao_seade-sp_2000a2024,populacao_seade-sp_2000a2024_ign_2016.csv
2016,Pirituba/Jaraguá,PIRITUBA_JARAGUA,Jaraguá,Jaragua,ign,,,,,,,,,,,,,,,,,-,populacao_seade-sp_2000a2024,populacao_seade-sp_2000a2024_ign_2016.csv
2016,M'Boi Mirim,M_BOI_MIRIM,Jardim Ângela,Jardim_Angela,ign,,,,,,,,,,,,,,,,,-,populacao_seade-sp_2000a2024,populacao_seade-sp_2000a2024_ign_2016.csv
2016,São Miguel,SAO_MIGUEL,Jardim Helena,Jardim_Helena,ign,,,,,,,,,,,,,,,,,-,populacao_seade-sp_2000a2024,populacao_seade-sp_2000a2024_ign_2016.csv
2016,Pinheiros,PINHEIROS,Jardim Paulista,Jardim_Paulista,ign,,,,,,,,,,,,,,,,,-,populacao_seade-sp_2000a2024,populacao_seade-sp_2000a2024_ign_2016.csv
2016,M'Boi Mirim,M_BOI_MIRIM,Jardim São Luís,Jardim_Sao_Luis,ign,,,,,,,,,,,,,,,,,-,populacao_seade-sp_2000a2024,populacao_seade-sp_2000a2024_ign_2016.csv
2016,Itaquera,ITAQUERA,José Bonifácio,Jose_Bonifacio,ign,,,,,,,,,,,,,,,,,-,populacao_seade-sp_2000a2024,populacao_seade-sp_2000a2024_ign_2016.csv
2016,Guaianases,GUAIANASES,Lajeado,Lajeado,ign,,,,,,,,,,,,,,,,,-,populacao_seade-sp_2000a2024,populacao_seade-sp_2000a2024_ign_2016.csv
2016,Lapa,LAPA,Lapa,Lapa,ign,,,,,,,,,,,,,,,,,-,populacao_seade-sp_2000a2024,populacao_seade-sp_2000a2024_ign_2016.csv
2016,Sé,SE,Liberdade,Liberdade,ign,,,,,,,,,,,,,,,,,-,populacao_seade-sp_2000a2024,populacao_seade-sp_2000a2024_ign_2016.csv
2016,Casa Verde/Cachoeirinha,CASA_VERDE_CACHOEIRINHA,Limão,Limao,ign,,,,,,,,,,,,,,,,,-,populacao_seade-sp_2000a2024,populacao_seade-sp_2000a2024_ign_2016.csv
2016,Santana/Tucuruvi,SANTANA_TUCURUVI,Mandaqui,Mandaqui,ign,,,,,,,,,,,,,,,,,-,populacao_seade-sp_2000a2024,populacao_seade-sp_2000a2024_ign_2016.csv
2016,Parelheiros,PARELHEIROS,Marsilac,Marsilac,ign,,,,,,,,,,,,,,,,,-,populacao_seade-sp_2000a2024,populacao_seade-sp_2000a2024_ign_2016.csv
2016,Vila Mariana,VILA_MARIANA,Moema,Moema,ign,,,,,,,,,,,,,,,,,-,populacao_seade-sp_2000a2024,populacao_seade-sp_2000a2024_ign_2016.csv
2016,Mooca,MOOCA,Mooca,Mooca,ign,,,,,,,,,,,,,,,,,-,populacao_seade-sp_2000a2024,populacao_seade-sp_2000a2024_ign_2016.csv
2016,Butantã,BUTANTA,Morumbi,Morumbi,ign,,,,,,,,,,,,,,,,,-,populacao_seade-sp_2000a2024,populacao_seade-sp_2000a2024_ign_2016.csv
2016,Parelheiros,PARELHEIROS,Parelheiros,Parelheiros,ign,,,,,,,,,,,,,,,,,-,populacao_seade-sp_2000a2024,populacao_seade-sp_2000a2024_ign_2016.csv
2016,Mooca,MOOCA,Pari,Pari,ign,,,,,,,,,,,,,,,,,-,populacao_seade-sp_2000a2024,populacao_seade-sp_2000a2024_ign_2016.csv
2016,Itaquera,ITAQUERA,Parque do Carmo,Parque_do_Carmo,ign,,,,,,,,,,,,,,,,,-,populacao_seade-sp_2000a2024,populacao_seade-sp_2000a2024_ign_2016.csv
2016,Cidade Ademar,CIDADE_ADEMAR,Pedreira,Pedreira,ign,,,,,,,,,,,,,,,,,-,populacao_seade-sp_2000a2024,populacao_seade-sp_2000a2024_ign_2016.csv
2016,Penha,PENHA,Penha,Penha,ign,,,,,,,,,,,,,,,,,-,populacao_seade-sp_2000a2024,populacao_seade-sp_2000a2024_ign_2016.csv
2016,Lapa,LAPA,Perdizes,Perdizes,ign,,,,,,,,,,,,,,,,,-,populacao_seade-sp_2000a2024,populacao_seade-sp_2000a2024_ign_2016.csv
2016,Perus,PERUS,Perus,Perus,ign,,,,,,,,,,,,,,,,,-,populacao_seade-sp_2000a2024,populacao_seade-sp_2000a2024_ign_2016.csv
2016,Pinheiros,PINHEIROS,Pinheiros,Pinheiros,ign,,,,,,,,,,,,,,,,,-,populacao_seade-sp_2000a2024,populacao_seade-sp_2000a2024_ign_2016.csv
2016,Pirituba/Jaraguá,PIRITUBA_JARAGUA,Pirituba,Pirituba,ign,,,,,,,,,,,,,,,,,-,populacao_seade-sp_2000a2024,populacao_seade-sp_2000a2024_ign_2016.csv
2016,Ermelino Matarazzo,ERMELINO_MATARAZZO,Ponte Rasa,Ponte_Rasa,ign,,,,,,,,,,,,,,,,,-,populacao_seade-sp_2000a2024,populacao_seade-sp_2000a2024_ign_2016.csv
2016,Butantã,BUTANTA,Raposo Tavares,Raposo_Tavares,ign,,,,,,,,,,,,,,,,,-,populacao_seade-sp_2000a2024,populacao_seade-sp_2000a2024_ign_2016.csv
2016,Sé,SE,República,Republica,ign,,,,,,,,,,,,,,,,,-,populacao_seade-sp_2000a2024,populacao_seade-sp_2000a2024_ign_2016.csv
2016,Butantã,BUTANTA,Rio Pequeno,Rio_Pequeno,ign,,,,,,,,,,,,,,,,,-,populacao_seade-sp_2000a2024,populacao_seade-sp_2000a2024_ign_2016.csv
2016,Ipiranga,IPIRANGA,Sacomã,Sacoma,ign,,,,,,,,,,,,,,,,,-,populacao_seade-sp_2000a2024,populacao_seade-sp_2000a2024_ign_2016.csv
2016,Sé,SE,Santa Cecília,Santa_Cecilia,ign,,,,,,,,,,,,,,,,,-,populacao_seade-sp_2000a2024,populacao_seade-sp_2000a2024_ign_2016.csv
2016,Santana/Tucuruvi,SANTANA_TUCURUVI,Santana,Santana,ign,,,,,,,,,,,,,,,,,-,populacao_seade-sp_2000a2024,populacao_seade-sp_2000a2024_ign_2016.csv
2016,Santo Amaro,SANTO_AMARO,Santo Amaro,Santo_Amaro,ign,,,,,,,,,,,,,,,,,-,populacao_seade-sp_2000a2024,populacao_seade-sp_2000a2024_ign_2016.csv
2016,Pirituba/Jaraguá,PIRITUBA_JARAGUA,São Domingos,Sao_Domingos,ign,,,,,,,,,,,,,,,,,-,populacao_seade-sp_2000a2024,populacao_seade-sp_2000a2024_ign_2016.csv
2016,Vila Prudente,VILA_PRUDENTE,São Lucas,Sao_Lucas,ign,,,,,,,,,,,,,,,,,-,populacao_seade-sp_2000a2024,populacao_seade-sp_2000a2024_ign_2016.csv
2016,São Mateus,SAO_MATEUS,São Mateus,Sao_Mateus,ign,,,,,,,,,,,,,,,,,-,populacao_seade-sp_2000a2024,populacao_seade-sp_2000a2024_ign_2016.csv
2016,São Miguel,SAO_MIGUEL,São Miguel,Sao_Miguel,ign,,,,,,,,,,,,,,,,,-,populacao_seade-sp_2000a2024,populacao_seade-sp_2000a2024_ign_2016.csv
2016,São Mateus,SAO_MATEUS,São Rafael,Sao_Rafael,ign,,,,,,,,,,,,,,,,,-,populacao_seade-sp_2000a2024,populacao_seade-sp_2000a2024_ign_2016.csv
2016,Sapopemba,SAPOPEMBA,Sapopemba,Sapopemba,ign,,,,,,,,,,,,,,,,,-,populacao_seade-sp_2000a2024,populacao_seade-sp_2000a2024_ign_2016.csv
2016,Vila Mariana,VILA_MARIANA,Saúde,Saude,ign,,,,,,,,,,,,,,,,,-,populacao_seade-sp_2000a2024,populacao_seade-sp_2000a2024_ign_2016.csv
2016,Sé,SE,Sé,Se,ign,,,,,,,,,,,,,,,,,-,populacao_seade-sp_2000a2024,populacao_seade-sp_2000a2024_ign_2016.csv
2016,Capela do Socorro,CAPELA_DO_SOCORRO,Socorro,Socorro,ign,,,,,,,,,,,,,,,,,-,populacao_seade-sp_2000a2024,populacao_seade-sp_2000a2024_ign_2016.csv
2016,Mooca,MOOCA,Tatuapé,Tatuape,ign,,,,,,,,,,,,,,,,,-,populacao_seade-sp_2000a2024,populacao_seade-sp_2000a2024_ign_2016.csv
2016,Jaçanã/Tremembé,JACANA_TREMEMBE,Tremembé,Tremembe,ign,,,,,,,,,,,,,,,,,-,populacao_seade-sp_2000a2024,populacao_seade-sp_2000a2024_ign_2016.csv
2016,Santana/Tucuruvi,SANTANA_TUCURUVI,Tucuruvi,Tucuruvi,ign,,,,,,,,,,,,,,,,,-,populacao_seade-sp_2000a2024,populacao_seade-sp_2000a2024_ign_2016.csv
2016,Campo Limpo,CAMPO_LIMPO,Vila Andrade,Vila_Andrade,ign,,,,,,,,,,,,,,,,,-,populacao_seade-sp_2000a2024,populacao_seade-sp_2000a2024_ign_2016.csv
2016,Itaim Paulista,ITAIM_PAULISTA,Vila Curuçá,Vila_Curuca,ign,,,,,,,,,,,,,,,,,-,populacao_seade-sp_2000a2024,populacao_seade-sp_2000a2024_ign_2016.csv
2016,Aricanduva/Formosa/Carrão,ARICANDUVA_FORMOSA_CARRAO,Vila Formosa,Vila_Formosa,ign,,,,,,,,,,,,,,,,,-,populacao_seade-sp_2000a2024,populacao_seade-sp_2000a2024_ign_2016.csv
2016,Vila Maria/Vila Guilherme,VILA_MARIA_VILA_GUILHERME,Vila Guilherme,Vila_Guilherme,ign,,,,,,,,,,,,,,,,,-,populacao_seade-sp_2000a2024,populacao_seade-sp_2000a2024_ign_2016.csv
2016,São Miguel,SAO_MIGUEL,Vila Jacuí,Vila_Jacui,ign,,,,,,,,,,,,,,,,,-,populacao_seade-sp_2000a2024,populacao_seade-sp_2000a2024_ign_2016.csv
2016,Lapa,LAPA,Vila Leopoldina,Vila_Leopoldina,ign,,,,,,,,,,,,,,,,,-,populacao_seade-sp_2000a2024,populacao_seade-sp_2000a2024_ign_2016.csv
2016,Vila Maria/Vila Guilherme,VILA_MARIA_VILA_GUILHERME,Vila Maria,Vila_Maria,ign,,,,,,,,,,,,,,,,,-,populacao_seade-sp_2000a2024,populacao_seade-sp_2000a2024_ign_2016.csv
2016,Vila Mariana,VILA_MARIANA,Vila Mariana,Vila_Mariana,ign,,,,,,,,,,,,,,,,,-,populacao_seade-sp_2000a2024,populacao_seade-sp_2000a2024_ign_2016.csv
2016,Penha,PENHA,Vila Matilde,Vila_Matilde,ign,,,,,,,,,,,,,,,,,-,populacao_seade-sp_2000a2024,populacao_seade-sp_2000a2024_ign_2016.csv
2016,Vila Maria/Vila Guilherme,VILA_MARIA_VILA_GUILHERME,Vila Medeiros,Vila_Medeiros,ign,,,,,,,,,,,,,,,,,-,populacao_seade-sp_2000a2024,populacao_seade-sp_2000a2024_ign_2016.csv
2016,Vila Prudente,VILA_PRUDENTE,Vila Prudente,Vila_Prudente,ign,,,,,,,,,,,,,,,,,-,populacao_seade-sp_2000a2024,populacao_seade-sp_2000a2024_ign_2016.csv
2016,Butantã,BUTANTA,Vila Sônia,Vila_Sonia,ign,,,,,,,,,,,,,,,,,-,populacao_seade-sp_2000a2024,populacao_seade-sp_2000a2024_ign_2016.csv
2016,,NAO_IDENTIFICADO,Ignorado,Ignorado,ign,,,,,,,,,,,,,,,,,-,populacao_seade-sp_2000a2024,populacao_seade-sp_2000a2024_ign_2016.csv
2017,Mooca,MOOCA,Água Rasa,Agua_Rasa,ign,,,,,,,,,,,,,,,,,-,populacao_seade-sp_2000a2024,populacao_seade-sp_2000a2024_ign_2017.csv
2017,Pinheiros,PINHEIROS,Alto de Pinheiros,Alto_de_Pinheiros,ign,,,,,,,,,,,,,,,,,-,populacao_seade-sp_2000a2024,populacao_seade-sp_2000a2024_ign_2017.csv
2017,Perus,PERUS,Anhanguera,Anhanguera,ign,,,,,,,,,,,,,,,,,-,populacao_seade-sp_2000a2024,populacao_seade-sp_2000a2024_ign_2017.csv
2017,Aricanduva/Formosa/Carrão,ARICANDUVA_FORMOSA_CARRAO,Aricanduva,Aricanduva,ign,,,,,,,,,,,,,,,,,-,populacao_seade-sp_2000a2024,populacao_seade-sp_2000a2024_ign_2017.csv
2017,Penha,PENHA,Artur Alvim,Artur_Alvim,ign,,,,,,,,,,,,,,,,,-,populacao_seade-sp_2000a2024,populacao_seade-sp_2000a2024_ign_2017.csv
2017,Lapa,LAPA,Barra Funda,Barra_Funda,ign,,,,,,,,,,,,,,,,,-,populacao_seade-sp_2000a2024,populacao_seade-sp_2000a2024_ign_2017.csv
2017,Sé,SE,Bela Vista,Bela_Vista,ign,,,,,,,,,,,,,,,,,-,populacao_seade-sp_2000a2024,populacao_seade-sp_2000a2024_ign_2017.csv
2017,Mooca,MOOCA,Belém,Belem,ign,,,,,,,,,,,,,,,,,-,populacao_seade-sp_2000a2024,populacao_seade-sp_2000a2024_ign_2017.csv
2017,Sé,SE,Bom Retiro,Bom_Retiro,ign,,,,,,,,,,,,,,,,,-,populacao_seade-sp_2000a2024,populacao_seade-sp_2000a2024_ign_2017.csv
2017,Mooca,MOOCA,Brás,Bras,ign,,,,,,,,,,,,,,,,,-,populacao_seade-sp_2000a2024,populacao_seade-sp_2000a2024_ign_2017.csv
2017,Freguesia/Brasilândia,FREGUESIA_BRASILANDIA,Brasilândia,Brasilandia,ign,,,,,,,,,,,,,,,,,-,populacao_seade-sp_2000a2024,populacao_seade-sp_2000a2024_ign_2017.csv
2017,Butantã,BUTANTA,Butantã,Butanta,ign,,,,,,,,,,,,,,,,,-,populacao_seade-sp_2000a2024,populacao_seade-sp_2000a2024_ign_2017.csv
2017,Casa Verde/Cachoeirinha,CASA_VERDE_CACHOEIRINHA,Cachoeirinha,Cachoeirinha,ign,,,,,,,,,,,,,,,,,-,populacao_seade-sp_2000a2024,populacao_seade-sp_2000a2024_ign_2017.csv
2017,Sé,SE,Cambuci,Cambuci,ign,,,,,,,,,,,,,,,,,-,populacao_seade-sp_2000a2024,populacao_seade-sp_2000a2024_ign_2017.csv
2017,Santo Amaro,SANTO_AMARO,Campo Belo,Campo_Belo,ign,,,,,,,,,,,,,,,,,-,populacao_seade-sp_2000a2024,populacao_seade-sp_2000a2024_ign_2017.csv
2017,Santo Amaro,SANTO_AMARO,Campo Grande,Campo_Grande,ign,,,,,,,,,,,,,,,,,-,populacao_seade-sp_2000a2024,populacao_seade-sp_2000a2024_ign_2017.csv
2017,Campo Limpo,CAMPO_LIMPO,Campo Limpo,Campo_Limpo,ign,,,,,,,,,,,,,,,,,-,populacao_seade-sp_2000a2024,populacao_seade-sp_2000a2024_ign_2017.csv
2017,Penha,PENHA,Cangaíba,Cangaiba,ign,,,,,,,,,,,,,,,,,-,populacao_seade-sp_2000a2024,populacao_seade-sp_2000a2024_ign_2017.csv
2017,Campo Limpo,CAMPO_LIMPO,Capão Redondo,Capao_Redondo,ign,,,,,,,,,,,,,,,,,-,populacao_seade-sp_2000a2024,populacao_seade-sp_2000a2024_ign_2017.csv
2017,Aricanduva/Formosa/Carrão,ARICANDUVA_FORMOSA_CARRAO,Carrão,Carrao,ign,,,,,,,,,,,,,,,,,-,populacao_seade-sp_2000a2024,populacao_seade-sp_2000a2024_ign_2017.csv
2017,Casa Verde/Cachoeirinha,CASA_VERDE_CACHOEIRINHA,Casa Verde,Casa_Verde,ign,,,,,,,,,,,,,,,,,-,populacao_seade-sp_2000a2024,populacao_seade-sp_2000a2024_ign_2017.csv
2017,Cidade Ademar,CIDADE_ADEMAR,Cidade Ademar,Cidade_Ademar,ign,,,,,,,,,,,,,,,,,-,populacao_seade-sp_2000a2024,populacao_seade-sp_2000a2024_ign_2017.csv
2017,Capela do Socorro,CAPELA_DO_SOCORRO,Cidade Dutra,Cidade_Dutra,ign,,,,,,,,,,,,,,,,,-,populacao_seade-sp_2000a2024,populacao_seade-sp_2000a2024_ign_2017.csv
2017,Itaquera,ITAQUERA,Cidade Líder,Cidade_Lider,ign,,,,,,,,,,,,,,,,,-,populacao_seade-sp_2000a2024,populacao_seade-sp_2000a2024_ign_2017.csv
2017,Cidade Tiradentes,CIDADE_TIRADENTES,Cidade Tiradentes,Cidade_Tiradentes,ign,,,,,,,,,,,,,,,,,-,populacao_seade-sp_2000a2024,populacao_seade-sp_2000a2024_ign_2017.csv
2017,Sé,SE,Consolação,Consolacao,ign,,,,,,,,,,,,,,,,,-,populacao_seade-sp_2000a2024,populacao_seade-sp_2000a2024_ign_2017.csv
2017,Ipiranga,IPIRANGA,Cursino,Cursino,ign,,,,,,,,,,,,,,,,,-,populacao_seade-sp_2000a2024,populacao_seade-sp_2000a2024_ign_2017.csv
2017,Ermelino Matarazzo,ERMELINO_MATARAZZO,Ermelino Matarazzo,Ermelino_Matarazzo,ign,,,,,,,,,,,,,,,,,-,populacao_seade-sp_2000a2024,populacao_seade-sp_2000a2024_ign_2017.csv
2017,Freguesia/Brasilândia,FREGUESIA_BRASILANDIA,Freguesia do Ó,Freguesia_do_O,ign,,,,,,,,,,,,,,,,,-,populacao_seade-sp_2000a2024,populacao_seade-sp_2000a2024_ign_2017.csv
2017,Capela do Socorro,CAPELA_DO_SOCORRO,Grajaú,Grajau,ign,,,,,,,,,,,,,,,,,-,populacao_seade-sp_2000a2024,populacao_seade-sp_2000a2024_ign_2017.csv
2017,Guaianases,GUAIANASES,Guaianases,Guaianases,ign,,,,,,,,,,,,,,,,,-,populacao_seade-sp_2000a2024,populacao_seade-sp_2000a2024_ign_2017.csv
2017,São Mateus,SAO_MATEUS,Iguatemi,Iguatemi,ign,,,,,,,,,,,,,,,,,-,populacao_seade-sp_2000a2024,populacao_seade-sp_2000a2024_ign_2017.csv
2017,Ipiranga,IPIRANGA,Ipiranga,Ipiranga,ign,,,,,,,,,,,,,,,,,-,populacao_seade-sp_2000a2024,populacao_seade-sp_2000a2024_ign_2017.csv
2017,Pinheiros,PINHEIROS,Itaim Bibi,Itaim_Bibi,ign,,,,,,,,,,,,,,,,,-,populacao_seade-sp_2000a2024,populacao_seade-sp_2000a2024_ign_2017.csv
2017,Itaim Paulista,ITAIM_PAULISTA,Itaim Paulista,Itaim_Paulista,ign,,,,,,,,,,,,,,,,,-,populacao_seade-sp_2000a2024,populacao_seade-sp_2000a2024_ign_2017.csv
2017,Itaquera,ITAQUERA,Itaquera,Itaquera,ign,,,,,,,,,,,,,,,,,-,populacao_seade-sp_2000a2024,populacao_seade-sp_2000a2024_ign_2017.csv
2017,Jabaquara,JABAQUARA,Jabaquara,Jabaquara,ign,,,,,,,,,,,,,,,,,-,populacao_seade-sp_2000a2024,populacao_seade-sp_2000a2024_ign_2017.csv
2017,Jaçanã/Tremembé,JACANA_TREMEMBE,Jaçanã,Jacana,ign,,,,,,,,,,,,,,,,,-,populacao_seade-sp_2000a2024,populacao_seade-sp_2000a2024_ign_2017.csv
2017,Lapa,LAPA,Jaguara,Jaguara,ign,,,,,,,,,,,,,,,,,-,populacao_seade-sp_2000a2024,populacao_seade-sp_2000a2024_ign_2017.csv
2017,Lapa,LAPA,Jaguaré,Jaguare,ign,,,,,,,,,,,,,,,,,-,populacao_seade-sp_2000a2024,populacao_seade-sp_2000a2024_ign_2017.csv
2017,Pirituba/Jaraguá,PIRITUBA_JARAGUA,Jaraguá,Jaragua,ign,,,,,,,,,,,,,,,,,-,populacao_seade-sp_2000a2024,populacao_seade-sp_2000a2024_ign_2017.csv
2017,M'Boi Mirim,M_BOI_MIRIM,Jardim Ângela,Jardim_Angela,ign,,,,,,,,,,,,,,,,,-,populacao_seade-sp_2000a2024,populacao_seade-sp_2000a2024_ign_2017.csv
2017,São Miguel,SAO_MIGUEL,Jardim Helena,Jardim_Helena,ign,,,,,,,,,,,,,,,,,-,populacao_seade-sp_2000a2024,populacao_seade-sp_2000a2024_ign_2017.csv
2017,Pinheiros,PINHEIROS,Jardim Paulista,Jardim_Paulista,ign,,,,,,,,,,,,,,,,,-,populacao_seade-sp_2000a2024,populacao_seade-sp_2000a2024_ign_2017.csv
2017,M'Boi Mirim,M_BOI_MIRIM,Jardim São Luís,Jardim_Sao_Luis,ign,,,,,,,,,,,,,,,,,-,populacao_seade-sp_2000a2024,populacao_seade-sp_2000a2024_ign_2017.csv
2017,Itaquera,ITAQUERA,José Bonifácio,Jose_Bonifacio,ign,,,,,,,,,,,,,,,,,-,populacao_seade-sp_2000a2024,populacao_seade-sp_2000a2024_ign_2017.csv
2017,Guaianases,GUAIANASES,Lajeado,Lajeado,ign,,,,,,,,,,,,,,,,,-,populacao_seade-sp_2000a2024,populacao_seade-sp_2000a2024_ign_2017.csv
2017,Lapa,LAPA,Lapa,Lapa,ign,,,,,,,,,,,,,,,,,-,populacao_seade-sp_2000a2024,populacao_seade-sp_2000a2024_ign_2017.csv
2017,Sé,SE,Liberdade,Liberdade,ign,,,,,,,,,,,,,,,,,-,populacao_seade-sp_2000a2024,populacao_seade-sp_2000a2024_ign_2017.csv
2017,Casa Verde/Cachoeirinha,CASA_VERDE_CACHOEIRINHA,Limão,Limao,ign,,,,,,,,,,,,,,,,,-,populacao_seade-sp_2000a2024,populacao_seade-sp_2000a2024_ign_2017.csv
2017,Santana/Tucuruvi,SANTANA_TUCURUVI,Mandaqui,Mandaqui,ign,,,,,,,,,,,,,,,,,-,populacao_seade-sp_2000a2024,populacao_seade-sp_2000a2024_ign_2017.csv
2017,Parelheiros,PARELHEIROS,Marsilac,Marsilac,ign,,,,,,,,,,,,,,,,,-,populacao_seade-sp_2000a2024,populacao_seade-sp_2000a2024_ign_2017.csv
2017,Vila Mariana,VILA_MARIANA,Moema,Moema,ign,,,,,,,,,,,,,,,,,-,populacao_seade-sp_2000a2024,populacao_seade-sp_2000a2024_ign_2017.csv
2017,Mooca,MOOCA,Mooca,Mooca,ign,,,,,,,,,,,,,,,,,-,populacao_seade-sp_2000a2024,populacao_seade-sp_2000a2024_ign_2017.csv
2017,Butantã,BUTANTA,Morumbi,Morumbi,ign,,,,,,,,,,,,,,,,,-,populacao_seade-sp_2000a2024,populacao_seade-sp_2000a2024_ign_2017.csv
2017,Parelheiros,PARELHEIROS,Parelheiros,Parelheiros,ign,,,,,,,,,,,,,,,,,-,populacao_seade-sp_2000a2024,populacao_seade-sp_2000a2024_ign_2017.csv
2017,Mooca,MOOCA,Pari,Pari,ign,,,,,,,,,,,,,,,,,-,populacao_seade-sp_2000a2024,populacao_seade-sp_2000a2024_ign_2017.csv
2017,Itaquera,ITAQUERA,Parque do Carmo,Parque_do_Carmo,ign,,,,,,,,,,,,,,,,,-,populacao_seade-sp_2000a2024,populacao_seade-sp_2000a2024_ign_2017.csv
2017,Cidade Ademar,CIDADE_ADEMAR,Pedreira,Pedreira,ign,,,,,,,,,,,,,,,,,-,populacao_seade-sp_2000a2024,populacao_seade-sp_2000a2024_ign_2017.csv
2017,Penha,PENHA,Penha,Penha,ign,,,,,,,,,,,,,,,,,-,populacao_seade-sp_2000a2024,populacao_seade-sp_2000a2024_ign_2017.csv
2017,Lapa,LAPA,Perdizes,Perdizes,ign,,,,,,,,,,,,,,,,,-,populacao_seade-sp_2000a2024,populacao_seade-sp_2000a2024_ign_2017.csv
2017,Perus,PERUS,Perus,Perus,ign,,,,,,,,,,,,,,,,,-,populacao_seade-sp_2000a2024,populacao_seade-sp_2000a2024_ign_2017.csv
2017,Pinheiros,PINHEIROS,Pinheiros,Pinheiros,ign,,,,,,,,,,,,,,,,,-,populacao_seade-sp_2000a2024,populacao_seade-sp_2000a2024_ign_2017.csv
2017,Pirituba/Jaraguá,PIRITUBA_JARAGUA,Pirituba,Pirituba,ign,,,,,,,,,,,,,,,,,-,populacao_seade-sp_2000a2024,populacao_seade-sp_2000a2024_ign_2017.csv
2017,Ermelino Matarazzo,ERMELINO_MATARAZZO,Ponte Rasa,Ponte_Rasa,ign,,,,,,,,,,,,,,,,,-,populacao_seade-sp_2000a2024,populacao_seade-sp_2000a2024_ign_2017.csv
2017,Butantã,BUTANTA,Raposo Tavares,Raposo_Tavares,ign,,,,,,,,,,,,,,,,,-,populacao_seade-sp_2000a2024,populacao_seade-sp_2000a2024_ign_2017.csv
2017,Sé,SE,República,Republica,ign,,,,,,,,,,,,,,,,,-,populacao_seade-sp_2000a2024,populacao_seade-sp_2000a2024_ign_2017.csv
2017,Butantã,BUTANTA,Rio Pequeno,Rio_Pequeno,ign,,,,,,,,,,,,,,,,,-,populacao_seade-sp_2000a2024,populacao_seade-sp_2000a2024_ign_2017.csv
2017,Ipiranga,IPIRANGA,Sacomã,Sacoma,ign,,,,,,,,,,,,,,,,,-,populacao_seade-sp_2000a2024,populacao_seade-sp_2000a2024_ign_2017.csv
2017,Sé,SE,Santa Cecília,Santa_Cecilia,ign,,,,,,,,,,,,,,,,,-,populacao_seade-sp_2000a2024,populacao_seade-sp_2000a2024_ign_2017.csv
2017,Santana/Tucuruvi,SANTANA_TUCURUVI,Santana,Santana,ign,,,,,,,,,,,,,,,,,-,populacao_seade-sp_2000a2024,populacao_seade-sp_2000a2024_ign_2017.csv
2017,Santo Amaro,SANTO_AMARO,Santo Amaro,Santo_Amaro,ign,,,,,,,,,,,,,,,,,-,populacao_seade-sp_2000a2024,populacao_seade-sp_2000a2024_ign_2017.csv
2017,Pirituba/Jaraguá,PIRITUBA_JARAGUA,São Domingos,Sao_Domingos,ign,,,,,,,,,,,,,,,,,-,populacao_seade-sp_2000a2024,populacao_seade-sp_2000a2024_ign_2017.csv
2017,Vila Prudente,VILA_PRUDENTE,São Lucas,Sao_Lucas,ign,,,,,,,,,,,,,,,,,-,populacao_seade-sp_2000a2024,populacao_seade-sp_2000a2024_ign_2017.csv
2017,São Mateus,SAO_MATEUS,São Mateus,Sao_Mateus,ign,,,,,,,,,,,,,,,,,-,populacao_seade-sp_2000a2024,populacao_seade-sp_2000a2024_ign_2017.csv
2017,São Miguel,SAO_MIGUEL,São Miguel,Sao_Miguel,ign,,,,,,,,,,,,,,,,,-,populacao_seade-sp_2000a2024,populacao_seade-sp_2000a2024_ign_2017.csv
2017,São Mateus,SAO_MATEUS,São Rafael,Sao_Rafael,ign,,,,,,,,,,,,,,,,,-,populacao_seade-sp_2000a2024,populacao_seade-sp_2000a2024_ign_2017.csv
2017,Sapopemba,SAPOPEMBA,Sapopemba,Sapopemba,ign,,,,,,,,,,,,,,,,,-,populacao_seade-sp_2000a2024,populacao_seade-sp_2000a2024_ign_2017.csv
2017,Vila Mariana,VILA_MARIANA,Saúde,Saude,ign,,,,,,,,,,,,,,,,,-,populacao_seade-sp_2000a2024,populacao_seade-sp_2000a2024_ign_2017.csv
2017,Sé,SE,Sé,Se,ign,,,,,,,,,,,,,,,,,-,populacao_seade-sp_2000a2024,populacao_seade-sp_2000a2024_ign_2017.csv
2017,Capela do Socorro,CAPELA_DO_SOCORRO,Socorro,Socorro,ign,,,,,,,,,,,,,,,,,-,populacao_seade-sp_2000a2024,populacao_seade-sp_2000a2024_ign_2017.csv
2017,Mooca,MOOCA,Tatuapé,Tatuape,ign,,,,,,,,,,,,,,,,,-,populacao_seade-sp_2000a2024,populacao_seade-sp_2000a2024_ign_2017.csv
2017,Jaçanã/Tremembé,JACANA_TREMEMBE,Tremembé,Tremembe,ign,,,,,,,,,,,,,,,,,-,populacao_seade-sp_2000a2024,populacao_seade-sp_2000a2024_ign_2017.csv
2017,Santana/Tucuruvi,SANTANA_TUCURUVI,Tucuruvi,Tucuruvi,ign,,,,,,,,,,,,,,,,,-,populacao_seade-sp_2000a2024,populacao_seade-sp_2000a2024_ign_2017.csv
2017,Campo Limpo,CAMPO_LIMPO,Vila Andrade,Vila_Andrade,ign,,,,,,,,,,,,,,,,,-,populacao_seade-sp_2000a2024,populacao_seade-sp_2000a2024_ign_2017.csv
2017,Itaim Paulista,ITAIM_PAULISTA,Vila Curuçá,Vila_Curuca,ign,,,,,,,,,,,,,,,,,-,populacao_seade-sp_2000a2024,populacao_seade-sp_2000a2024_ign_2017.csv
2017,Aricanduva/Formosa/Carrão,ARICANDUVA_FORMOSA_CARRAO,Vila Formosa,Vila_Formosa,ign,,,,,,,,,,,,,,,,,-,populacao_seade-sp_2000a2024,populacao_seade-sp_2000a2024_ign_2017.csv
2017,Vila Maria/Vila Guilherme,VILA_MARIA_VILA_GUILHERME,Vila Guilherme,Vila_Guilherme,ign,,,,,,,,,,,,,,,,,-,populacao_seade-sp_2000a2024,populacao_seade-sp_2000a2024_ign_2017.csv
2017,São Miguel,SAO_MIGUEL,Vila Jacuí,Vila_Jacui,ign,,,,,,,,,,,,,,,,,-,populacao_seade-sp_2000a2024,populacao_seade-sp_2000a2024_ign_2017.csv
2017,Lapa,LAPA,Vila Leopoldina,Vila_Leopoldina,ign,,,,,,,,,,,,,,,,,-,populacao_seade-sp_2000a2024,populacao_seade-sp_2000a2024_ign_2017.csv
2017,Vila Maria/Vila Guilherme,VILA_MARIA_VILA_GUILHERME,Vila Maria,Vila_Maria,ign,,,,,,,,,,,,,,,,,-,populacao_seade-sp_2000a2024,populacao_seade-sp_2000a2024_ign_2017.csv
2017,Vila Mariana,VILA_MARIANA,Vila Mariana,Vila_Mariana,ign,,,,,,,,,,,,,,,,,-,populacao_seade-sp_2000a2024,populacao_seade-sp_2000a2024_ign_2017.csv
2017,Penha,PENHA,Vila Matilde,Vila_Matilde,ign,,,,,,,,,,,,,,,,,-,populacao_seade-sp_2000a2024,populacao_seade-sp_2000a2024_ign_2017.csv
2017,Vila Maria/Vila Guilherme,VILA_MARIA_VILA_GUILHERME,Vila Medeiros,Vila_Medeiros,ign,,,,,,,,,,,,,,,,,-,populacao_seade-sp_2000a2024,populacao_seade-sp_2000a2024_ign_2017.csv
2017,Vila Prudente,VILA_PRUDENTE,Vila Prudente,Vila_Prudente,ign,,,,,,,,,,,,,,,,,-,populacao_seade-sp_2000a2024,populacao_seade-sp_2000a2024_ign_2017.csv
2017,Butantã,BUTANTA,Vila Sônia,Vila_Sonia,ign,,,,,,,,,,,,,,,,,-,populacao_seade-sp_2000a2024,populacao_seade-sp_2000a2024_ign_2017.csv
2017,,NAO_IDENTIFICADO,Ignorado,Ignorado,ign,,,,,,,,,,,,,,,,,-,populacao_seade-sp_2000a2024,populacao_seade-sp_2000a2024_ign_2017.csv
2018,Mooca,MOOCA,Água Rasa,Agua_Rasa,ign,,,,,,,,,,,,,,,,,-,populacao_seade-sp_2000a2024,populacao_seade-sp_2000a2024_ign_2018.csv
2018,Pinheiros,PINHEIROS,Alto de Pinheiros,Alto_de_Pinheiros,ign,,,,,,,,,,,,,,,,,-,populacao_seade-sp_2000a2024,populacao_seade-sp_2000a2024_ign_2018.csv
2018,Perus,PERUS,Anhanguera,Anhanguera,ign,,,,,,,,,,,,,,,,,-,populacao_seade-sp_2000a2024,populacao_seade-sp_2000a2024_ign_2018.csv
2018,Aricanduva/Formosa/Carrão,ARICANDUVA_FORMOSA_CARRAO,Aricanduva,Aricanduva,ign,,,,,,,,,,,,,,,,,-,populacao_seade-sp_2000a2024,populacao_seade-sp_2000a2024_ign_2018.csv
2018,Penha,PENHA,Artur Alvim,Artur_Alvim,ign,,,,,,,,,,,,,,,,,-,populacao_seade-sp_2000a2024,populacao_seade-sp_2000a2024_ign_2018.csv
2018,Lapa,LAPA,Barra Funda,Barra_Funda,ign,,,,,,,,,,,,,,,,,-,populacao_seade-sp_2000a2024,populacao_seade-sp_2000a2024_ign_2018.csv
2018,Sé,SE,Bela Vista,Bela_Vista,ign,,,,,,,,,,,,,,,,,-,populacao_seade-sp_2000a2024,populacao_seade-sp_2000a2024_ign_2018.csv
2018,Mooca,MOOCA,Belém,Belem,ign,,,,,,,,,,,,,,,,,-,populacao_seade-sp_2000a2024,populacao_seade-sp_2000a2024_ign_2018.csv
2018,Sé,SE,Bom Retiro,Bom_Retiro,ign,,,,,,,,,,,,,,,,,-,populacao_seade-sp_2000a2024,populacao_seade-sp_2000a2024_ign_2018.csv
2018,Mooca,MOOCA,Brás,Bras,ign,,,,,,,,,,,,,,,,,-,populacao_seade-sp_2000a2024,populacao_seade-sp_2000a2024_ign_2018.csv
2018,Freguesia/Brasilândia,FREGUESIA_BRASILANDIA,Brasilândia,Brasilandia,ign,,,,,,,,,,,,,,,,,-,populacao_seade-sp_2000a2024,populacao_seade-sp_2000a2024_ign_2018.csv
2018,Butantã,BUTANTA,Butantã,Butanta,ign,,,,,,,,,,,,,,,,,-,populacao_seade-sp_2000a2024,populacao_seade-sp_2000a2024_ign_2018.csv
2018,Casa Verde/Cachoeirinha,CASA_VERDE_CACHOEIRINHA,Cachoeirinha,Cachoeirinha,ign,,,,,,,,,,,,,,,,,-,populacao_seade-sp_2000a2024,populacao_seade-sp_2000a2024_ign_2018.csv
2018,Sé,SE,Cambuci,Cambuci,ign,,,,,,,,,,,,,,,,,-,populacao_seade-sp_2000a2024,populacao_seade-sp_2000a2024_ign_2018.csv
2018,Santo Amaro,SANTO_AMARO,Campo Belo,Campo_Belo,ign,,,,,,,,,,,,,,,,,-,populacao_seade-sp_2000a2024,populacao_seade-sp_2000a2024_ign_2018.csv
2018,Santo Amaro,SANTO_AMARO,Campo Grande,Campo_Grande,ign,,,,,,,,,,,,,,,,,-,populacao_seade-sp_2000a2024,populacao_seade-sp_2000a2024_ign_2018.csv
2018,Campo Limpo,CAMPO_LIMPO,Campo Limpo,Campo_Limpo,ign,,,,,,,,,,,,,,,,,-,populacao_seade-sp_2000a2024,populacao_seade-sp_2000a2024_ign_2018.csv
2018,Penha,PENHA,Cangaíba,Cangaiba,ign,,,,,,,,,,,,,,,,,-,populacao_seade-sp_2000a2024,populacao_seade-sp_2000a2024_ign_2018.csv
2018,Campo Limpo,CAMPO_LIMPO,Capão Redondo,Capao_Redondo,ign,,,,,,,,,,,,,,,,,-,populacao_seade-sp_2000a2024,populacao_seade-sp_2000a2024_ign_2018.csv
2018,Aricanduva/Formosa/Carrão,ARICANDUVA_FORMOSA_CARRAO,Carrão,Carrao,ign,,,,,,,,,,,,,,,,,-,populacao_seade-sp_2000a2024,populacao_seade-sp_2000a2024_ign_2018.csv
2018,Casa Verde/Cachoeirinha,CASA_VERDE_CACHOEIRINHA,Casa Verde,Casa_Verde,ign,,,,,,,,,,,,,,,,,-,populacao_seade-sp_2000a2024,populacao_seade-sp_2000a2024_ign_2018.csv
2018,Cidade Ademar,CIDADE_ADEMAR,Cidade Ademar,Cidade_Ademar,ign,,,,,,,,,,,,,,,,,-,populacao_seade-sp_2000a2024,populacao_seade-sp_2000a2024_ign_2018.csv
2018,Capela do Socorro,CAPELA_DO_SOCORRO,Cidade Dutra,Cidade_Dutra,ign,,,,,,,,,,,,,,,,,-,populacao_seade-sp_2000a2024,populacao_seade-sp_2000a2024_ign_2018.csv
2018,Itaquera,ITAQUERA,Cidade Líder,Cidade_Lider,ign,,,,,,,,,,,,,,,,,-,populacao_seade-sp_2000a2024,populacao_seade-sp_2000a2024_ign_2018.csv
2018,Cidade Tiradentes,CIDADE_TIRADENTES,Cidade Tiradentes,Cidade_Tiradentes,ign,,,,,,,,,,,,,,,,,-,populacao_seade-sp_2000a2024,populacao_seade-sp_2000a2024_ign_2018.csv
2018,Sé,SE,Consolação,Consolacao,ign,,,,,,,,,,,,,,,,,-,populacao_seade-sp_2000a2024,populacao_seade-sp_2000a2024_ign_2018.csv
2018,Ipiranga,IPIRANGA,Cursino,Cursino,ign,,,,,,,,,,,,,,,,,-,populacao_seade-sp_2000a2024,populacao_seade-sp_2000a2024_ign_2018.csv
2018,Ermelino Matarazzo,ERMELINO_MATARAZZO,Ermelino Matarazzo,Ermelino_Matarazzo,ign,,,,,,,,,,,,,,,,,-,populacao_seade-sp_2000a2024,populacao_seade-sp_2000a2024_ign_2018.csv
2018,Freguesia/Brasilândia,FREGUESIA_BRASILANDIA,Freguesia do Ó,Freguesia_do_O,ign,,,,,,,,,,,,,,,,,-,populacao_seade-sp_2000a2024,populacao_seade-sp_2000a2024_ign_2018.csv
2018,Capela do Socorro,CAPELA_DO_SOCORRO,Grajaú,Grajau,ign,,,,,,,,,,,,,,,,,-,populacao_seade-sp_2000a2024,populacao_seade-sp_2000a2024_ign_2018.csv
2018,Guaianases,GUAIANASES,Guaianases,Guaianases,ign,,,,,,,,,,,,,,,,,-,populacao_seade-sp_2000a2024,populacao_seade-sp_2000a2024_ign_2018.csv
2018,São Mateus,SAO_MATEUS,Iguatemi,Iguatemi,ign,,,,,,,,,,,,,,,,,-,populacao_seade-sp_2000a2024,populacao_seade-sp_2000a2024_ign_2018.csv
2018,Ipiranga,IPIRANGA,Ipiranga,Ipiranga,ign,,,,,,,,,,,,,,,,,-,populacao_seade-sp_2000a2024,populacao_seade-sp_2000a2024_ign_2018.csv
2018,Pinheiros,PINHEIROS,Itaim Bibi,Itaim_Bibi,ign,,,,,,,,,,,,,,,,,-,populacao_seade-sp_2000a2024,populacao_seade-sp_2000a2024_ign_2018.csv
2018,Itaim Paulista,ITAIM_PAULISTA,Itaim Paulista,Itaim_Paulista,ign,,,,,,,,,,,,,,,,,-,populacao_seade-sp_2000a2024,populacao_seade-sp_2000a2024_ign_2018.csv
2018,Itaquera,ITAQUERA,Itaquera,Itaquera,ign,,,,,,,,,,,,,,,,,-,populacao_seade-sp_2000a2024,populacao_seade-sp_2000a2024_ign_2018.csv
2018,Jabaquara,JABAQUARA,Jabaquara,Jabaquara,ign,,,,,,,,,,,,,,,,,-,populacao_seade-sp_2000a2024,populacao_seade-sp_2000a2024_ign_2018.csv
2018,Jaçanã/Tremembé,JACANA_TREMEMBE,Jaçanã,Jacana,ign,,,,,,,,,,,,,,,,,-,populacao_seade-sp_2000a2024,populacao_seade-sp_2000a2024_ign_2018.csv
2018,Lapa,LAPA,Jaguara,Jaguara,ign,,,,,,,,,,,,,,,,,-,populacao_seade-sp_2000a2024,populacao_seade-sp_2000a2024_ign_2018.csv
2018,Lapa,LAPA,Jaguaré,Jaguare,ign,,,,,,,,,,,,,,,,,-,populacao_seade-sp_2000a2024,populacao_seade-sp_2000a2024_ign_2018.csv
2018,Pirituba/Jaraguá,PIRITUBA_JARAGUA,Jaraguá,Jaragua,ign,,,,,,,,,,,,,,,,,-,populacao_seade-sp_2000a2024,populacao_seade-sp_2000a2024_ign_2018.csv
2018,M'Boi Mirim,M_BOI_MIRIM,Jardim Ângela,Jardim_Angela,ign,,,,,,,,,,,,,,,,,-,populacao_seade-sp_2000a2024,populacao_seade-sp_2000a2024_ign_2018.csv
2018,São Miguel,SAO_MIGUEL,Jardim Helena,Jardim_Helena,ign,,,,,,,,,,,,,,,,,-,populacao_seade-sp_2000a2024,populacao_seade-sp_2000a2024_ign_2018.csv
2018,Pinheiros,PINHEIROS,Jardim Paulista,Jardim_Paulista,ign,,,,,,,,,,,,,,,,,-,populacao_seade-sp_2000a2024,populacao_seade-sp_2000a2024_ign_2018.csv
2018,M'Boi Mirim,M_BOI_MIRIM,Jardim São Luís,Jardim_Sao_Luis,ign,,,,,,,,,,,,,,,,,-,populacao_seade-sp_2000a2024,populacao_seade-sp_2000a2024_ign_2018.csv
2018,Itaquera,ITAQUERA,José Bonifácio,Jose_Bonifacio,ign,,,,,,,,,,,,,,,,,-,populacao_seade-sp_2000a2024,populacao_seade-sp_2000a2024_ign_2018.csv
2018,Guaianases,GUAIANASES,Lajeado,Lajeado,ign,,,,,,,,,,,,,,,,,-,populacao_seade-sp_2000a2024,populacao_seade-sp_2000a2024_ign_2018.csv
2018,Lapa,LAPA,Lapa,Lapa,ign,,,,,,,,,,,,,,,,,-,populacao_seade-sp_2000a2024,populacao_seade-sp_2000a2024_ign_2018.csv
2018,Sé,SE,Liberdade,Liberdade,ign,,,,,,,,,,,,,,,,,-,populacao_seade-sp_2000a2024,populacao_seade-sp_2000a2024_ign_2018.csv
2018,Casa Verde/Cachoeirinha,CASA_VERDE_CACHOEIRINHA,Limão,Limao,ign,,,,,,,,,,,,,,,,,-,populacao_seade-sp_2000a2024,populacao_seade-sp_2000a2024_ign_2018.csv
2018,Santana/Tucuruvi,SANTANA_TUCURUVI,Mandaqui,Mandaqui,ign,,,,,,,,,,,,,,,,,-,populacao_seade-sp_2000a2024,populacao_seade-sp_2000a2024_ign_2018.csv
2018,Parelheiros,PARELHEIROS,Marsilac,Marsilac,ign,,,,,,,,,,,,,,,,,-,populacao_seade-sp_2000a2024,populacao_seade-sp_2000a2024_ign_2018.csv
2018,Vila Mariana,VILA_MARIANA,Moema,Moema,ign,,,,,,,,,,,,,,,,,-,populacao_seade-sp_2000a2024,populacao_seade-sp_2000a2024_ign_2018.csv
2018,Mooca,MOOCA,Mooca,Mooca,ign,,,,,,,,,,,,,,,,,-,populacao_seade-sp_2000a2024,populacao_seade-sp_2000a2024_ign_2018.csv
2018,Butantã,BUTANTA,Morumbi,Morumbi,ign,,,,,,,,,,,,,,,,,-,populacao_seade-sp_2000a2024,populacao_seade-sp_2000a2024_ign_2018.csv
2018,Parelheiros,PARELHEIROS,Parelheiros,Parelheiros,ign,,,,,,,,,,,,,,,,,-,populacao_seade-sp_2000a2024,populacao_seade-sp_2000a2024_ign_2018.csv
2018,Mooca,MOOCA,Pari,Pari,ign,,,,,,,,,,,,,,,,,-,populacao_seade-sp_2000a2024,populacao_seade-sp_2000a2024_ign_2018.csv
2018,Itaquera,ITAQUERA,Parque do Carmo,Parque_do_Carmo,ign,,,,,,,,,,,,,,,,,-,populacao_seade-sp_2000a2024,populacao_seade-sp_2000a2024_ign_2018.csv
2018,Cidade Ademar,CIDADE_ADEMAR,Pedreira,Pedreira,ign,,,,,,,,,,,,,,,,,-,populacao_seade-sp_2000a2024,populacao_seade-sp_2000a2024_ign_2018.csv
2018,Penha,PENHA,Penha,Penha,ign,,,,,,,,,,,,,,,,,-,populacao_seade-sp_2000a2024,populacao_seade-sp_2000a2024_ign_2018.csv
2018,Lapa,LAPA,Perdizes,Perdizes,ign,,,,,,,,,,,,,,,,,-,populacao_seade-sp_2000a2024,populacao_seade-sp_2000a2024_ign_2018.csv
2018,Perus,PERUS,Perus,Perus,ign,,,,,,,,,,,,,,,,,-,populacao_seade-sp_2000a2024,populacao_seade-sp_2000a2024_ign_2018.csv
2018,Pinheiros,PINHEIROS,Pinheiros,Pinheiros,ign,,,,,,,,,,,,,,,,,-,populacao_seade-sp_2000a2024,populacao_seade-sp_2000a2024_ign_2018.csv
2018,Pirituba/Jaraguá,PIRITUBA_JARAGUA,Pirituba,Pirituba,ign,,,,,,,,,,,,,,,,,-,populacao_seade-sp_2000a2024,populacao_seade-sp_2000a2024_ign_2018.csv
2018,Ermelino Matarazzo,ERMELINO_MATARAZZO,Ponte Rasa,Ponte_Rasa,ign,,,,,,,,,,,,,,,,,-,populacao_seade-sp_2000a2024,populacao_seade-sp_2000a2024_ign_2018.csv
2018,Butantã,BUTANTA,Raposo Tavares,Raposo_Tavares,ign,,,,,,,,,,,,,,,,,-,populacao_seade-sp_2000a2024,populacao_seade-sp_2000a2024_ign_2018.csv
2018,Sé,SE,República,Republica,ign,,,,,,,,,,,,,,,,,-,populacao_seade-sp_2000a2024,populacao_seade-sp_2000a2024_ign_2018.csv
2018,Butantã,BUTANTA,Rio Pequeno,Rio_Pequeno,ign,,,,,,,,,,,,,,,,,-,populacao_seade-sp_2000a2024,populacao_seade-sp_2000a2024_ign_2018.csv
2018,Ipiranga,IPIRANGA,Sacomã,Sacoma,ign,,,,,,,,,,,,,,,,,-,populacao_seade-sp_2000a2024,populacao_seade-sp_2000a2024_ign_2018.csv
2018,Sé,SE,Santa Cecília,Santa_Cecilia,ign,,,,,,,,,,,,,,,,,-,populacao_seade-sp_2000a2024,populacao_seade-sp_2000a2024_ign_2018.csv
2018,Santana/Tucuruvi,SANTANA_TUCURUVI,Santana,Santana,ign,,,,,,,,,,,,,,,,,-,populacao_seade-sp_2000a2024,populacao_seade-sp_2000a2024_ign_2018.csv
2018,Santo Amaro,SANTO_AMARO,Santo Amaro,Santo_Amaro,ign,,,,,,,,,,,,,,,,,-,populacao_seade-sp_2000a2024,populacao_seade-sp_2000a2024_ign_2018.csv
2018,Pirituba/Jaraguá,PIRITUBA_JARAGUA,São Domingos,Sao_Domingos,ign,,,,,,,,,,,,,,,,,-,populacao_seade-sp_2000a2024,populacao_seade-sp_2000a2024_ign_2018.csv
2018,Vila Prudente,VILA_PRUDENTE,São Lucas,Sao_Lucas,ign,,,,,,,,,,,,,,,,,-,populacao_seade-sp_2000a2024,populacao_seade-sp_2000a2024_ign_2018.csv
2018,São Mateus,SAO_MATEUS,São Mateus,Sao_Mateus,ign,,,,,,,,,,,,,,,,,-,populacao_seade-sp_2000a2024,populacao_seade-sp_2000a2024_ign_2018.csv
2018,São Miguel,SAO_MIGUEL,São Miguel,Sao_Miguel,ign,,,,,,,,,,,,,,,,,-,populacao_seade-sp_2000a2024,populacao_seade-sp_2000a2024_ign_2018.csv
2018,São Mateus,SAO_MATEUS,São Rafael,Sao_Rafael,ign,,,,,,,,,,,,,,,,,-,populacao_seade-sp_2000a2024,populacao_seade-sp_2000a2024_ign_2018.csv
2018,Sapopemba,SAPOPEMBA,Sapopemba,Sapopemba,ign,,,,,,,,,,,,,,,,,-,populacao_seade-sp_2000a2024,populacao_seade-sp_2000a2024_ign_2018.csv
2018,Vila Mariana,VILA_MARIANA,Saúde,Saude,ign,,,,,,,,,,,,,,,,,-,populacao_seade-sp_2000a2024,populacao_seade-sp_2000a2024_ign_2018.csv
2018,Sé,SE,Sé,Se,ign,,,,,,,,,,,,,,,,,-,populacao_seade-sp_2000a2024,populacao_seade-sp_2000a2024_ign_2018.csv
2018,Capela do Socorro,CAPELA_DO_SOCORRO,Socorro,Socorro,ign,,,,,,,,,,,,,,,,,-,populacao_seade-sp_2000a2024,populacao_seade-sp_2000a2024_ign_2018.csv
2018,Mooca,MOOCA,Tatuapé,Tatuape,ign,,,,,,,,,,,,,,,,,-,populacao_seade-sp_2000a2024,populacao_seade-sp_2000a2024_ign_2018.csv
2018,Jaçanã/Tremembé,JACANA_TREMEMBE,Tremembé,Tremembe,ign,,,,,,,,,,,,,,,,,-,populacao_seade-sp_2000a2024,populacao_seade-sp_2000a2024_ign_2018.csv
2018,Santana/Tucuruvi,SANTANA_TUCURUVI,Tucuruvi,Tucuruvi,ign,,,,,,,,,,,,,,,,,-,populacao_seade-sp_2000a2024,populacao_seade-sp_2000a2024_ign_2018.csv
2018,Campo Limpo,CAMPO_LIMPO,Vila Andrade,Vila_Andrade,ign,,,,,,,,,,,,,,,,,-,populacao_seade-sp_2000a2024,populacao_seade-sp_2000a2024_ign_2018.csv
2018,Itaim Paulista,ITAIM_PAULISTA,Vila Curuçá,Vila_Curuca,ign,,,,,,,,,,,,,,,,,-,populacao_seade-sp_2000a2024,populacao_seade-sp_2000a2024_ign_2018.csv
2018,Aricanduva/Formosa/Carrão,ARICANDUVA_FORMOSA_CARRAO,Vila Formosa,Vila_Formosa,ign,,,,,,,,,,,,,,,,,-,populacao_seade-sp_2000a2024,populacao_seade-sp_2000a2024_ign_2018.csv
2018,Vila Maria/Vila Guilherme,VILA_MARIA_VILA_GUILHERME,Vila Guilherme,Vila_Guilherme,ign,,,,,,,,,,,,,,,,,-,populacao_seade-sp_2000a2024,populacao_seade-sp_2000a2024_ign_2018.csv
2018,São Miguel,SAO_MIGUEL,Vila Jacuí,Vila_Jacui,ign,,,,,,,,,,,,,,,,,-,populacao_seade-sp_2000a2024,populacao_seade-sp_2000a2024_ign_2018.csv
2018,Lapa,LAPA,Vila Leopoldina,Vila_Leopoldina,ign,,,,,,,,,,,,,,,,,-,populacao_seade-sp_2000a2024,populacao_seade-sp_2000a2024_ign_2018.csv
2018,Vila Maria/Vila Guilherme,VILA_MARIA_VILA_GUILHERME,Vila Maria,Vila_Maria,ign,,,,,,,,,,,,,,,,,-,populacao_seade-sp_2000a2024,populacao_seade-sp_2000a2024_ign_2018.csv
2018,Vila Mariana,VILA_MARIANA,Vila Mariana,Vila_Mariana,ign,,,,,,,,,,,,,,,,,-,populacao_seade-sp_2000a2024,populacao_seade-sp_2000a2024_ign_2018.csv
2018,Penha,PENHA,Vila Matilde,Vila_Matilde,ign,,,,,,,,,,,,,,,,,-,populacao_seade-sp_2000a2024,populacao_seade-sp_2000a2024_ign_2018.csv
2018,Vila Maria/Vila Guilherme,VILA_MARIA_VILA_GUILHERME,Vila Medeiros,Vila_Medeiros,ign,,,,,,,,,,,,,,,,,-,populacao_seade-sp_2000a2024,populacao_seade-sp_2000a2024_ign_2018.csv
2018,Vila Prudente,VILA_PRUDENTE,Vila Prudente,Vila_Prudente,ign,,,,,,,,,,,,,,,,,-,populacao_seade-sp_2000a2024,populacao_seade-sp_2000a2024_ign_2018.csv
2018,Butantã,BUTANTA,Vila Sônia,Vila_Sonia,ign,,,,,,,,,,,,,,,,,-,populacao_seade-sp_2000a2024,populacao_seade-sp_2000a2024_ign_2018.csv
2018,,NAO_IDENTIFICADO,Ignorado,Ignorado,ign,,,,,,,,,,,,,,,,,-,populacao_seade-sp_2000a2024,populacao_seade-sp_2000a2024_ign_2018.csv
2019,Mooca,MOOCA,Água Rasa,Agua_Rasa,ign,,,,,,,,,,,,,,,,,-,populacao_seade-sp_2000a2024,populacao_seade-sp_2000a2024_ign_2019.csv
2019,Pinheiros,PINHEIROS,Alto de Pinheiros,Alto_de_Pinheiros,ign,,,,,,,,,,,,,,,,,-,populacao_seade-sp_2000a2024,populacao_seade-sp_2000a2024_ign_2019.csv
2019,Perus,PERUS,Anhanguera,Anhanguera,ign,,,,,,,,,,,,,,,,,-,populacao_seade-sp_2000a2024,populacao_seade-sp_2000a2024_ign_2019.csv
2019,Aricanduva/Formosa/Carrão,ARICANDUVA_FORMOSA_CARRAO,Aricanduva,Aricanduva,ign,,,,,,,,,,,,,,,,,-,populacao_seade-sp_2000a2024,populacao_seade-sp_2000a2024_ign_2019.csv
2019,Penha,PENHA,Artur Alvim,Artur_Alvim,ign,,,,,,,,,,,,,,,,,-,populacao_seade-sp_2000a2024,populacao_seade-sp_2000a2024_ign_2019.csv
2019,Lapa,LAPA,Barra Funda,Barra_Funda,ign,,,,,,,,,,,,,,,,,-,populacao_seade-sp_2000a2024,populacao_seade-sp_2000a2024_ign_2019.csv
2019,Sé,SE,Bela Vista,Bela_Vista,ign,,,,,,,,,,,,,,,,,-,populacao_seade-sp_2000a2024,populacao_seade-sp_2000a2024_ign_2019.csv
2019,Mooca,MOOCA,Belém,Belem,ign,,,,,,,,,,,,,,,,,-,populacao_seade-sp_2000a2024,populacao_seade-sp_2000a2024_ign_2019.csv
2019,Sé,SE,Bom Retiro,Bom_Retiro,ign,,,,,,,,,,,,,,,,,-,populacao_seade-sp_2000a2024,populacao_seade-sp_2000a2024_ign_2019.csv
2019,Mooca,MOOCA,Brás,Bras,ign,,,,,,,,,,,,,,,,,-,populacao_seade-sp_2000a2024,populacao_seade-sp_2000a2024_ign_2019.csv
2019,Freguesia/Brasilândia,FREGUESIA_BRASILANDIA,Brasilândia,Brasilandia,ign,,,,,,,,,,,,,,,,,-,populacao_seade-sp_2000a2024,populacao_seade-sp_2000a2024_ign_2019.csv
2019,Butantã,BUTANTA,Butantã,Butanta,ign,,,,,,,,,,,,,,,,,-,populacao_seade-sp_2000a2024,populacao_seade-sp_2000a2024_ign_2019.csv
2019,Casa Verde/Cachoeirinha,CASA_VERDE_CACHOEIRINHA,Cachoeirinha,Cachoeirinha,ign,,,,,,,,,,,,,,,,,-,populacao_seade-sp_2000a2024,populacao_seade-sp_2000a2024_ign_2019.csv
2019,Sé,SE,Cambuci,Cambuci,ign,,,,,,,,,,,,,,,,,-,populacao_seade-sp_2000a2024,populacao_seade-sp_2000a2024_ign_2019.csv
2019,Santo Amaro,SANTO_AMARO,Campo Belo,Campo_Belo,ign,,,,,,,,,,,,,,,,,-,populacao_seade-sp_2000a2024,populacao_seade-sp_2000a2024_ign_2019.csv
2019,Santo Amaro,SANTO_AMARO,Campo Grande,Campo_Grande,ign,,,,,,,,,,,,,,,,,-,populacao_seade-sp_2000a2024,populacao_seade-sp_2000a2024_ign_2019.csv
2019,Campo Limpo,CAMPO_LIMPO,Campo Limpo,Campo_Limpo,ign,,,,,,,,,,,,,,,,,-,populacao_seade-sp_2000a2024,populacao_seade-sp_2000a2024_ign_2019.csv
2019,Penha,PENHA,Cangaíba,Cangaiba,ign,,,,,,,,,,,,,,,,,-,populacao_seade-sp_2000a2024,populacao_seade-sp_2000a2024_ign_2019.csv
2019,Campo Limpo,CAMPO_LIMPO,Capão Redondo,Capao_Redondo,ign,,,,,,,,,,,,,,,,,-,populacao_seade-sp_2000a2024,populacao_seade-sp_2000a2024_ign_2019.csv
2019,Aricanduva/Formosa/Carrão,ARICANDUVA_FORMOSA_CARRAO,Carrão,Carrao,ign,,,,,,,,,,,,,,,,,-,populacao_seade-sp_2000a2024,populacao_seade-sp_2000a2024_ign_2019.csv
2019,Casa Verde/Cachoeirinha,CASA_VERDE_CACHOEIRINHA,Casa Verde,Casa_Verde,ign,,,,,,,,,,,,,,,,,-,populacao_seade-sp_2000a2024,populacao_seade-sp_2000a2024_ign_2019.csv
2019,Cidade Ademar,CIDADE_ADEMAR,Cidade Ademar,Cidade_Ademar,ign,,,,,,,,,,,,,,,,,-,populacao_seade-sp_2000a2024,populacao_seade-sp_2000a2024_ign_2019.csv
2019,Capela do Socorro,CAPELA_DO_SOCORRO,Cidade Dutra,Cidade_Dutra,ign,,,,,,,,,,,,,,,,,-,populacao_seade-sp_2000a2024,populacao_seade-sp_2000a2024_ign_2019.csv
2019,Itaquera,ITAQUERA,Cidade Líder,Cidade_Lider,ign,,,,,,,,,,,,,,,,,-,populacao_seade-sp_2000a2024,populacao_seade-sp_2000a2024_ign_2019.csv
2019,Cidade Tiradentes,CIDADE_TIRADENTES,Cidade Tiradentes,Cidade_Tiradentes,ign,,,,,,,,,,,,,,,,,-,populacao_seade-sp_2000a2024,populacao_seade-sp_2000a2024_ign_2019.csv
2019,Sé,SE,Consolação,Consolacao,ign,,,,,,,,,,,,,,,,,-,populacao_seade-sp_2000a2024,populacao_seade-sp_2000a2024_ign_2019.csv
2019,Ipiranga,IPIRANGA,Cursino,Cursino,ign,,,,,,,,,,,,,,,,,-,populacao_seade-sp_2000a2024,populacao_seade-sp_2000a2024_ign_2019.csv
2019,Ermelino Matarazzo,ERMELINO_MATARAZZO,Ermelino Matarazzo,Ermelino_Matarazzo,ign,,,,,,,,,,,,,,,,,-,populacao_seade-sp_2000a2024,populacao_seade-sp_2000a2024_ign_2019.csv
2019,Freguesia/Brasilândia,FREGUESIA_BRASILANDIA,Freguesia do Ó,Freguesia_do_O,ign,,,,,,,,,,,,,,,,,-,populacao_seade-sp_2000a2024,populacao_seade-sp_2000a2024_ign_2019.csv
2019,Capela do Socorro,CAPELA_DO_SOCORRO,Grajaú,Grajau,ign,,,,,,,,,,,,,,,,,-,populacao_seade-sp_2000a2024,populacao_seade-sp_2000a2024_ign_2019.csv
2019,Guaianases,GUAIANASES,Guaianases,Guaianases,ign,,,,,,,,,,,,,,,,,-,populacao_seade-sp_2000a2024,populacao_seade-sp_2000a2024_ign_2019.csv
2019,São Mateus,SAO_MATEUS,Iguatemi,Iguatemi,ign,,,,,,,,,,,,,,,,,-,populacao_seade-sp_2000a2024,populacao_seade-sp_2000a2024_ign_2019.csv
2019,Ipiranga,IPIRANGA,Ipiranga,Ipiranga,ign,,,,,,,,,,,,,,,,,-,populacao_seade-sp_2000a2024,populacao_seade-sp_2000a2024_ign_2019.csv
2019,Pinheiros,PINHEIROS,Itaim Bibi,Itaim_Bibi,ign,,,,,,,,,,,,,,,,,-,populacao_seade-sp_2000a2024,populacao_seade-sp_2000a2024_ign_2019.csv
2019,Itaim Paulista,ITAIM_PAULISTA,Itaim Paulista,Itaim_Paulista,ign,,,,,,,,,,,,,,,,,-,populacao_seade-sp_2000a2024,populacao_seade-sp_2000a2024_ign_2019.csv
2019,Itaquera,ITAQUERA,Itaquera,Itaquera,ign,,,,,,,,,,,,,,,,,-,populacao_seade-sp_2000a2024,populacao_seade-sp_2000a2024_ign_2019.csv
2019,Jabaquara,JABAQUARA,Jabaquara,Jabaquara,ign,,,,,,,,,,,,,,,,,-,populacao_seade-sp_2000a2024,populacao_seade-sp_2000a2024_ign_2019.csv
2019,Jaçanã/Tremembé,JACANA_TREMEMBE,Jaçanã,Jacana,ign,,,,,,,,,,,,,,,,,-,populacao_seade-sp_2000a2024,populacao_seade-sp_2000a2024_ign_2019.csv
2019,Lapa,LAPA,Jaguara,Jaguara,ign,,,,,,,,,,,,,,,,,-,populacao_seade-sp_2000a2024,populacao_seade-sp_2000a2024_ign_2019.csv
2019,Lapa,LAPA,Jaguaré,Jaguare,ign,,,,,,,,,,,,,,,,,-,populacao_seade-sp_2000a2024,populacao_seade-sp_2000a2024_ign_2019.csv
2019,Pirituba/Jaraguá,PIRITUBA_JARAGUA,Jaraguá,Jaragua,ign,,,,,,,,,,,,,,,,,-,populacao_seade-sp_2000a2024,populacao_seade-sp_2000a2024_ign_2019.csv
2019,M'Boi Mirim,M_BOI_MIRIM,Jardim Ângela,Jardim_Angela,ign,,,,,,,,,,,,,,,,,-,populacao_seade-sp_2000a2024,populacao_seade-sp_2000a2024_ign_2019.csv
2019,São Miguel,SAO_MIGUEL,Jardim Helena,Jardim_Helena,ign,,,,,,,,,,,,,,,,,-,populacao_seade-sp_2000a2024,populacao_seade-sp_2000a2024_ign_2019.csv
2019,Pinheiros,PINHEIROS,Jardim Paulista,Jardim_Paulista,ign,,,,,,,,,,,,,,,,,-,populacao_seade-sp_2000a2024,populacao_seade-sp_2000a2024_ign_2019.csv
2019,M'Boi Mirim,M_BOI_MIRIM,Jardim São Luís,Jardim_Sao_Luis,ign,,,,,,,,,,,,,,,,,-,populacao_seade-sp_2000a2024,populacao_seade-sp_2000a2024_ign_2019.csv
2019,Itaquera,ITAQUERA,José Bonifácio,Jose_Bonifacio,ign,,,,,,,,,,,,,,,,,-,populacao_seade-sp_2000a2024,populacao_seade-sp_2000a2024_ign_2019.csv
2019,Guaianases,GUAIANASES,Lajeado,Lajeado,ign,,,,,,,,,,,,,,,,,-,populacao_seade-sp_2000a2024,populacao_seade-sp_2000a2024_ign_2019.csv
2019,Lapa,LAPA,Lapa,Lapa,ign,,,,,,,,,,,,,,,,,-,populacao_seade-sp_2000a2024,populacao_seade-sp_2000a2024_ign_2019.csv
2019,Sé,SE,Liberdade,Liberdade,ign,,,,,,,,,,,,,,,,,-,populacao_seade-sp_2000a2024,populacao_seade-sp_2000a2024_ign_2019.csv
2019,Casa Verde/Cachoeirinha,CASA_VERDE_CACHOEIRINHA,Limão,Limao,ign,,,,,,,,,,,,,,,,,-,populacao_seade-sp_2000a2024,populacao_seade-sp_2000a2024_ign_2019.csv
2019,Santana/Tucuruvi,SANTANA_TUCURUVI,Mandaqui,Mandaqui,ign,,,,,,,,,,,,,,,,,-,populacao_seade-sp_2000a2024,populacao_seade-sp_2000a2024_ign_2019.csv
2019,Parelheiros,PARELHEIROS,Marsilac,Marsilac,ign,,,,,,,,,,,,,,,,,-,populacao_seade-sp_2000a2024,populacao_seade-sp_2000a2024_ign_2019.csv
2019,Vila Mariana,VILA_MARIANA,Moema,Moema,ign,,,,,,,,,,,,,,,,,-,populacao_seade-sp_2000a2024,populacao_seade-sp_2000a2024_ign_2019.csv
2019,Mooca,MOOCA,Mooca,Mooca,ign,,,,,,,,,,,,,,,,,-,populacao_seade-sp_2000a2024,populacao_seade-sp_2000a2024_ign_2019.csv
2019,Butantã,BUTANTA,Morumbi,Morumbi,ign,,,,,,,,,,,,,,,,,-,populacao_seade-sp_2000a2024,populacao_seade-sp_2000a2024_ign_2019.csv
2019,Parelheiros,PARELHEIROS,Parelheiros,Parelheiros,ign,,,,,,,,,,,,,,,,,-,populacao_seade-sp_2000a2024,populacao_seade-sp_2000a2024_ign_2019.csv
2019,Mooca,MOOCA,Pari,Pari,ign,,,,,,,,,,,,,,,,,-,populacao_seade-sp_2000a2024,populacao_seade-sp_2000a2024_ign_2019.csv
2019,Itaquera,ITAQUERA,Parque do Carmo,Parque_do_Carmo,ign,,,,,,,,,,,,,,,,,-,populacao_seade-sp_2000a2024,populacao_seade-sp_2000a2024_ign_2019.csv
2019,Cidade Ademar,CIDADE_ADEMAR,Pedreira,Pedreira,ign,,,,,,,,,,,,,,,,,-,populacao_seade-sp_2000a2024,populacao_seade-sp_2000a2024_ign_2019.csv
2019,Penha,PENHA,Penha,Penha,ign,,,,,,,,,,,,,,,,,-,populacao_seade-sp_2000a2024,populacao_seade-sp_2000a2024_ign_2019.csv
2019,Lapa,LAPA,Perdizes,Perdizes,ign,,,,,,,,,,,,,,,,,-,populacao_seade-sp_2000a2024,populacao_seade-sp_2000a2024_ign_2019.csv
2019,Perus,PERUS,Perus,Perus,ign,,,,,,,,,,,,,,,,,-,populacao_seade-sp_2000a2024,populacao_seade-sp_2000a2024_ign_2019.csv
2019,Pinheiros,PINHEIROS,Pinheiros,Pinheiros,ign,,,,,,,,,,,,,,,,,-,populacao_seade-sp_2000a2024,populacao_seade-sp_2000a2024_ign_2019.csv
2019,Pirituba/Jaraguá,PIRITUBA_JARAGUA,Pirituba,Pirituba,ign,,,,,,,,,,,,,,,,,-,populacao_seade-sp_2000a2024,populacao_seade-sp_2000a2024_ign_2019.csv
2019,Ermelino Matarazzo,ERMELINO_MATARAZZO,Ponte Rasa,Ponte_Rasa,ign,,,,,,,,,,,,,,,,,-,populacao_seade-sp_2000a2024,populacao_seade-sp_2000a2024_ign_2019.csv
2019,Butantã,BUTANTA,Raposo Tavares,Raposo_Tavares,ign,,,,,,,,,,,,,,,,,-,populacao_seade-sp_2000a2024,populacao_seade-sp_2000a2024_ign_2019.csv
2019,Sé,SE,República,Republica,ign,,,,,,,,,,,,,,,,,-,populacao_seade-sp_2000a2024,populacao_seade-sp_2000a2024_ign_2019.csv
2019,Butantã,BUTANTA,Rio Pequeno,Rio_Pequeno,ign,,,,,,,,,,,,,,,,,-,populacao_seade-sp_2000a2024,populacao_seade-sp_2000a2024_ign_2019.csv
2019,Ipiranga,IPIRANGA,Sacomã,Sacoma,ign,,,,,,,,,,,,,,,,,-,populacao_seade-sp_2000a2024,populacao_seade-sp_2000a2024_ign_2019.csv
2019,Sé,SE,Santa Cecília,Santa_Cecilia,ign,,,,,,,,,,,,,,,,,-,populacao_seade-sp_2000a2024,populacao_seade-sp_2000a2024_ign_2019.csv
2019,Santana/Tucuruvi,SANTANA_TUCURUVI,Santana,Santana,ign,,,,,,,,,,,,,,,,,-,populacao_seade-sp_2000a2024,populacao_seade-sp_2000a2024_ign_2019.csv
2019,Santo Amaro,SANTO_AMARO,Santo Amaro,Santo_Amaro,ign,,,,,,,,,,,,,,,,,-,populacao_seade-sp_2000a2024,populacao_seade-sp_2000a2024_ign_2019.csv
2019,Pirituba/Jaraguá,PIRITUBA_JARAGUA,São Domingos,Sao_Domingos,ign,,,,,,,,,,,,,,,,,-,populacao_seade-sp_2000a2024,populacao_seade-sp_2000a2024_ign_2019.csv
2019,Vila Prudente,VILA_PRUDENTE,São Lucas,Sao_Lucas,ign,,,,,,,,,,,,,,,,,-,populacao_seade-sp_2000a2024,populacao_seade-sp_2000a2024_ign_2019.csv
2019,São Mateus,SAO_MATEUS,São Mateus,Sao_Mateus,ign,,,,,,,,,,,,,,,,,-,populacao_seade-sp_2000a2024,populacao_seade-sp_2000a2024_ign_2019.csv
2019,São Miguel,SAO_MIGUEL,São Miguel,Sao_Miguel,ign,,,,,,,,,,,,,,,,,-,populacao_seade-sp_2000a2024,populacao_seade-sp_2000a2024_ign_2019.csv
2019,São Mateus,SAO_MATEUS,São Rafael,Sao_Rafael,ign,,,,,,,,,,,,,,,,,-,populacao_seade-sp_2000a2024,populacao_seade-sp_2000a2024_ign_2019.csv
2019,Sapopemba,SAPOPEMBA,Sapopemba,Sapopemba,ign,,,,,,,,,,,,,,,,,-,populacao_seade-sp_2000a2024,populacao_seade-sp_2000a2024_ign_2019.csv
2019,Vila Mariana,VILA_MARIANA,Saúde,Saude,ign,,,,,,,,,,,,,,,,,-,populacao_seade-sp_2000a2024,populacao_seade-sp_2000a2024_ign_2019.csv
2019,Sé,SE,Sé,Se,ign,,,,,,,,,,,,,,,,,-,populacao_seade-sp_2000a2024,populacao_seade-sp_2000a2024_ign_2019.csv
2019,Capela do Socorro,CAPELA_DO_SOCORRO,Socorro,Socorro,ign,,,,,,,,,,,,,,,,,-,populacao_seade-sp_2000a2024,populacao_seade-sp_2000a2024_ign_2019.csv
2019,Mooca,MOOCA,Tatuapé,Tatuape,ign,,,,,,,,,,,,,,,,,-,populacao_seade-sp_2000a2024,populacao_seade-sp_2000a2024_ign_2019.csv
2019,Jaçanã/Tremembé,JACANA_TREMEMBE,Tremembé,Tremembe,ign,,,,,,,,,,,,,,,,,-,populacao_seade-sp_2000a2024,populacao_seade-sp_2000a2024_ign_2019.csv
2019,Santana/Tucuruvi,SANTANA_TUCURUVI,Tucuruvi,Tucuruvi,ign,,,,,,,,,,,,,,,,,-,populacao_seade-sp_2000a2024,populacao_seade-sp_2000a2024_ign_2019.csv
2019,Campo Limpo,CAMPO_LIMPO,Vila Andrade,Vila_Andrade,ign,,,,,,,,,,,,,,,,,-,populacao_seade-sp_2000a2024,populacao_seade-sp_2000a2024_ign_2019.csv
2019,Itaim Paulista,ITAIM_PAULISTA,Vila Curuçá,Vila_Curuca,ign,,,,,,,,,,,,,,,,,-,populacao_seade-sp_2000a2024,populacao_seade-sp_2000a2024_ign_2019.csv
2019,Aricanduva/Formosa/Carrão,ARICANDUVA_FORMOSA_CARRAO,Vila Formosa,Vila_Formosa,ign,,,,,,,,,,,,,,,,,-,populacao_seade-sp_2000a2024,populacao_seade-sp_2000a2024_ign_2019.csv
2019,Vila Maria/Vila Guilherme,VILA_MARIA_VILA_GUILHERME,Vila Guilherme,Vila_Guilherme,ign,,,,,,,,,,,,,,,,,-,populacao_seade-sp_2000a2024,populacao_seade-sp_2000a2024_ign_2019.csv
2019,São Miguel,SAO_MIGUEL,Vila Jacuí,Vila_Jacui,ign,,,,,,,,,,,,,,,,,-,populacao_seade-sp_2000a2024,populacao_seade-sp_2000a2024_ign_2019.csv
2019,Lapa,LAPA,Vila Leopoldina,Vila_Leopoldina,ign,,,,,,,,,,,,,,,,,-,populacao_seade-sp_2000a2024,populacao_seade-sp_2000a2024_ign_2019.csv
2019,Vila Maria/Vila Guilherme,VILA_MARIA_VILA_GUILHERME,Vila Maria,Vila_Maria,ign,,,,,,,,,,,,,,,,,-,populacao_seade-sp_2000a2024,populacao_seade-sp_2000a2024_ign_2019.csv
2019,Vila Mariana,VILA_MARIANA,Vila Mariana,Vila_Mariana,ign,,,,,,,,,,,,,,,,,-,populacao_seade-sp_2000a2024,populacao_seade-sp_2000a2024_ign_2019.csv
2019,Penha,PENHA,Vila Matilde,Vila_Matilde,ign,,,,,,,,,,,,,,,,,-,populacao_seade-sp_2000a2024,populacao_seade-sp_2000a2024_ign_2019.csv
2019,Vila Maria/Vila Guilherme,VILA_MARIA_VILA_GUILHERME,Vila Medeiros,Vila_Medeiros,ign,,,,,,,,,,,,,,,,,-,populacao_seade-sp_2000a2024,populacao_seade-sp_2000a2024_ign_2019.csv
2019,Vila Prudente,VILA_PRUDENTE,Vila Prudente,Vila_Prudente,ign,,,,,,,,,,,,,,,,,-,populacao_seade-sp_2000a2024,populacao_seade-sp_2000a2024_ign_2019.csv
2019,Butantã,BUTANTA,Vila Sônia,Vila_Sonia,ign,,,,,,,,,,,,,,,,,-,populacao_seade-sp_2000a2024,populacao_seade-sp_2000a2024_ign_2019.csv
2019,,NAO_IDENTIFICADO,Ignorado,Ignorado,ign,,,,,,,,,,,,,,,,,-,populacao_seade-sp_2000a2024,populacao_seade-sp_2000a2024_ign_2019.csv
2020,Mooca,MOOCA,Água Rasa,Agua_Rasa,ign,,,,,,,,,,,,,,,,,-,populacao_seade-sp_2000a2024,populacao_seade-sp_2000a2024_ign_2020.csv
2020,Pinheiros,PINHEIROS,Alto de Pinheiros,Alto_de_Pinheiros,ign,,,,,,,,,,,,,,,,,-,populacao_seade-sp_2000a2024,populacao_seade-sp_2000a2024_ign_2020.csv
2020,Perus,PERUS,Anhanguera,Anhanguera,ign,,,,,,,,,,,,,,,,,-,populacao_seade-sp_2000a2024,populacao_seade-sp_2000a2024_ign_2020.csv
2020,Aricanduva/Formosa/Carrão,ARICANDUVA_FORMOSA_CARRAO,Aricanduva,Aricanduva,ign,,,,,,,,,,,,,,,,,-,populacao_seade-sp_2000a2024,populacao_seade-sp_2000a2024_ign_2020.csv
2020,Penha,PENHA,Artur Alvim,Artur_Alvim,ign,,,,,,,,,,,,,,,,,-,populacao_seade-sp_2000a2024,populacao_seade-sp_2000a2024_ign_2020.csv
2020,Lapa,LAPA,Barra Funda,Barra_Funda,ign,,,,,,,,,,,,,,,,,-,populacao_seade-sp_2000a2024,populacao_seade-sp_2000a2024_ign_2020.csv
2020,Sé,SE,Bela Vista,Bela_Vista,ign,,,,,,,,,,,,,,,,,-,populacao_seade-sp_2000a2024,populacao_seade-sp_2000a2024_ign_2020.csv
2020,Mooca,MOOCA,Belém,Belem,ign,,,,,,,,,,,,,,,,,-,populacao_seade-sp_2000a2024,populacao_seade-sp_2000a2024_ign_2020.csv
2020,Sé,SE,Bom Retiro,Bom_Retiro,ign,,,,,,,,,,,,,,,,,-,populacao_seade-sp_2000a2024,populacao_seade-sp_2000a2024_ign_2020.csv
2020,Mooca,MOOCA,Brás,Bras,ign,,,,,,,,,,,,,,,,,-,populacao_seade-sp_2000a2024,populacao_seade-sp_2000a2024_ign_2020.csv
2020,Freguesia/Brasilândia,FREGUESIA_BRASILANDIA,Brasilândia,Brasilandia,ign,,,,,,,,,,,,,,,,,-,populacao_seade-sp_2000a2024,populacao_seade-sp_2000a2024_ign_2020.csv
2020,Butantã,BUTANTA,Butantã,Butanta,ign,,,,,,,,,,,,,,,,,-,populacao_seade-sp_2000a2024,populacao_seade-sp_2000a2024_ign_2020.csv
2020,Casa Verde/Cachoeirinha,CASA_VERDE_CACHOEIRINHA,Cachoeirinha,Cachoeirinha,ign,,,,,,,,,,,,,,,,,-,populacao_seade-sp_2000a2024,populacao_seade-sp_2000a2024_ign_2020.csv
2020,Sé,SE,Cambuci,Cambuci,ign,,,,,,,,,,,,,,,,,-,populacao_seade-sp_2000a2024,populacao_seade-sp_2000a2024_ign_2020.csv
2020,Santo Amaro,SANTO_AMARO,Campo Belo,Campo_Belo,ign,,,,,,,,,,,,,,,,,-,populacao_seade-sp_2000a2024,populacao_seade-sp_2000a2024_ign_2020.csv
2020,Santo Amaro,SANTO_AMARO,Campo Grande,Campo_Grande,ign,,,,,,,,,,,,,,,,,-,populacao_seade-sp_2000a2024,populacao_seade-sp_2000a2024_ign_2020.csv
2020,Campo Limpo,CAMPO_LIMPO,Campo Limpo,Campo_Limpo,ign,,,,,,,,,,,,,,,,,-,populacao_seade-sp_2000a2024,populacao_seade-sp_2000a2024_ign_2020.csv
2020,Penha,PENHA,Cangaíba,Cangaiba,ign,,,,,,,,,,,,,,,,,-,populacao_seade-sp_2000a2024,populacao_seade-sp_2000a2024_ign_2020.csv
2020,Campo Limpo,CAMPO_LIMPO,Capão Redondo,Capao_Redondo,ign,,,,,,,,,,,,,,,,,-,populacao_seade-sp_2000a2024,populacao_seade-sp_2000a2024_ign_2020.csv
2020,Aricanduva/Formosa/Carrão,ARICANDUVA_FORMOSA_CARRAO,Carrão,Carrao,ign,,,,,,,,,,,,,,,,,-,populacao_seade-sp_2000a2024,populacao_seade-sp_2000a2024_ign_2020.csv
2020,Casa Verde/Cachoeirinha,CASA_VERDE_CACHOEIRINHA,Casa Verde,Casa_Verde,ign,,,,,,,,,,,,,,,,,-,populacao_seade-sp_2000a2024,populacao_seade-sp_2000a2024_ign_2020.csv
2020,Cidade Ademar,CIDADE_ADEMAR,Cidade Ademar,Cidade_Ademar,ign,,,,,,,,,,,,,,,,,-,populacao_seade-sp_2000a2024,populacao_seade-sp_2000a2024_ign_2020.csv
2020,Capela do Socorro,CAPELA_DO_SOCORRO,Cidade Dutra,Cidade_Dutra,ign,,,,,,,,,,,,,,,,,-,populacao_seade-sp_2000a2024,populacao_seade-sp_2000a2024_ign_2020.csv
2020,Itaquera,ITAQUERA,Cidade Líder,Cidade_Lider,ign,,,,,,,,,,,,,,,,,-,populacao_seade-sp_2000a2024,populacao_seade-sp_2000a2024_ign_2020.csv
2020,Cidade Tiradentes,CIDADE_TIRADENTES,Cidade Tiradentes,Cidade_Tiradentes,ign,,,,,,,,,,,,,,,,,-,populacao_seade-sp_2000a2024,populacao_seade-sp_2000a2024_ign_2020.csv
2020,Sé,SE,Consolação,Consolacao,ign,,,,,,,,,,,,,,,,,-,populacao_seade-sp_2000a2024,populacao_seade-sp_2000a2024_ign_2020.csv
2020,Ipiranga,IPIRANGA,Cursino,Cursino,ign,,,,,,,,,,,,,,,,,-,populacao_seade-sp_2000a2024,populacao_seade-sp_2000a2024_ign_2020.csv
2020,Ermelino Matarazzo,ERMELINO_MATARAZZO,Ermelino Matarazzo,Ermelino_Matarazzo,ign,,,,,,,,,,,,,,,,,-,populacao_seade-sp_2000a2024,populacao_seade-sp_2000a2024_ign_2020.csv
2020,Freguesia/Brasilândia,FREGUESIA_BRASILANDIA,Freguesia do Ó,Freguesia_do_O,ign,,,,,,,,,,,,,,,,,-,populacao_seade-sp_2000a2024,populacao_seade-sp_2000a2024_ign_2020.csv
2020,Capela do Socorro,CAPELA_DO_SOCORRO,Grajaú,Grajau,ign,,,,,,,,,,,,,,,,,-,populacao_seade-sp_2000a2024,populacao_seade-sp_2000a2024_ign_2020.csv
2020,Guaianases,GUAIANASES,Guaianases,Guaianases,ign,,,,,,,,,,,,,,,,,-,populacao_seade-sp_2000a2024,populacao_seade-sp_2000a2024_ign_2020.csv
2020,São Mateus,SAO_MATEUS,Iguatemi,Iguatemi,ign,,,,,,,,,,,,,,,,,-,populacao_seade-sp_2000a2024,populacao_seade-sp_2000a2024_ign_2020.csv
2020,Ipiranga,IPIRANGA,Ipiranga,Ipiranga,ign,,,,,,,,,,,,,,,,,-,populacao_seade-sp_2000a2024,populacao_seade-sp_2000a2024_ign_2020.csv
2020,Pinheiros,PINHEIROS,Itaim Bibi,Itaim_Bibi,ign,,,,,,,,,,,,,,,,,-,populacao_seade-sp_2000a2024,populacao_seade-sp_2000a2024_ign_2020.csv
2020,Itaim Paulista,ITAIM_PAULISTA,Itaim Paulista,Itaim_Paulista,ign,,,,,,,,,,,,,,,,,-,populacao_seade-sp_2000a2024,populacao_seade-sp_2000a2024_ign_2020.csv
2020,Itaquera,ITAQUERA,Itaquera,Itaquera,ign,,,,,,,,,,,,,,,,,-,populacao_seade-sp_2000a2024,populacao_seade-sp_2000a2024_ign_2020.csv
2020,Jabaquara,JABAQUARA,Jabaquara,Jabaquara,ign,,,,,,,,,,,,,,,,,-,populacao_seade-sp_2000a2024,populacao_seade-sp_2000a2024_ign_2020.csv
2020,Jaçanã/Tremembé,JACANA_TREMEMBE,Jaçanã,Jacana,ign,,,,,,,,,,,,,,,,,-,populacao_seade-sp_2000a2024,populacao_seade-sp_2000a2024_ign_2020.csv
2020,Lapa,LAPA,Jaguara,Jaguara,ign,,,,,,,,,,,,,,,,,-,populacao_seade-sp_2000a2024,populacao_seade-sp_2000a2024_ign_2020.csv
2020,Lapa,LAPA,Jaguaré,Jaguare,ign,,,,,,,,,,,,,,,,,-,populacao_seade-sp_2000a2024,populacao_seade-sp_2000a2024_ign_2020.csv
2020,Pirituba/Jaraguá,PIRITUBA_JARAGUA,Jaraguá,Jaragua,ign,,,,,,,,,,,,,,,,,-,populacao_seade-sp_2000a2024,populacao_seade-sp_2000a2024_ign_2020.csv
2020,M'Boi Mirim,M_BOI_MIRIM,Jardim Ângela,Jardim_Angela,ign,,,,,,,,,,,,,,,,,-,populacao_seade-sp_2000a2024,populacao_seade-sp_2000a2024_ign_2020.csv
2020,São Miguel,SAO_MIGUEL,Jardim Helena,Jardim_Helena,ign,,,,,,,,,,,,,,,,,-,populacao_seade-sp_2000a2024,populacao_seade-sp_2000a2024_ign_2020.csv
2020,Pinheiros,PINHEIROS,Jardim Paulista,Jardim_Paulista,ign,,,,,,,,,,,,,,,,,-,populacao_seade-sp_2000a2024,populacao_seade-sp_2000a2024_ign_2020.csv
2020,M'Boi Mirim,M_BOI_MIRIM,Jardim São Luís,Jardim_Sao_Luis,ign,,,,,,,,,,,,,,,,,-,populacao_seade-sp_2000a2024,populacao_seade-sp_2000a2024_ign_2020.csv
2020,Itaquera,ITAQUERA,José Bonifácio,Jose_Bonifacio,ign,,,,,,,,,,,,,,,,,-,populacao_seade-sp_2000a2024,populacao_seade-sp_2000a2024_ign_2020.csv
2020,Guaianases,GUAIANASES,Lajeado,Lajeado,ign,,,,,,,,,,,,,,,,,-,populacao_seade-sp_2000a2024,populacao_seade-sp_2000a2024_ign_2020.csv
2020,Lapa,LAPA,Lapa,Lapa,ign,,,,,,,,,,,,,,,,,-,populacao_seade-sp_2000a2024,populacao_seade-sp_2000a2024_ign_2020.csv
2020,Sé,SE,Liberdade,Liberdade,ign,,,,,,,,,,,,,,,,,-,populacao_seade-sp_2000a2024,populacao_seade-sp_2000a2024_ign_2020.csv
2020,Casa Verde/Cachoeirinha,CASA_VERDE_CACHOEIRINHA,Limão,Limao,ign,,,,,,,,,,,,,,,,,-,populacao_seade-sp_2000a2024,populacao_seade-sp_2000a2024_ign_2020.csv
2020,Santana/Tucuruvi,SANTANA_TUCURUVI,Mandaqui,Mandaqui,ign,,,,,,,,,,,,,,,,,-,populacao_seade-sp_2000a2024,populacao_seade-sp_2000a2024_ign_2020.csv
2020,Parelheiros,PARELHEIROS,Marsilac,Marsilac,ign,,,,,,,,,,,,,,,,,-,populacao_seade-sp_2000a2024,populacao_seade-sp_2000a2024_ign_2020.csv
2020,Vila Mariana,VILA_MARIANA,Moema,Moema,ign,,,,,,,,,,,,,,,,,-,populacao_seade-sp_2000a2024,populacao_seade-sp_2000a2024_ign_2020.csv
2020,Mooca,MOOCA,Mooca,Mooca,ign,,,,,,,,,,,,,,,,,-,populacao_seade-sp_2000a2024,populacao_seade-sp_2000a2024_ign_2020.csv
2020,Butantã,BUTANTA,Morumbi,Morumbi,ign,,,,,,,,,,,,,,,,,-,populacao_seade-sp_2000a2024,populacao_seade-sp_2000a2024_ign_2020.csv
2020,Parelheiros,PARELHEIROS,Parelheiros,Parelheiros,ign,,,,,,,,,,,,,,,,,-,populacao_seade-sp_2000a2024,populacao_seade-sp_2000a2024_ign_2020.csv
2020,Mooca,MOOCA,Pari,Pari,ign,,,,,,,,,,,,,,,,,-,populacao_seade-sp_2000a2024,populacao_seade-sp_2000a2024_ign_2020.csv
2020,Itaquera,ITAQUERA,Parque do Carmo,Parque_do_Carmo,ign,,,,,,,,,,,,,,,,,-,populacao_seade-sp_2000a2024,populacao_seade-sp_2000a2024_ign_2020.csv
2020,Cidade Ademar,CIDADE_ADEMAR,Pedreira,Pedreira,ign,,,,,,,,,,,,,,,,,-,populacao_seade-sp_2000a2024,populacao_seade-sp_2000a2024_ign_2020.csv
2020,Penha,PENHA,Penha,Penha,ign,,,,,,,,,,,,,,,,,-,populacao_seade-sp_2000a2024,populacao_seade-sp_2000a2024_ign_2020.csv
2020,Lapa,LAPA,Perdizes,Perdizes,ign,,,,,,,,,,,,,,,,,-,populacao_seade-sp_2000a2024,populacao_seade-sp_2000a2024_ign_2020.csv
2020,Perus,PERUS,Perus,Perus,ign,,,,,,,,,,,,,,,,,-,populacao_seade-sp_2000a2024,populacao_seade-sp_2000a2024_ign_2020.csv
2020,Pinheiros,PINHEIROS,Pinheiros,Pinheiros,ign,,,,,,,,,,,,,,,,,-,populacao_seade-sp_2000a2024,populacao_seade-sp_2000a2024_ign_2020.csv
2020,Pirituba/Jaraguá,PIRITUBA_JARAGUA,Pirituba,Pirituba,ign,,,,,,,,,,,,,,,,,-,populacao_seade-sp_2000a2024,populacao_seade-sp_2000a2024_ign_2020.csv
2020,Ermelino Matarazzo,ERMELINO_MATARAZZO,Ponte Rasa,Ponte_Rasa,ign,,,,,,,,,,,,,,,,,-,populacao_seade-sp_2000a2024,populacao_seade-sp_2000a2024_ign_2020.csv
2020,Butantã,BUTANTA,Raposo Tavares,Raposo_Tavares,ign,,,,,,,,,,,,,,,,,-,populacao_seade-sp_2000a2024,populacao_seade-sp_2000a2024_ign_2020.csv
2020,Sé,SE,República,Republica,ign,,,,,,,,,,,,,,,,,-,populacao_seade-sp_2000a2024,populacao_seade-sp_2000a2024_ign_2020.csv
2020,Butantã,BUTANTA,Rio Pequeno,Rio_Pequeno,ign,,,,,,,,,,,,,,,,,-,populacao_seade-sp_2000a2024,populacao_seade-sp_2000a2024_ign_2020.csv
2020,Ipiranga,IPIRANGA,Sacomã,Sacoma,ign,,,,,,,,,,,,,,,,,-,populacao_seade-sp_2000a2024,populacao_seade-sp_2000a2024_ign_2020.csv
2020,Sé,SE,Santa Cecília,Santa_Cecilia,ign,,,,,,,,,,,,,,,,,-,populacao_seade-sp_2000a2024,populacao_seade-sp_2000a2024_ign_2020.csv
2020,Santana/Tucuruvi,SANTANA_TUCURUVI,Santana,Santana,ign,,,,,,,,,,,,,,,,,-,populacao_seade-sp_2000a2024,populacao_seade-sp_2000a2024_ign_2020.csv
2020,Santo Amaro,SANTO_AMARO,Santo Amaro,Santo_Amaro,ign,,,,,,,,,,,,,,,,,-,populacao_seade-sp_2000a2024,populacao_seade-sp_2000a2024_ign_2020.csv
2020,Pirituba/Jaraguá,PIRITUBA_JARAGUA,São Domingos,Sao_Domingos,ign,,,,,,,,,,,,,,,,,-,populacao_seade-sp_2000a2024,populacao_seade-sp_2000a2024_ign_2020.csv
2020,Vila Prudente,VILA_PRUDENTE,São Lucas,Sao_Lucas,ign,,,,,,,,,,,,,,,,,-,populacao_seade-sp_2000a2024,populacao_seade-sp_2000a2024_ign_2020.csv
2020,São Mateus,SAO_MATEUS,São Mateus,Sao_Mateus,ign,,,,,,,,,,,,,,,,,-,populacao_seade-sp_2000a2024,populacao_seade-sp_2000a2024_ign_2020.csv
2020,São Miguel,SAO_MIGUEL,São Miguel,Sao_Miguel,ign,,,,,,,,,,,,,,,,,-,populacao_seade-sp_2000a2024,populacao_seade-sp_2000a2024_ign_2020.csv
2020,São Mateus,SAO_MATEUS,São Rafael,Sao_Rafael,ign,,,,,,,,,,,,,,,,,-,populacao_seade-sp_2000a2024,populacao_seade-sp_2000a2024_ign_2020.csv
2020,Sapopemba,SAPOPEMBA,Sapopemba,Sapopemba,ign,,,,,,,,,,,,,,,,,-,populacao_seade-sp_2000a2024,populacao_seade-sp_2000a2024_ign_2020.csv
2020,Vila Mariana,VILA_MARIANA,Saúde,Saude,ign,,,,,,,,,,,,,,,,,-,populacao_seade-sp_2000a2024,populacao_seade-sp_2000a2024_ign_2020.csv
2020,Sé,SE,Sé,Se,ign,,,,,,,,,,,,,,,,,-,populacao_seade-sp_2000a2024,populacao_seade-sp_2000a2024_ign_2020.csv
2020,Capela do Socorro,CAPELA_DO_SOCORRO,Socorro,Socorro,ign,,,,,,,,,,,,,,,,,-,populacao_seade-sp_2000a2024,populacao_seade-sp_2000a2024_ign_2020.csv
2020,Mooca,MOOCA,Tatuapé,Tatuape,ign,,,,,,,,,,,,,,,,,-,populacao_seade-sp_2000a2024,populacao_seade-sp_2000a2024_ign_2020.csv
2020,Jaçanã/Tremembé,JACANA_TREMEMBE,Tremembé,Tremembe,ign,,,,,,,,,,,,,,,,,-,populacao_seade-sp_2000a2024,populacao_seade-sp_2000a2024_ign_2020.csv
2020,Santana/Tucuruvi,SANTANA_TUCURUVI,Tucuruvi,Tucuruvi,ign,,,,,,,,,,,,,,,,,-,populacao_seade-sp_2000a2024,populacao_seade-sp_2000a2024_ign_2020.csv
2020,Campo Limpo,CAMPO_LIMPO,Vila Andrade,Vila_Andrade,ign,,,,,,,,,,,,,,,,,-,populacao_seade-sp_2000a2024,populacao_seade-sp_2000a2024_ign_2020.csv
2020,Itaim Paulista,ITAIM_PAULISTA,Vila Curuçá,Vila_Curuca,ign,,,,,,,,,,,,,,,,,-,populacao_seade-sp_2000a2024,populacao_seade-sp_2000a2024_ign_2020.csv
2020,Aricanduva/Formosa/Carrão,ARICANDUVA_FORMOSA_CARRAO,Vila Formosa,Vila_Formosa,ign,,,,,,,,,,,,,,,,,-,populacao_seade-sp_2000a2024,populacao_seade-sp_2000a2024_ign_2020.csv
2020,Vila Maria/Vila Guilherme,VILA_MARIA_VILA_GUILHERME,Vila Guilherme,Vila_Guilherme,ign,,,,,,,,,,,,,,,,,-,populacao_seade-sp_2000a2024,populacao_seade-sp_2000a2024_ign_2020.csv
2020,São Miguel,SAO_MIGUEL,Vila Jacuí,Vila_Jacui,ign,,,,,,,,,,,,,,,,,-,populacao_seade-sp_2000a2024,populacao_seade-sp_2000a2024_ign_2020.csv
2020,Lapa,LAPA,Vila Leopoldina,Vila_Leopoldina,ign,,,,,,,,,,,,,,,,,-,populacao_seade-sp_2000a2024,populacao_seade-sp_2000a2024_ign_2020.csv
2020,Vila Maria/Vila Guilherme,VILA_MARIA_VILA_GUILHERME,Vila Maria,Vila_Maria,ign,,,,,,,,,,,,,,,,,-,populacao_seade-sp_2000a2024,populacao_seade-sp_2000a2024_ign_2020.csv
2020,Vila Mariana,VILA_MARIANA,Vila Mariana,Vila_Mariana,ign,,,,,,,,,,,,,,,,,-,populacao_seade-sp_2000a2024,populacao_seade-sp_2000a2024_ign_2020.csv
2020,Penha,PENHA,Vila Matilde,Vila_Matilde,ign,,,,,,,,,,,,,,,,,-,populacao_seade-sp_2000a2024,populacao_seade-sp_2000a2024_ign_2020.csv
2020,Vila Maria/Vila Guilherme,VILA_MARIA_VILA_GUILHERME,Vila Medeiros,Vila_Medeiros,ign,,,,,,,,,,,,,,,,,-,populacao_seade-sp_2000a2024,populacao_seade-sp_2000a2024_ign_2020.csv
2020,Vila Prudente,VILA_PRUDENTE,Vila Prudente,Vila_Prudente,ign,,,,,,,,,,,,,,,,,-,populacao_seade-sp_2000a2024,populacao_seade-sp_2000a2024_ign_2020.csv
2020,Butantã,BUTANTA,Vila Sônia,Vila_Sonia,ign,,,,,,,,,,,,,,,,,-,populacao_seade-sp_2000a2024,populacao_seade-sp_2000a2024_ign_2020.csv
2020,,NAO_IDENTIFICADO,Ignorado,Ignorado,ign,,,,,,,,,,,,,,,,,-,populacao_seade-sp_2000a2024,populacao_seade-sp_2000a2024_ign_2020.csv
2021,Mooca,MOOCA,Água Rasa,Agua_Rasa,ign,,,,,,,,,,,,,,,,,-,populacao_seade-sp_2000a2024,populacao_seade-sp_2000a2024_ign_2021.csv
2021,Pinheiros,PINHEIROS,Alto de Pinheiros,Alto_de_Pinheiros,ign,,,,,,,,,,,,,,,,,-,populacao_seade-sp_2000a2024,populacao_seade-sp_2000a2024_ign_2021.csv
2021,Perus,PERUS,Anhanguera,Anhanguera,ign,,,,,,,,,,,,,,,,,-,populacao_seade-sp_2000a2024,populacao_seade-sp_2000a2024_ign_2021.csv
2021,Aricanduva/Formosa/Carrão,ARICANDUVA_FORMOSA_CARRAO,Aricanduva,Aricanduva,ign,,,,,,,,,,,,,,,,,-,populacao_seade-sp_2000a2024,populacao_seade-sp_2000a2024_ign_2021.csv
2021,Penha,PENHA,Artur Alvim,Artur_Alvim,ign,,,,,,,,,,,,,,,,,-,populacao_seade-sp_2000a2024,populacao_seade-sp_2000a2024_ign_2021.csv
2021,Lapa,LAPA,Barra Funda,Barra_Funda,ign,,,,,,,,,,,,,,,,,-,populacao_seade-sp_2000a2024,populacao_seade-sp_2000a2024_ign_2021.csv
2021,Sé,SE,Bela Vista,Bela_Vista,ign,,,,,,,,,,,,,,,,,-,populacao_seade-sp_2000a2024,populacao_seade-sp_2000a2024_ign_2021.csv
2021,Mooca,MOOCA,Belém,Belem,ign,,,,,,,,,,,,,,,,,-,populacao_seade-sp_2000a2024,populacao_seade-sp_2000a2024_ign_2021.csv
2021,Sé,SE,Bom Retiro,Bom_Retiro,ign,,,,,,,,,,,,,,,,,-,populacao_seade-sp_2000a2024,populacao_seade-sp_2000a2024_ign_2021.csv
2021,Mooca,MOOCA,Brás,Bras,ign,,,,,,,,,,,,,,,,,-,populacao_seade-sp_2000a2024,populacao_seade-sp_2000a2024_ign_2021.csv
2021,Freguesia/Brasilândia,FREGUESIA_BRASILANDIA,Brasilândia,Brasilandia,ign,,,,,,,,,,,,,,,,,-,populacao_seade-sp_2000a2024,populacao_seade-sp_2000a2024_ign_2021.csv
2021,Butantã,BUTANTA,Butantã,Butanta,ign,,,,,,,,,,,,,,,,,-,populacao_seade-sp_2000a2024,populacao_seade-sp_2000a2024_ign_2021.csv
2021,Casa Verde/Cachoeirinha,CASA_VERDE_CACHOEIRINHA,Cachoeirinha,Cachoeirinha,ign,,,,,,,,,,,,,,,,,-,populacao_seade-sp_2000a2024,populacao_seade-sp_2000a2024_ign_2021.csv
2021,Sé,SE,Cambuci,Cambuci,ign,,,,,,,,,,,,,,,,,-,populacao_seade-sp_2000a2024,populacao_seade-sp_2000a2024_ign_2021.csv
2021,Santo Amaro,SANTO_AMARO,Campo Belo,Campo_Belo,ign,,,,,,,,,,,,,,,,,-,populacao_seade-sp_2000a2024,populacao_seade-sp_2000a2024_ign_2021.csv
2021,Santo Amaro,SANTO_AMARO,Campo Grande,Campo_Grande,ign,,,,,,,,,,,,,,,,,-,populacao_seade-sp_2000a2024,populacao_seade-sp_2000a2024_ign_2021.csv
2021,Campo Limpo,CAMPO_LIMPO,Campo Limpo,Campo_Limpo,ign,,,,,,,,,,,,,,,,,-,populacao_seade-sp_2000a2024,populacao_seade-sp_2000a2024_ign_2021.csv
2021,Penha,PENHA,Cangaíba,Cangaiba,ign,,,,,,,,,,,,,,,,,-,populacao_seade-sp_2000a2024,populacao_seade-sp_2000a2024_ign_2021.csv
2021,Campo Limpo,CAMPO_LIMPO,Capão Redondo,Capao_Redondo,ign,,,,,,,,,,,,,,,,,-,populacao_seade-sp_2000a2024,populacao_seade-sp_2000a2024_ign_2021.csv
2021,Aricanduva/Formosa/Carrão,ARICANDUVA_FORMOSA_CARRAO,Carrão,Carrao,ign,,,,,,,,,,,,,,,,,-,populacao_seade-sp_2000a2024,populacao_seade-sp_2000a2024_ign_2021.csv
2021,Casa Verde/Cachoeirinha,CASA_VERDE_CACHOEIRINHA,Casa Verde,Casa_Verde,ign,,,,,,,,,,,,,,,,,-,populacao_seade-sp_2000a2024,populacao_seade-sp_2000a2024_ign_2021.csv
2021,Cidade Ademar,CIDADE_ADEMAR,Cidade Ademar,Cidade_Ademar,ign,,,,,,,,,,,,,,,,,-,populacao_seade-sp_2000a2024,populacao_seade-sp_2000a2024_ign_2021.csv
2021,Capela do Socorro,CAPELA_DO_SOCORRO,Cidade Dutra,Cidade_Dutra,ign,,,,,,,,,,,,,,,,,-,populacao_seade-sp_2000a2024,populacao_seade-sp_2000a2024_ign_2021.csv
2021,Itaquera,ITAQUERA,Cidade Líder,Cidade_Lider,ign,,,,,,,,,,,,,,,,,-,populacao_seade-sp_2000a2024,populacao_seade-sp_2000a2024_ign_2021.csv
2021,Cidade Tiradentes,CIDADE_TIRADENTES,Cidade Tiradentes,Cidade_Tiradentes,ign,,,,,,,,,,,,,,,,,-,populacao_seade-sp_2000a2024,populacao_seade-sp_2000a2024_ign_2021.csv
2021,Sé,SE,Consolação,Consolacao,ign,,,,,,,,,,,,,,,,,-,populacao_seade-sp_2000a2024,populacao_seade-sp_2000a2024_ign_2021.csv
2021,Ipiranga,IPIRANGA,Cursino,Cursino,ign,,,,,,,,,,,,,,,,,-,populacao_seade-sp_2000a2024,populacao_seade-sp_2000a2024_ign_2021.csv
2021,Ermelino Matarazzo,ERMELINO_MATARAZZO,Ermelino Matarazzo,Ermelino_Matarazzo,ign,,,,,,,,,,,,,,,,,-,populacao_seade-sp_2000a2024,populacao_seade-sp_2000a2024_ign_2021.csv
2021,Freguesia/Brasilândia,FREGUESIA_BRASILANDIA,Freguesia do Ó,Freguesia_do_O,ign,,,,,,,,,,,,,,,,,-,populacao_seade-sp_2000a2024,populacao_seade-sp_2000a2024_ign_2021.csv
2021,Capela do Socorro,CAPELA_DO_SOCORRO,Grajaú,Grajau,ign,,,,,,,,,,,,,,,,,-,populacao_seade-sp_2000a2024,populacao_seade-sp_2000a2024_ign_2021.csv
2021,Guaianases,GUAIANASES,Guaianases,Guaianases,ign,,,,,,,,,,,,,,,,,-,populacao_seade-sp_2000a2024,populacao_seade-sp_2000a2024_ign_2021.csv
2021,São Mateus,SAO_MATEUS,Iguatemi,Iguatemi,ign,,,,,,,,,,,,,,,,,-,populacao_seade-sp_2000a2024,populacao_seade-sp_2000a2024_ign_2021.csv
2021,Ipiranga,IPIRANGA,Ipiranga,Ipiranga,ign,,,,,,,,,,,,,,,,,-,populacao_seade-sp_2000a2024,populacao_seade-sp_2000a2024_ign_2021.csv
2021,Pinheiros,PINHEIROS,Itaim Bibi,Itaim_Bibi,ign,,,,,,,,,,,,,,,,,-,populacao_seade-sp_2000a2024,populacao_seade-sp_2000a2024_ign_2021.csv
2021,Itaim Paulista,ITAIM_PAULISTA,Itaim Paulista,Itaim_Paulista,ign,,,,,,,,,,,,,,,,,-,populacao_seade-sp_2000a2024,populacao_seade-sp_2000a2024_ign_2021.csv
2021,Itaquera,ITAQUERA,Itaquera,Itaquera,ign,,,,,,,,,,,,,,,,,-,populacao_seade-sp_2000a2024,populacao_seade-sp_2000a2024_ign_2021.csv
2021,Jabaquara,JABAQUARA,Jabaquara,Jabaquara,ign,,,,,,,,,,,,,,,,,-,populacao_seade-sp_2000a2024,populacao_seade-sp_2000a2024_ign_2021.csv
2021,Jaçanã/Tremembé,JACANA_TREMEMBE,Jaçanã,Jacana,ign,,,,,,,,,,,,,,,,,-,populacao_seade-sp_2000a2024,populacao_seade-sp_2000a2024_ign_2021.csv
2021,Lapa,LAPA,Jaguara,Jaguara,ign,,,,,,,,,,,,,,,,,-,populacao_seade-sp_2000a2024,populacao_seade-sp_2000a2024_ign_2021.csv
2021,Lapa,LAPA,Jaguaré,Jaguare,ign,,,,,,,,,,,,,,,,,-,populacao_seade-sp_2000a2024,populacao_seade-sp_2000a2024_ign_2021.csv
2021,Pirituba/Jaraguá,PIRITUBA_JARAGUA,Jaraguá,Jaragua,ign,,,,,,,,,,,,,,,,,-,populacao_seade-sp_2000a2024,populacao_seade-sp_2000a2024_ign_2021.csv
2021,M'Boi Mirim,M_BOI_MIRIM,Jardim Ângela,Jardim_Angela,ign,,,,,,,,,,,,,,,,,-,populacao_seade-sp_2000a2024,populacao_seade-sp_2000a2024_ign_2021.csv
2021,São Miguel,SAO_MIGUEL,Jardim Helena,Jardim_Helena,ign,,,,,,,,,,,,,,,,,-,populacao_seade-sp_2000a2024,populacao_seade-sp_2000a2024_ign_2021.csv
2021,Pinheiros,PINHEIROS,Jardim Paulista,Jardim_Paulista,ign,,,,,,,,,,,,,,,,,-,populacao_seade-sp_2000a2024,populacao_seade-sp_2000a2024_ign_2021.csv
2021,M'Boi Mirim,M_BOI_MIRIM,Jardim São Luís,Jardim_Sao_Luis,ign,,,,,,,,,,,,,,,,,-,populacao_seade-sp_2000a2024,populacao_seade-sp_2000a2024_ign_2021.csv
2021,Itaquera,ITAQUERA,José Bonifácio,Jose_Bonifacio,ign,,,,,,,,,,,,,,,,,-,populacao_seade-sp_2000a2024,populacao_seade-sp_2000a2024_ign_2021.csv
2021,Guaianases,GUAIANASES,Lajeado,Lajeado,ign,,,,,,,,,,,,,,,,,-,populacao_seade-sp_2000a2024,populacao_seade-sp_2000a2024_ign_2021.csv
2021,Lapa,LAPA,Lapa,Lapa,ign,,,,,,,,,,,,,,,,,-,populacao_seade-sp_2000a2024,populacao_seade-sp_2000a2024_ign_2021.csv
2021,Sé,SE,Liberdade,Liberdade,ign,,,,,,,,,,,,,,,,,-,populacao_seade-sp_2000a2024,populacao_seade-sp_2000a2024_ign_2021.csv
2021,Casa Verde/Cachoeirinha,CASA_VERDE_CACHOEIRINHA,Limão,Limao,ign,,,,,,,,,,,,,,,,,-,populacao_seade-sp_2000a2024,populacao_seade-sp_2000a2024_ign_2021.csv
2021,Santana/Tucuruvi,SANTANA_TUCURUVI,Mandaqui,Mandaqui,ign,,,,,,,,,,,,,,,,,-,populacao_seade-sp_2000a2024,populacao_seade-sp_2000a2024_ign_2021.csv
2021,Parelheiros,PARELHEIROS,Marsilac,Marsilac,ign,,,,,,,,,,,,,,,,,-,populacao_seade-sp_2000a2024,populacao_seade-sp_2000a2024_ign_2021.csv
2021,Vila Mariana,VILA_MARIANA,Moema,Moema,ign,,,,,,,,,,,,,,,,,-,populacao_seade-sp_2000a2024,populacao_seade-sp_2000a2024_ign_2021.csv
2021,Mooca,MOOCA,Mooca,Mooca,ign,,,,,,,,,,,,,,,,,-,populacao_seade-sp_2000a2024,populacao_seade-sp_2000a2024_ign_2021.csv
2021,Butantã,BUTANTA,Morumbi,Morumbi,ign,,,,,,,,,,,,,,,,,-,populacao_seade-sp_2000a2024,populacao_seade-sp_2000a2024_ign_2021.csv
2021,Parelheiros,PARELHEIROS,Parelheiros,Parelheiros,ign,,,,,,,,,,,,,,,,,-,populacao_seade-sp_2000a2024,populacao_seade-sp_2000a2024_ign_2021.csv
2021,Mooca,MOOCA,Pari,Pari,ign,,,,,,,,,,,,,,,,,-,populacao_seade-sp_2000a2024,populacao_seade-sp_2000a2024_ign_2021.csv
2021,Itaquera,ITAQUERA,Parque do Carmo,Parque_do_Carmo,ign,,,,,,,,,,,,,,,,,-,populacao_seade-sp_2000a2024,populacao_seade-sp_2000a2024_ign_2021.csv
2021,Cidade Ademar,CIDADE_ADEMAR,Pedreira,Pedreira,ign,,,,,,,,,,,,,,,,,-,populacao_seade-sp_2000a2024,populacao_seade-sp_2000a2024_ign_2021.csv
2021,Penha,PENHA,Penha,Penha,ign,,,,,,,,,,,,,,,,,-,populacao_seade-sp_2000a2024,populacao_seade-sp_2000a2024_ign_2021.csv
2021,Lapa,LAPA,Perdizes,Perdizes,ign,,,,,,,,,,,,,,,,,-,populacao_seade-sp_2000a2024,populacao_seade-sp_2000a2024_ign_2021.csv
2021,Perus,PERUS,Perus,Perus,ign,,,,,,,,,,,,,,,,,-,populacao_seade-sp_2000a2024,populacao_seade-sp_2000a2024_ign_2021.csv
2021,Pinheiros,PINHEIROS,Pinheiros,Pinheiros,ign,,,,,,,,,,,,,,,,,-,populacao_seade-sp_2000a2024,populacao_seade-sp_2000a2024_ign_2021.csv
2021,Pirituba/Jaraguá,PIRITUBA_JARAGUA,Pirituba,Pirituba,ign,,,,,,,,,,,,,,,,,-,populacao_seade-sp_2000a2024,populacao_seade-sp_2000a2024_ign_2021.csv
2021,Ermelino Matarazzo,ERMELINO_MATARAZZO,Ponte Rasa,Ponte_Rasa,ign,,,,,,,,,,,,,,,,,-,populacao_seade-sp_2000a2024,populacao_seade-sp_2000a2024_ign_2021.csv
2021,Butantã,BUTANTA,Raposo Tavares,Raposo_Tavares,ign,,,,,,,,,,,,,,,,,-,populacao_seade-sp_2000a2024,populacao_seade-sp_2000a2024_ign_2021.csv
2021,Sé,SE,República,Republica,ign,,,,,,,,,,,,,,,,,-,populacao_seade-sp_2000a2024,populacao_seade-sp_2000a2024_ign_2021.csv
2021,Butantã,BUTANTA,Rio Pequeno,Rio_Pequeno,ign,,,,,,,,,,,,,,,,,-,populacao_seade-sp_2000a2024,populacao_seade-sp_2000a2024_ign_2021.csv
2021,Ipiranga,IPIRANGA,Sacomã,Sacoma,ign,,,,,,,,,,,,,,,,,-,populacao_seade-sp_2000a2024,populacao_seade-sp_2000a2024_ign_2021.csv
2021,Sé,SE,Santa Cecília,Santa_Cecilia,ign,,,,,,,,,,,,,,,,,-,populacao_seade-sp_2000a2024,populacao_seade-sp_2000a2024_ign_2021.csv
2021,Santana/Tucuruvi,SANTANA_TUCURUVI,Santana,Santana,ign,,,,,,,,,,,,,,,,,-,populacao_seade-sp_2000a2024,populacao_seade-sp_2000a2024_ign_2021.csv
2021,Santo Amaro,SANTO_AMARO,Santo Amaro,Santo_Amaro,ign,,,,,,,,,,,,,,,,,-,populacao_seade-sp_2000a2024,populacao_seade-sp_2000a2024_ign_2021.csv
2021,Pirituba/Jaraguá,PIRITUBA_JARAGUA,São Domingos,Sao_Domingos,ign,,,,,,,,,,,,,,,,,-,populacao_seade-sp_2000a2024,populacao_seade-sp_2000a2024_ign_2021.csv
2021,Vila Prudente,VILA_PRUDENTE,São Lucas,Sao_Lucas,ign,,,,,,,,,,,,,,,,,-,populacao_seade-sp_2000a2024,populacao_seade-sp_2000a2024_ign_2021.csv
2021,São Mateus,SAO_MATEUS,São Mateus,Sao_Mateus,ign,,,,,,,,,,,,,,,,,-,populacao_seade-sp_2000a2024,populacao_seade-sp_2000a2024_ign_2021.csv
2021,São Miguel,SAO_MIGUEL,São Miguel,Sao_Miguel,ign,,,,,,,,,,,,,,,,,-,populacao_seade-sp_2000a2024,populacao_seade-sp_2000a2024_ign_2021.csv
2021,São Mateus,SAO_MATEUS,São Rafael,Sao_Rafael,ign,,,,,,,,,,,,,,,,,-,populacao_seade-sp_2000a2024,populacao_seade-sp_2000a2024_ign_2021.csv
2021,Sapopemba,SAPOPEMBA,Sapopemba,Sapopemba,ign,,,,,,,,,,,,,,,,,-,populacao_seade-sp_2000a2024,populacao_seade-sp_2000a2024_ign_2021.csv
2021,Vila Mariana,VILA_MARIANA,Saúde,Saude,ign,,,,,,,,,,,,,,,,,-,populacao_seade-sp_2000a2024,populacao_seade-sp_2000a2024_ign_2021.csv
2021,Sé,SE,Sé,Se,ign,,,,,,,,,,,,,,,,,-,populacao_seade-sp_2000a2024,populacao_seade-sp_2000a2024_ign_2021.csv
2021,Capela do Socorro,CAPELA_DO_SOCORRO,Socorro,Socorro,ign,,,,,,,,,,,,,,,,,-,populacao_seade-sp_2000a2024,populacao_seade-sp_2000a2024_ign_2021.csv
2021,Mooca,MOOCA,Tatuapé,Tatuape,ign,,,,,,,,,,,,,,,,,-,populacao_seade-sp_2000a2024,populacao_seade-sp_2000a2024_ign_2021.csv
2021,Jaçanã/Tremembé,JACANA_TREMEMBE,Tremembé,Tremembe,ign,,,,,,,,,,,,,,,,,-,populacao_seade-sp_2000a2024,populacao_seade-sp_2000a2024_ign_2021.csv
2021,Santana/Tucuruvi,SANTANA_TUCURUVI,Tucuruvi,Tucuruvi,ign,,,,,,,,,,,,,,,,,-,populacao_seade-sp_2000a2024,populacao_seade-sp_2000a2024_ign_2021.csv
2021,Campo Limpo,CAMPO_LIMPO,Vila Andrade,Vila_Andrade,ign,,,,,,,,,,,,,,,,,-,populacao_seade-sp_2000a2024,populacao_seade-sp_2000a2024_ign_2021.csv
2021,Itaim Paulista,ITAIM_PAULISTA,Vila Curuçá,Vila_Curuca,ign,,,,,,,,,,,,,,,,,-,populacao_seade-sp_2000a2024,populacao_seade-sp_2000a2024_ign_2021.csv
2021,Aricanduva/Formosa/Carrão,ARICANDUVA_FORMOSA_CARRAO,Vila Formosa,Vila_Formosa,ign,,,,,,,,,,,,,,,,,-,populacao_seade-sp_2000a2024,populacao_seade-sp_2000a2024_ign_2021.csv
2021,Vila Maria/Vila Guilherme,VILA_MARIA_VILA_GUILHERME,Vila Guilherme,Vila_Guilherme,ign,,,,,,,,,,,,,,,,,-,populacao_seade-sp_2000a2024,populacao_seade-sp_2000a2024_ign_2021.csv
2021,São Miguel,SAO_MIGUEL,Vila Jacuí,Vila_Jacui,ign,,,,,,,,,,,,,,,,,-,populacao_seade-sp_2000a2024,populacao_seade-sp_2000a2024_ign_2021.csv
2021,Lapa,LAPA,Vila Leopoldina,Vila_Leopoldina,ign,,,,,,,,,,,,,,,,,-,populacao_seade-sp_2000a2024,populacao_seade-sp_2000a2024_ign_2021.csv
2021,Vila Maria/Vila Guilherme,VILA_MARIA_VILA_GUILHERME,Vila Maria,Vila_Maria,ign,,,,,,,,,,,,,,,,,-,populacao_seade-sp_2000a2024,populacao_seade-sp_2000a2024_ign_2021.csv
2021,Vila Mariana,VILA_MARIANA,Vila Mariana,Vila_Mariana,ign,,,,,,,,,,,,,,,,,-,populacao_seade-sp_2000a2024,populacao_seade-sp_2000a2024_ign_2021.csv
2021,Penha,PENHA,Vila Matilde,Vila_Matilde,ign,,,,,,,,,,,,,,,,,-,populacao_seade-sp_2000a2024,populacao_seade-sp_2000a2024_ign_2021.csv
2021,Vila Maria/Vila Guilherme,VILA_MARIA_VILA_GUILHERME,Vila Medeiros,Vila_Medeiros,ign,,,,,,,,,,,,,,,,,-,populacao_seade-sp_2000a2024,populacao_seade-sp_2000a2024_ign_2021.csv
2021,Vila Prudente,VILA_PRUDENTE,Vila Prudente,Vila_Prudente,ign,,,,,,,,,,,,,,,,,-,populacao_seade-sp_2000a2024,populacao_seade-sp_2000a2024_ign_2021.csv
2021,Butantã,BUTANTA,Vila Sônia,Vila_Sonia,ign,,,,,,,,,,,,,,,,,-,populacao_seade-sp_2000a2024,populacao_seade-sp_2000a2024_ign_2021.csv
2021,,NAO_IDENTIFICADO,Ignorado,Ignorado,ign,,,,,,,,,,,,,,,,,-,populacao_seade-sp_2000a2024,populacao_seade-sp_2000a2024_ign_2021.csv
2022,Mooca,MOOCA,Água Rasa,Agua_Rasa,ign,,,,,,,,,,,,,,,,,-,populacao_seade-sp_2000a2024,populacao_seade-sp_2000a2024_ign_2022.csv
2022,Pinheiros,PINHEIROS,Alto de Pinheiros,Alto_de_Pinheiros,ign,,,,,,,,,,,,,,,,,-,populacao_seade-sp_2000a2024,populacao_seade-sp_2000a2024_ign_2022.csv
2022,Perus,PERUS,Anhanguera,Anhanguera,ign,,,,,,,,,,,,,,,,,-,populacao_seade-sp_2000a2024,populacao_seade-sp_2000a2024_ign_2022.csv
2022,Aricanduva/Formosa/Carrão,ARICANDUVA_FORMOSA_CARRAO,Aricanduva,Aricanduva,ign,,,,,,,,,,,,,,,,,-,populacao_seade-sp_2000a2024,populacao_seade-sp_2000a2024_ign_2022.csv
2022,Penha,PENHA,Artur Alvim,Artur_Alvim,ign,,,,,,,,,,,,,,,,,-,populacao_seade-sp_2000a2024,populacao_seade-sp_2000a2024_ign_2022.csv
2022,Lapa,LAPA,Barra Funda,Barra_Funda,ign,,,,,,,,,,,,,,,,,-,populacao_seade-sp_2000a2024,populacao_seade-sp_2000a2024_ign_2022.csv
2022,Sé,SE,Bela Vista,Bela_Vista,ign,,,,,,,,,,,,,,,,,-,populacao_seade-sp_2000a2024,populacao_seade-sp_2000a2024_ign_2022.csv
2022,Mooca,MOOCA,Belém,Belem,ign,,,,,,,,,,,,,,,,,-,populacao_seade-sp_2000a2024,populacao_seade-sp_2000a2024_ign_2022.csv
2022,Sé,SE,Bom Retiro,Bom_Retiro,ign,,,,,,,,,,,,,,,,,-,populacao_seade-sp_2000a2024,populacao_seade-sp_2000a2024_ign_2022.csv
2022,Mooca,MOOCA,Brás,Bras,ign,,,,,,,,,,,,,,,,,-,populacao_seade-sp_2000a2024,populacao_seade-sp_2000a2024_ign_2022.csv
2022,Freguesia/Brasilândia,FREGUESIA_BRASILANDIA,Brasilândia,Brasilandia,ign,,,,,,,,,,,,,,,,,-,populacao_seade-sp_2000a2024,populacao_seade-sp_2000a2024_ign_2022.csv
2022,Butantã,BUTANTA,Butantã,Butanta,ign,,,,,,,,,,,,,,,,,-,populacao_seade-sp_2000a2024,populacao_seade-sp_2000a2024_ign_2022.csv
2022,Casa Verde/Cachoeirinha,CASA_VERDE_CACHOEIRINHA,Cachoeirinha,Cachoeirinha,ign,,,,,,,,,,,,,,,,,-,populacao_seade-sp_2000a2024,populacao_seade-sp_2000a2024_ign_2022.csv
2022,Sé,SE,Cambuci,Cambuci,ign,,,,,,,,,,,,,,,,,-,populacao_seade-sp_2000a2024,populacao_seade-sp_2000a2024_ign_2022.csv
2022,Santo Amaro,SANTO_AMARO,Campo Belo,Campo_Belo,ign,,,,,,,,,,,,,,,,,-,populacao_seade-sp_2000a2024,populacao_seade-sp_2000a2024_ign_2022.csv
2022,Santo Amaro,SANTO_AMARO,Campo Grande,Campo_Grande,ign,,,,,,,,,,,,,,,,,-,populacao_seade-sp_2000a2024,populacao_seade-sp_2000a2024_ign_2022.csv
2022,Campo Limpo,CAMPO_LIMPO,Campo Limpo,Campo_Limpo,ign,,,,,,,,,,,,,,,,,-,populacao_seade-sp_2000a2024,populacao_seade-sp_2000a2024_ign_2022.csv
2022,Penha,PENHA,Cangaíba,Cangaiba,ign,,,,,,,,,,,,,,,,,-,populacao_seade-sp_2000a2024,populacao_seade-sp_2000a2024_ign_2022.csv
2022,Campo Limpo,CAMPO_LIMPO,Capão Redondo,Capao_Redondo,ign,,,,,,,,,,,,,,,,,-,populacao_seade-sp_2000a2024,populacao_seade-sp_2000a2024_ign_2022.csv
2022,Aricanduva/Formosa/Carrão,ARICANDUVA_FORMOSA_CARRAO,Carrão,Carrao,ign,,,,,,,,,,,,,,,,,-,populacao_seade-sp_2000a2024,populacao_seade-sp_2000a2024_ign_2022.csv
2022,Casa Verde/Cachoeirinha,CASA_VERDE_CACHOEIRINHA,Casa Verde,Casa_Verde,ign,,,,,,,,,,,,,,,,,-,populacao_seade-sp_2000a2024,populacao_seade-sp_2000a2024_ign_2022.csv
2022,Cidade Ademar,CIDADE_ADEMAR,Cidade Ademar,Cidade_Ademar,ign,,,,,,,,,,,,,,,,,-,populacao_seade-sp_2000a2024,populacao_seade-sp_2000a2024_ign_2022.csv
2022,Capela do Socorro,CAPELA_DO_SOCORRO,Cidade Dutra,Cidade_Dutra,ign,,,,,,,,,,,,,,,,,-,populacao_seade-sp_2000a2024,populacao_seade-sp_2000a2024_ign_2022.csv
2022,Itaquera,ITAQUERA,Cidade Líder,Cidade_Lider,ign,,,,,,,,,,,,,,,,,-,populacao_seade-sp_2000a2024,populacao_seade-sp_2000a2024_ign_2022.csv
2022,Cidade Tiradentes,CIDADE_TIRADENTES,Cidade Tiradentes,Cidade_Tiradentes,ign,,,,,,,,,,,,,,,,,-,populacao_seade-sp_2000a2024,populacao_seade-sp_2000a2024_ign_2022.csv
2022,Sé,SE,Consolação,Consolacao,ign,,,,,,,,,,,,,,,,,-,populacao_seade-sp_2000a2024,populacao_seade-sp_2000a2024_ign_2022.csv
2022,Ipiranga,IPIRANGA,Cursino,Cursino,ign,,,,,,,,,,,,,,,,,-,populacao_seade-sp_2000a2024,populacao_seade-sp_2000a2024_ign_2022.csv
2022,Ermelino Matarazzo,ERMELINO_MATARAZZO,Ermelino Matarazzo,Ermelino_Matarazzo,ign,,,,,,,,,,,,,,,,,-,populacao_seade-sp_2000a2024,populacao_seade-sp_2000a2024_ign_2022.csv
2022,Freguesia/Brasilândia,FREGUESIA_BRASILANDIA,Freguesia do Ó,Freguesia_do_O,ign,,,,,,,,,,,,,,,,,-,populacao_seade-sp_2000a2024,populacao_seade-sp_2000a2024_ign_2022.csv
2022,Capela do Socorro,CAPELA_DO_SOCORRO,Grajaú,Grajau,ign,,,,,,,,,,,,,,,,,-,populacao_seade-sp_2000a2024,populacao_seade-sp_2000a2024_ign_2022.csv
2022,Guaianases,GUAIANASES,Guaianases,Guaianases,ign,,,,,,,,,,,,,,,,,-,populacao_seade-sp_2000a2024,populacao_seade-sp_2000a2024_ign_2022.csv
2022,São Mateus,SAO_MATEUS,Iguatemi,Iguatemi,ign,,,,,,,,,,,,,,,,,-,populacao_seade-sp_2000a2024,populacao_seade-sp_2000a2024_ign_2022.csv
2022,Ipiranga,IPIRANGA,Ipiranga,Ipiranga,ign,,,,,,,,,,,,,,,,,-,populacao_seade-sp_2000a2024,populacao_seade-sp_2000a2024_ign_2022.csv
2022,Pinheiros,PINHEIROS,Itaim Bibi,Itaim_Bibi,ign,,,,,,,,,,,,,,,,,-,populacao_seade-sp_2000a2024,populacao_seade-sp_2000a2024_ign_2022.csv
2022,Itaim Paulista,ITAIM_PAULISTA,Itaim Paulista,Itaim_Paulista,ign,,,,,,,,,,,,,,,,,-,populacao_seade-sp_2000a2024,populacao_seade-sp_2000a2024_ign_2022.csv
2022,Itaquera,ITAQUERA,Itaquera,Itaquera,ign,,,,,,,,,,,,,,,,,-,populacao_seade-sp_2000a2024,populacao_seade-sp_2000a2024_ign_2022.csv
2022,Jabaquara,JABAQUARA,Jabaquara,Jabaquara,ign,,,,,,,,,,,,,,,,,-,populacao_seade-sp_2000a2024,populacao_seade-sp_2000a2024_ign_2022.csv
2022,Jaçanã/Tremembé,JACANA_TREMEMBE,Jaçanã,Jacana,ign,,,,,,,,,,,,,,,,,-,populacao_seade-sp_2000a2024,populacao_seade-sp_2000a2024_ign_2022.csv
2022,Lapa,LAPA,Jaguara,Jaguara,ign,,,,,,,,,,,,,,,,,-,populacao_seade-sp_2000a2024,populacao_seade-sp_2000a2024_ign_2022.csv
2022,Lapa,LAPA,Jaguaré,Jaguare,ign,,,,,,,,,,,,,,,,,-,populacao_seade-sp_2000a2024,populacao_seade-sp_2000a2024_ign_2022.csv
2022,Pirituba/Jaraguá,PIRITUBA_JARAGUA,Jaraguá,Jaragua,ign,,,,,,,,,,,,,,,,,-,populacao_seade-sp_2000a2024,populacao_seade-sp_2000a2024_ign_2022.csv
2022,M'Boi Mirim,M_BOI_MIRIM,Jardim Ângela,Jardim_Angela,ign,,,,,,,,,,,,,,,,,-,populacao_seade-sp_2000a2024,populacao_seade-sp_2000a2024_ign_2022.csv
2022,São Miguel,SAO_MIGUEL,Jardim Helena,Jardim_Helena,ign,,,,,,,,,,,,,,,,,-,populacao_seade-sp_2000a2024,populacao_seade-sp_2000a2024_ign_2022.csv
2022,Pinheiros,PINHEIROS,Jardim Paulista,Jardim_Paulista,ign,,,,,,,,,,,,,,,,,-,populacao_seade-sp_2000a2024,populacao_seade-sp_2000a2024_ign_2022.csv
2022,M'Boi Mirim,M_BOI_MIRIM,Jardim São Luís,Jardim_Sao_Luis,ign,,,,,,,,,,,,,,,,,-,populacao_seade-sp_2000a2024,populacao_seade-sp_2000a2024_ign_2022.csv
2022,Itaquera,ITAQUERA,José Bonifácio,Jose_Bonifacio,ign,,,,,,,,,,,,,,,,,-,populacao_seade-sp_2000a2024,populacao_seade-sp_2000a2024_ign_2022.csv
2022,Guaianases,GUAIANASES,Lajeado,Lajeado,ign,,,,,,,,,,,,,,,,,-,populacao_seade-sp_2000a2024,populacao_seade-sp_2000a2024_ign_2022.csv
2022,Lapa,LAPA,Lapa,Lapa,ign,,,,,,,,,,,,,,,,,-,populacao_seade-sp_2000a2024,populacao_seade-sp_2000a2024_ign_2022.csv
2022,Sé,SE,Liberdade,Liberdade,ign,,,,,,,,,,,,,,,,,-,populacao_seade-sp_2000a2024,populacao_seade-sp_2000a2024_ign_2022.csv
2022,Casa Verde/Cachoeirinha,CASA_VERDE_CACHOEIRINHA,Limão,Limao,ign,,,,,,,,,,,,,,,,,-,populacao_seade-sp_2000a2024,populacao_seade-sp_2000a2024_ign_2022.csv
2022,Santana/Tucuruvi,SANTANA_TUCURUVI,Mandaqui,Mandaqui,ign,,,,,,,,,,,,,,,,,-,populacao_seade-sp_2000a2024,populacao_seade-sp_2000a2024_ign_2022.csv
2022,Parelheiros,PARELHEIROS,Marsilac,Marsilac,ign,,,,,,,,,,,,,,,,,-,populacao_seade-sp_2000a2024,populacao_seade-sp_2000a2024_ign_2022.csv
2022,Vila Mariana,VILA_MARIANA,Moema,Moema,ign,,,,,,,,,,,,,,,,,-,populacao_seade-sp_2000a2024,populacao_seade-sp_2000a2024_ign_2022.csv
2022,Mooca,MOOCA,Mooca,Mooca,ign,,,,,,,,,,,,,,,,,-,populacao_seade-sp_2000a2024,populacao_seade-sp_2000a2024_ign_2022.csv
2022,Butantã,BUTANTA,Morumbi,Morumbi,ign,,,,,,,,,,,,,,,,,-,populacao_seade-sp_2000a2024,populacao_seade-sp_2000a2024_ign_2022.csv
2022,Parelheiros,PARELHEIROS,Parelheiros,Parelheiros,ign,,,,,,,,,,,,,,,,,-,populacao_seade-sp_2000a2024,populacao_seade-sp_2000a2024_ign_2022.csv
2022,Mooca,MOOCA,Pari,Pari,ign,,,,,,,,,,,,,,,,,-,populacao_seade-sp_2000a2024,populacao_seade-sp_2000a2024_ign_2022.csv
2022,Itaquera,ITAQUERA,Parque do Carmo,Parque_do_Carmo,ign,,,,,,,,,,,,,,,,,-,populacao_seade-sp_2000a2024,populacao_seade-sp_2000a2024_ign_2022.csv
2022,Cidade Ademar,CIDADE_ADEMAR,Pedreira,Pedreira,ign,,,,,,,,,,,,,,,,,-,populacao_seade-sp_2000a2024,populacao_seade-sp_2000a2024_ign_2022.csv
2022,Penha,PENHA,Penha,Penha,ign,,,,,,,,,,,,,,,,,-,populacao_seade-sp_2000a2024,populacao_seade-sp_2000a2024_ign_2022.csv
2022,Lapa,LAPA,Perdizes,Perdizes,ign,,,,,,,,,,,,,,,,,-,populacao_seade-sp_2000a2024,populacao_seade-sp_2000a2024_ign_2022.csv
2022,Perus,PERUS,Perus,Perus,ign,,,,,,,,,,,,,,,,,-,populacao_seade-sp_2000a2024,populacao_seade-sp_2000a2024_ign_2022.csv
2022,Pinheiros,PINHEIROS,Pinheiros,Pinheiros,ign,,,,,,,,,,,,,,,,,-,populacao_seade-sp_2000a2024,populacao_seade-sp_2000a2024_ign_2022.csv
2022,Pirituba/Jaraguá,PIRITUBA_JARAGUA,Pirituba,Pirituba,ign,,,,,,,,,,,,,,,,,-,populacao_seade-sp_2000a2024,populacao_seade-sp_2000a2024_ign_2022.csv
2022,Ermelino Matarazzo,ERMELINO_MATARAZZO,Ponte Rasa,Ponte_Rasa,ign,,,,,,,,,,,,,,,,,-,populacao_seade-sp_2000a2024,populacao_seade-sp_2000a2024_ign_2022.csv
2022,Butantã,BUTANTA,Raposo Tavares,Raposo_Tavares,ign,,,,,,,,,,,,,,,,,-,populacao_seade-sp_2000a2024,populacao_seade-sp_2000a2024_ign_2022.csv
2022,Sé,SE,República,Republica,ign,,,,,,,,,,,,,,,,,-,populacao_seade-sp_2000a2024,populacao_seade-sp_2000a2024_ign_2022.csv
2022,Butantã,BUTANTA,Rio Pequeno,Rio_Pequeno,ign,,,,,,,,,,,,,,,,,-,populacao_seade-sp_2000a2024,populacao_seade-sp_2000a2024_ign_2022.csv
2022,Ipiranga,IPIRANGA,Sacomã,Sacoma,ign,,,,,,,,,,,,,,,,,-,populacao_seade-sp_2000a2024,populacao_seade-sp_2000a2024_ign_2022.csv
2022,Sé,SE,Santa Cecília,Santa_Cecilia,ign,,,,,,,,,,,,,,,,,-,populacao_seade-sp_2000a2024,populacao_seade-sp_2000a2024_ign_2022.csv
2022,Santana/Tucuruvi,SANTANA_TUCURUVI,Santana,Santana,ign,,,,,,,,,,,,,,,,,-,populacao_seade-sp_2000a2024,populacao_seade-sp_2000a2024_ign_2022.csv
2022,Santo Amaro,SANTO_AMARO,Santo Amaro,Santo_Amaro,ign,,,,,,,,,,,,,,,,,-,populacao_seade-sp_2000a2024,populacao_seade-sp_2000a2024_ign_2022.csv
2022,Pirituba/Jaraguá,PIRITUBA_JARAGUA,São Domingos,Sao_Domingos,ign,,,,,,,,,,,,,,,,,-,populacao_seade-sp_2000a2024,populacao_seade-sp_2000a2024_ign_2022.csv
2022,Vila Prudente,VILA_PRUDENTE,São Lucas,Sao_Lucas,ign,,,,,,,,,,,,,,,,,-,populacao_seade-sp_2000a2024,populacao_seade-sp_2000a2024_ign_2022.csv
2022,São Mateus,SAO_MATEUS,São Mateus,Sao_Mateus,ign,,,,,,,,,,,,,,,,,-,populacao_seade-sp_2000a2024,populacao_seade-sp_2000a2024_ign_2022.csv
2022,São Miguel,SAO_MIGUEL,São Miguel,Sao_Miguel,ign,,,,,,,,,,,,,,,,,-,populacao_seade-sp_2000a2024,populacao_seade-sp_2000a2024_ign_2022.csv
2022,São Mateus,SAO_MATEUS,São Rafael,Sao_Rafael,ign,,,,,,,,,,,,,,,,,-,populacao_seade-sp_2000a2024,populacao_seade-sp_2000a2024_ign_2022.csv
2022,Sapopemba,SAPOPEMBA,Sapopemba,Sapopemba,ign,,,,,,,,,,,,,,,,,-,populacao_seade-sp_2000a2024,populacao_seade-sp_2000a2024_ign_2022.csv
2022,Vila Mariana,VILA_MARIANA,Saúde,Saude,ign,,,,,,,,,,,,,,,,,-,populacao_seade-sp_2000a2024,populacao_seade-sp_2000a2024_ign_2022.csv
2022,Sé,SE,Sé,Se,ign,,,,,,,,,,,,,,,,,-,populacao_seade-sp_2000a2024,populacao_seade-sp_2000a2024_ign_2022.csv
2022,Capela do Socorro,CAPELA_DO_SOCORRO,Socorro,Socorro,ign,,,,,,,,,,,,,,,,,-,populacao_seade-sp_2000a2024,populacao_seade-sp_2000a2024_ign_2022.csv
2022,Mooca,MOOCA,Tatuapé,Tatuape,ign,,,,,,,,,,,,,,,,,-,populacao_seade-sp_2000a2024,populacao_seade-sp_2000a2024_ign_2022.csv
2022,Jaçanã/Tremembé,JACANA_TREMEMBE,Tremembé,Tremembe,ign,,,,,,,,,,,,,,,,,-,populacao_seade-sp_2000a2024,populacao_seade-sp_2000a2024_ign_2022.csv
2022,Santana/Tucuruvi,SANTANA_TUCURUVI,Tucuruvi,Tucuruvi,ign,,,,,,,,,,,,,,,,,-,populacao_seade-sp_2000a2024,populacao_seade-sp_2000a2024_ign_2022.csv
2022,Campo Limpo,CAMPO_LIMPO,Vila Andrade,Vila_Andrade,ign,,,,,,,,,,,,,,,,,-,populacao_seade-sp_2000a2024,populacao_seade-sp_2000a2024_ign_2022.csv
2022,Itaim Paulista,ITAIM_PAULISTA,Vila Curuçá,Vila_Curuca,ign,,,,,,,,,,,,,,,,,-,populacao_seade-sp_2000a2024,populacao_seade-sp_2000a2024_ign_2022.csv
2022,Aricanduva/Formosa/Carrão,ARICANDUVA_FORMOSA_CARRAO,Vila Formosa,Vila_Formosa,ign,,,,,,,,,,,,,,,,,-,populacao_seade-sp_2000a2024,populacao_seade-sp_2000a2024_ign_2022.csv
2022,Vila Maria/Vila Guilherme,VILA_MARIA_VILA_GUILHERME,Vila Guilherme,Vila_Guilherme,ign,,,,,,,,,,,,,,,,,-,populacao_seade-sp_2000a2024,populacao_seade-sp_2000a2024_ign_2022.csv
2022,São Miguel,SAO_MIGUEL,Vila Jacuí,Vila_Jacui,ign,,,,,,,,,,,,,,,,,-,populacao_seade-sp_2000a2024,populacao_seade-sp_2000a2024_ign_2022.csv
2022,Lapa,LAPA,Vila Leopoldina,Vila_Leopoldina,ign,,,,,,,,,,,,,,,,,-,populacao_seade-sp_2000a2024,populacao_seade-sp_2000a2024_ign_2022.csv
2022,Vila Maria/Vila Guilherme,VILA_MARIA_VILA_GUILHERME,Vila Maria,Vila_Maria,ign,,,,,,,,,,,,,,,,,-,populacao_seade-sp_2000a2024,populacao_seade-sp_2000a2024_ign_2022.csv
2022,Vila Mariana,VILA_MARIANA,Vila Mariana,Vila_Mariana,ign,,,,,,,,,,,,,,,,,-,populacao_seade-sp_2000a2024,populacao_seade-sp_2000a2024_ign_2022.csv
2022,Penha,PENHA,Vila Matilde,Vila_Matilde,ign,,,,,,,,,,,,,,,,,-,populacao_seade-sp_2000a2024,populacao_seade-sp_2000a2024_ign_2022.csv
2022,Vila Maria/Vila Guilherme,VILA_MARIA_VILA_GUILHERME,Vila Medeiros,Vila_Medeiros,ign,,,,,,,,,,,,,,,,,-,populacao_seade-sp_2000a2024,populacao_seade-sp_2000a2024_ign_2022.csv
2022,Vila Prudente,VILA_PRUDENTE,Vila Prudente,Vila_Prudente,ign,,,,,,,,,,,,,,,,,-,populacao_seade-sp_2000a2024,populacao_seade-sp_2000a2024_ign_2022.csv
2022,Butantã,BUTANTA,Vila Sônia,Vila_Sonia,ign,,,,,,,,,,,,,,,,,-,populacao_seade-sp_2000a2024,populacao_seade-sp_2000a2024_ign_2022.csv
2022,,NAO_IDENTIFICADO,Ignorado,Ignorado,ign,,,,,,,,,,,,,,,,,-,populacao_seade-sp_2000a2024,populacao_seade-sp_2000a2024_ign_2022.csv
2023,Mooca,MOOCA,Água Rasa,Agua_Rasa,ign,,,,,,,,,,,,,,,,,-,populacao_seade-sp_2000a2024,populacao_seade-sp_2000a2024_ign_2023.csv
2023,Pinheiros,PINHEIROS,Alto de Pinheiros,Alto_de_Pinheiros,ign,,,,,,,,,,,,,,,,,-,populacao_seade-sp_2000a2024,populacao_seade-sp_2000a2024_ign_2023.csv
2023,Perus,PERUS,Anhanguera,Anhanguera,ign,,,,,,,,,,,,,,,,,-,populacao_seade-sp_2000a2024,populacao_seade-sp_2000a2024_ign_2023.csv
2023,Aricanduva/Formosa/Carrão,ARICANDUVA_FORMOSA_CARRAO,Aricanduva,Aricanduva,ign,,,,,,,,,,,,,,,,,-,populacao_seade-sp_2000a2024,populacao_seade-sp_2000a2024_ign_2023.csv
2023,Penha,PENHA,Artur Alvim,Artur_Alvim,ign,,,,,,,,,,,,,,,,,-,populacao_seade-sp_2000a2024,populacao_seade-sp_2000a2024_ign_2023.csv
2023,Lapa,LAPA,Barra Funda,Barra_Funda,ign,,,,,,,,,,,,,,,,,-,populacao_seade-sp_2000a2024,populacao_seade-sp_2000a2024_ign_2023.csv
2023,Sé,SE,Bela Vista,Bela_Vista,ign,,,,,,,,,,,,,,,,,-,populacao_seade-sp_2000a2024,populacao_seade-sp_2000a2024_ign_2023.csv
2023,Mooca,MOOCA,Belém,Belem,ign,,,,,,,,,,,,,,,,,-,populacao_seade-sp_2000a2024,populacao_seade-sp_2000a2024_ign_2023.csv
2023,Sé,SE,Bom Retiro,Bom_Retiro,ign,,,,,,,,,,,,,,,,,-,populacao_seade-sp_2000a2024,populacao_seade-sp_2000a2024_ign_2023.csv
2023,Mooca,MOOCA,Brás,Bras,ign,,,,,,,,,,,,,,,,,-,populacao_seade-sp_2000a2024,populacao_seade-sp_2000a2024_ign_2023.csv
2023,Freguesia/Brasilândia,FREGUESIA_BRASILANDIA,Brasilândia,Brasilandia,ign,,,,,,,,,,,,,,,,,-,populacao_seade-sp_2000a2024,populacao_seade-sp_2000a2024_ign_2023.csv
2023,Butantã,BUTANTA,Butantã,Butanta,ign,,,,,,,,,,,,,,,,,-,populacao_seade-sp_2000a2024,populacao_seade-sp_2000a2024_ign_2023.csv
2023,Casa Verde/Cachoeirinha,CASA_VERDE_CACHOEIRINHA,Cachoeirinha,Cachoeirinha,ign,,,,,,,,,,,,,,,,,-,populacao_seade-sp_2000a2024,populacao_seade-sp_2000a2024_ign_2023.csv
2023,Sé,SE,Cambuci,Cambuci,ign,,,,,,,,,,,,,,,,,-,populacao_seade-sp_2000a2024,populacao_seade-sp_2000a2024_ign_2023.csv
2023,Santo Amaro,SANTO_AMARO,Campo Belo,Campo_Belo,ign,,,,,,,,,,,,,,,,,-,populacao_seade-sp_2000a2024,populacao_seade-sp_2000a2024_ign_2023.csv
2023,Santo Amaro,SANTO_AMARO,Campo Grande,Campo_Grande,ign,,,,,,,,,,,,,,,,,-,populacao_seade-sp_2000a2024,populacao_seade-sp_2000a2024_ign_2023.csv
2023,Campo Limpo,CAMPO_LIMPO,Campo Limpo,Campo_Limpo,ign,,,,,,,,,,,,,,,,,-,populacao_seade-sp_2000a2024,populacao_seade-sp_2000a2024_ign_2023.csv
2023,Penha,PENHA,Cangaíba,Cangaiba,ign,,,,,,,,,,,,,,,,,-,populacao_seade-sp_2000a2024,populacao_seade-sp_2000a2024_ign_2023.csv
2023,Campo Limpo,CAMPO_LIMPO,Capão Redondo,Capao_Redondo,ign,,,,,,,,,,,,,,,,,-,populacao_seade-sp_2000a2024,populacao_seade-sp_2000a2024_ign_2023.csv
2023,Aricanduva/Formosa/Carrão,ARICANDUVA_FORMOSA_CARRAO,Carrão,Carrao,ign,,,,,,,,,,,,,,,,,-,populacao_seade-sp_2000a2024,populacao_seade-sp_2000a2024_ign_2023.csv
2023,Casa Verde/Cachoeirinha,CASA_VERDE_CACHOEIRINHA,Casa Verde,Casa_Verde,ign,,,,,,,,,,,,,,,,,-,populacao_seade-sp_2000a2024,populacao_seade-sp_2000a2024_ign_2023.csv
2023,Cidade Ademar,CIDADE_ADEMAR,Cidade Ademar,Cidade_Ademar,ign,,,,,,,,,,,,,,,,,-,populacao_seade-sp_2000a2024,populacao_seade-sp_2000a2024_ign_2023.csv
2023,Capela do Socorro,CAPELA_DO_SOCORRO,Cidade Dutra,Cidade_Dutra,ign,,,,,,,,,,,,,,,,,-,populacao_seade-sp_2000a2024,populacao_seade-sp_2000a2024_ign_2023.csv
2023,Itaquera,ITAQUERA,Cidade Líder,Cidade_Lider,ign,,,,,,,,,,,,,,,,,-,populacao_seade-sp_2000a2024,populacao_seade-sp_2000a2024_ign_2023.csv
2023,Cidade Tiradentes,CIDADE_TIRADENTES,Cidade Tiradentes,Cidade_Tiradentes,ign,,,,,,,,,,,,,,,,,-,populacao_seade-sp_2000a2024,populacao_seade-sp_2000a2024_ign_2023.csv
2023,Sé,SE,Consolação,Consolacao,ign,,,,,,,,,,,,,,,,,-,populacao_seade-sp_2000a2024,populacao_seade-sp_2000a2024_ign_2023.csv
2023,Ipiranga,IPIRANGA,Cursino,Cursino,ign,,,,,,,,,,,,,,,,,-,populacao_seade-sp_2000a2024,populacao_seade-sp_2000a2024_ign_2023.csv
2023,Ermelino Matarazzo,ERMELINO_MATARAZZO,Ermelino Matarazzo,Ermelino_Matarazzo,ign,,,,,,,,,,,,,,,,,-,populacao_seade-sp_2000a2024,populacao_seade-sp_2000a2024_ign_2023.csv
2023,Freguesia/Brasilândia,FREGUESIA_BRASILANDIA,Freguesia do Ó,Freguesia_do_O,ign,,,,,,,,,,,,,,,,,-,populacao_seade-sp_2000a2024,populacao_seade-sp_2000a2024_ign_2023.csv
2023,Capela do Socorro,CAPELA_DO_SOCORRO,Grajaú,Grajau,ign,,,,,,,,,,,,,,,,,-,populacao_seade-sp_2000a2024,populacao_seade-sp_2000a2024_ign_2023.csv
2023,Guaianases,GUAIANASES,Guaianases,Guaianases,ign,,,,,,,,,,,,,,,,,-,populacao_seade-sp_2000a2024,populacao_seade-sp_2000a2024_ign_2023.csv
2023,São Mateus,SAO_MATEUS,Iguatemi,Iguatemi,ign,,,,,,,,,,,,,,,,,-,populacao_seade-sp_2000a2024,populacao_seade-sp_2000a2024_ign_2023.csv
2023,Ipiranga,IPIRANGA,Ipiranga,Ipiranga,ign,,,,,,,,,,,,,,,,,-,populacao_seade-sp_2000a2024,populacao_seade-sp_2000a2024_ign_2023.csv
2023,Pinheiros,PINHEIROS,Itaim Bibi,Itaim_Bibi,ign,,,,,,,,,,,,,,,,,-,populacao_seade-sp_2000a2024,populacao_seade-sp_2000a2024_ign_2023.csv
2023,Itaim Paulista,ITAIM_PAULISTA,Itaim Paulista,Itaim_Paulista,ign,,,,,,,,,,,,,,,,,-,populacao_seade-sp_2000a2024,populacao_seade-sp_2000a2024_ign_2023.csv
2023,Itaquera,ITAQUERA,Itaquera,Itaquera,ign,,,,,,,,,,,,,,,,,-,populacao_seade-sp_2000a2024,populacao_seade-sp_2000a2024_ign_2023.csv
2023,Jabaquara,JABAQUARA,Jabaquara,Jabaquara,ign,,,,,,,,,,,,,,,,,-,populacao_seade-sp_2000a2024,populacao_seade-sp_2000a2024_ign_2023.csv
2023,Jaçanã/Tremembé,JACANA_TREMEMBE,Jaçanã,Jacana,ign,,,,,,,,,,,,,,,,,-,populacao_seade-sp_2000a2024,populacao_seade-sp_2000a2024_ign_2023.csv
2023,Lapa,LAPA,Jaguara,Jaguara,ign,,,,,,,,,,,,,,,,,-,populacao_seade-sp_2000a2024,populacao_seade-sp_2000a2024_ign_2023.csv
2023,Lapa,LAPA,Jaguaré,Jaguare,ign,,,,,,,,,,,,,,,,,-,populacao_seade-sp_2000a2024,populacao_seade-sp_2000a2024_ign_2023.csv
2023,Pirituba/Jaraguá,PIRITUBA_JARAGUA,Jaraguá,Jaragua,ign,,,,,,,,,,,,,,,,,-,populacao_seade-sp_2000a2024,populacao_seade-sp_2000a2024_ign_2023.csv
2023,M'Boi Mirim,M_BOI_MIRIM,Jardim Ângela,Jardim_Angela,ign,,,,,,,,,,,,,,,,,-,populacao_seade-sp_2000a2024,populacao_seade-sp_2000a2024_ign_2023.csv
2023,São Miguel,SAO_MIGUEL,Jardim Helena,Jardim_Helena,ign,,,,,,,,,,,,,,,,,-,populacao_seade-sp_2000a2024,populacao_seade-sp_2000a2024_ign_2023.csv
2023,Pinheiros,PINHEIROS,Jardim Paulista,Jardim_Paulista,ign,,,,,,,,,,,,,,,,,-,populacao_seade-sp_2000a2024,populacao_seade-sp_2000a2024_ign_2023.csv
2023,M'Boi Mirim,M_BOI_MIRIM,Jardim São Luís,Jardim_Sao_Luis,ign,,,,,,,,,,,,,,,,,-,populacao_seade-sp_2000a2024,populacao_seade-sp_2000a2024_ign_2023.csv
2023,Itaquera,ITAQUERA,José Bonifácio,Jose_Bonifacio,ign,,,,,,,,,,,,,,,,,-,populacao_seade-sp_2000a2024,populacao_seade-sp_2000a2024_ign_2023.csv
2023,Guaianases,GUAIANASES,Lajeado,Lajeado,ign,,,,,,,,,,,,,,,,,-,populacao_seade-sp_2000a2024,populacao_seade-sp_2000a2024_ign_2023.csv
2023,Lapa,LAPA,Lapa,Lapa,ign,,,,,,,,,,,,,,,,,-,populacao_seade-sp_2000a2024,populacao_seade-sp_2000a2024_ign_2023.csv
2023,Sé,SE,Liberdade,Liberdade,ign,,,,,,,,,,,,,,,,,-,populacao_seade-sp_2000a2024,populacao_seade-sp_2000a2024_ign_2023.csv
2023,Casa Verde/Cachoeirinha,CASA_VERDE_CACHOEIRINHA,Limão,Limao,ign,,,,,,,,,,,,,,,,,-,populacao_seade-sp_2000a2024,populacao_seade-sp_2000a2024_ign_2023.csv
2023,Santana/Tucuruvi,SANTANA_TUCURUVI,Mandaqui,Mandaqui,ign,,,,,,,,,,,,,,,,,-,populacao_seade-sp_2000a2024,populacao_seade-sp_2000a2024_ign_2023.csv
2023,Parelheiros,PARELHEIROS,Marsilac,Marsilac,ign,,,,,,,,,,,,,,,,,-,populacao_seade-sp_2000a2024,populacao_seade-sp_2000a2024_ign_2023.csv
2023,Vila Mariana,VILA_MARIANA,Moema,Moema,ign,,,,,,,,,,,,,,,,,-,populacao_seade-sp_2000a2024,populacao_seade-sp_2000a2024_ign_2023.csv
2023,Mooca,MOOCA,Mooca,Mooca,ign,,,,,,,,,,,,,,,,,-,populacao_seade-sp_2000a2024,populacao_seade-sp_2000a2024_ign_2023.csv
2023,Butantã,BUTANTA,Morumbi,Morumbi,ign,,,,,,,,,,,,,,,,,-,populacao_seade-sp_2000a2024,populacao_seade-sp_2000a2024_ign_2023.csv
2023,Parelheiros,PARELHEIROS,Parelheiros,Parelheiros,ign,,,,,,,,,,,,,,,,,-,populacao_seade-sp_2000a2024,populacao_seade-sp_2000a2024_ign_2023.csv
2023,Mooca,MOOCA,Pari,Pari,ign,,,,,,,,,,,,,,,,,-,populacao_seade-sp_2000a2024,populacao_seade-sp_2000a2024_ign_2023.csv
2023,Itaquera,ITAQUERA,Parque do Carmo,Parque_do_Carmo,ign,,,,,,,,,,,,,,,,,-,populacao_seade-sp_2000a2024,populacao_seade-sp_2000a2024_ign_2023.csv
2023,Cidade Ademar,CIDADE_ADEMAR,Pedreira,Pedreira,ign,,,,,,,,,,,,,,,,,-,populacao_seade-sp_2000a2024,populacao_seade-sp_2000a2024_ign_2023.csv
2023,Penha,PENHA,Penha,Penha,ign,,,,,,,,,,,,,,,,,-,populacao_seade-sp_2000a2024,populacao_seade-sp_2000a2024_ign_2023.csv
2023,Lapa,LAPA,Perdizes,Perdizes,ign,,,,,,,,,,,,,,,,,-,populacao_seade-sp_2000a2024,populacao_seade-sp_2000a2024_ign_2023.csv
2023,Perus,PERUS,Perus,Perus,ign,,,,,,,,,,,,,,,,,-,populacao_seade-sp_2000a2024,populacao_seade-sp_2000a2024_ign_2023.csv
2023,Pinheiros,PINHEIROS,Pinheiros,Pinheiros,ign,,,,,,,,,,,,,,,,,-,populacao_seade-sp_2000a2024,populacao_seade-sp_2000a2024_ign_2023.csv
2023,Pirituba/Jaraguá,PIRITUBA_JARAGUA,Pirituba,Pirituba,ign,,,,,,,,,,,,,,,,,-,populacao_seade-sp_2000a2024,populacao_seade-sp_2000a2024_ign_2023.csv
2023,Ermelino Matarazzo,ERMELINO_MATARAZZO,Ponte Rasa,Ponte_Rasa,ign,,,,,,,,,,,,,,,,,-,populacao_seade-sp_2000a2024,populacao_seade-sp_2000a2024_ign_2023.csv
2023,Butantã,BUTANTA,Raposo Tavares,Raposo_Tavares,ign,,,,,,,,,,,,,,,,,-,populacao_seade-sp_2000a2024,populacao_seade-sp_2000a2024_ign_2023.csv
2023,Sé,SE,República,Republica,ign,,,,,,,,,,,,,,,,,-,populacao_seade-sp_2000a2024,populacao_seade-sp_2000a2024_ign_2023.csv
2023,Butantã,BUTANTA,Rio Pequeno,Rio_Pequeno,ign,,,,,,,,,,,,,,,,,-,populacao_seade-sp_2000a2024,populacao_seade-sp_2000a2024_ign_2023.csv
2023,Ipiranga,IPIRANGA,Sacomã,Sacoma,ign,,,,,,,,,,,,,,,,,-,populacao_seade-sp_2000a2024,populacao_seade-sp_2000a2024_ign_2023.csv
2023,Sé,SE,Santa Cecília,Santa_Cecilia,ign,,,,,,,,,,,,,,,,,-,populacao_seade-sp_2000a2024,populacao_seade-sp_2000a2024_ign_2023.csv
2023,Santana/Tucuruvi,SANTANA_TUCURUVI,Santana,Santana,ign,,,,,,,,,,,,,,,,,-,populacao_seade-sp_2000a2024,populacao_seade-sp_2000a2024_ign_2023.csv
2023,Santo Amaro,SANTO_AMARO,Santo Amaro,Santo_Amaro,ign,,,,,,,,,,,,,,,,,-,populacao_seade-sp_2000a2024,populacao_seade-sp_2000a2024_ign_2023.csv
2023,Pirituba/Jaraguá,PIRITUBA_JARAGUA,São Domingos,Sao_Domingos,ign,,,,,,,,,,,,,,,,,-,populacao_seade-sp_2000a2024,populacao_seade-sp_2000a2024_ign_2023.csv
2023,Vila Prudente,VILA_PRUDENTE,São Lucas,Sao_Lucas,ign,,,,,,,,,,,,,,,,,-,populacao_seade-sp_2000a2024,populacao_seade-sp_2000a2024_ign_2023.csv
2023,São Mateus,SAO_MATEUS,São Mateus,Sao_Mateus,ign,,,,,,,,,,,,,,,,,-,populacao_seade-sp_2000a2024,populacao_seade-sp_2000a2024_ign_2023.csv
2023,São Miguel,SAO_MIGUEL,São Miguel,Sao_Miguel,ign,,,,,,,,,,,,,,,,,-,populacao_seade-sp_2000a2024,populacao_seade-sp_2000a2024_ign_2023.csv
2023,São Mateus,SAO_MATEUS,São Rafael,Sao_Rafael,ign,,,,,,,,,,,,,,,,,-,populacao_seade-sp_2000a2024,populacao_seade-sp_2000a2024_ign_2023.csv
2023,Sapopemba,SAPOPEMBA,Sapopemba,Sapopemba,ign,,,,,,,,,,,,,,,,,-,populacao_seade-sp_2000a2024,populacao_seade-sp_2000a2024_ign_2023.csv
2023,Vila Mariana,VILA_MARIANA,Saúde,Saude,ign,,,,,,,,,,,,,,,,,-,populacao_seade-sp_2000a2024,populacao_seade-sp_2000a2024_ign_2023.csv
2023,Sé,SE,Sé,Se,ign,,,,,,,,,,,,,,,,,-,populacao_seade-sp_2000a2024,populacao_seade-sp_2000a2024_ign_2023.csv
2023,Capela do Socorro,CAPELA_DO_SOCORRO,Socorro,Socorro,ign,,,,,,,,,,,,,,,,,-,populacao_seade-sp_2000a2024,populacao_seade-sp_2000a2024_ign_2023.csv
2023,Mooca,MOOCA,Tatuapé,Tatuape,ign,,,,,,,,,,,,,,,,,-,populacao_seade-sp_2000a2024,populacao_seade-sp_2000a2024_ign_2023.csv
2023,Jaçanã/Tremembé,JACANA_TREMEMBE,Tremembé,Tremembe,ign,,,,,,,,,,,,,,,,,-,populacao_seade-sp_2000a2024,populacao_seade-sp_2000a2024_ign_2023.csv
2023,Santana/Tucuruvi,SANTANA_TUCURUVI,Tucuruvi,Tucuruvi,ign,,,,,,,,,,,,,,,,,-,populacao_seade-sp_2000a2024,populacao_seade-sp_2000a2024_ign_2023.csv
2023,Campo Limpo,CAMPO_LIMPO,Vila Andrade,Vila_Andrade,ign,,,,,,,,,,,,,,,,,-,populacao_seade-sp_2000a2024,populacao_seade-sp_2000a2024_ign_2023.csv
2023,Itaim Paulista,ITAIM_PAULISTA,Vila Curuçá,Vila_Curuca,ign,,,,,,,,,,,,,,,,,-,populacao_seade-sp_2000a2024,populacao_seade-sp_2000a2024_ign_2023.csv
2023,Aricanduva/Formosa/Carrão,ARICANDUVA_FORMOSA_CARRAO,Vila Formosa,Vila_Formosa,ign,,,,,,,,,,,,,,,,,-,populacao_seade-sp_2000a2024,populacao_seade-sp_2000a2024_ign_2023.csv
2023,Vila Maria/Vila Guilherme,VILA_MARIA_VILA_GUILHERME,Vila Guilherme,Vila_Guilherme,ign,,,,,,,,,,,,,,,,,-,populacao_seade-sp_2000a2024,populacao_seade-sp_2000a2024_ign_2023.csv
2023,São Miguel,SAO_MIGUEL,Vila Jacuí,Vila_Jacui,ign,,,,,,,,,,,,,,,,,-,populacao_seade-sp_2000a2024,populacao_seade-sp_2000a2024_ign_2023.csv
2023,Lapa,LAPA,Vila Leopoldina,Vila_Leopoldina,ign,,,,,,,,,,,,,,,,,-,populacao_seade-sp_2000a2024,populacao_seade-sp_2000a2024_ign_2023.csv
2023,Vila Maria/Vila Guilherme,VILA_MARIA_VILA_GUILHERME,Vila Maria,Vila_Maria,ign,,,,,,,,,,,,,,,,,-,populacao_seade-sp_2000a2024,populacao_seade-sp_2000a2024_ign_2023.csv
2023,Vila Mariana,VILA_MARIANA,Vila Mariana,Vila_Mariana,ign,,,,,,,,,,,,,,,,,-,populacao_seade-sp_2000a2024,populacao_seade-sp_2000a2024_ign_2023.csv
2023,Penha,PENHA,Vila Matilde,Vila_Matilde,ign,,,,,,,,,,,,,,,,,-,populacao_seade-sp_2000a2024,populacao_seade-sp_2000a2024_ign_2023.csv
2023,Vila Maria/Vila Guilherme,VILA_MARIA_VILA_GUILHERME,Vila Medeiros,Vila_Medeiros,ign,,,,,,,,,,,,,,,,,-,populacao_seade-sp_2000a2024,populacao_seade-sp_2000a2024_ign_2023.csv
2023,Vila Prudente,VILA_PRUDENTE,Vila Prudente,Vila_Prudente,ign,,,,,,,,,,,,,,,,,-,populacao_seade-sp_2000a2024,populacao_seade-sp_2000a2024_ign_2023.csv
2023,Butantã,BUTANTA,Vila Sônia,Vila_Sonia,ign,,,,,,,,,,,,,,,,,-,populacao_seade-sp_2000a2024,populacao_seade-sp_2000a2024_ign_2023.csv
2023,,NAO_IDENTIFICADO,Ignorado,Ignorado,ign,,,,,,,,,,,,,,,,,-,populacao_seade-sp_2000a2024,populacao_seade-sp_2000a2024_ign_2023.csv
2024,Mooca,MOOCA,Água Rasa,Agua_Rasa,ign,,,,,,,,,,,,,,,,,-,populacao_seade-sp_2000a2024,populacao_seade-sp_2000a2024_ign_2024.csv
2024,Pinheiros,PINHEIROS,Alto de Pinheiros,Alto_de_Pinheiros,ign,,,,,,,,,,,,,,,,,-,populacao_seade-sp_2000a2024,populacao_seade-sp_2000a2024_ign_2024.csv
2024,Perus,PERUS,Anhanguera,Anhanguera,ign,,,,,,,,,,,,,,,,,-,populacao_seade-sp_2000a2024,populacao_seade-sp_2000a2024_ign_2024.csv
2024,Aricanduva/Formosa/Carrão,ARICANDUVA_FORMOSA_CARRAO,Aricanduva,Aricanduva,ign,,,,,,,,,,,,,,,,,-,populacao_seade-sp_2000a2024,populacao_seade-sp_2000a2024_ign_2024.csv
2024,Penha,PENHA,Artur Alvim,Artur_Alvim,ign,,,,,,,,,,,,,,,,,-,populacao_seade-sp_2000a2024,populacao_seade-sp_2000a2024_ign_2024.csv
2024,Lapa,LAPA,Barra Funda,Barra_Funda,ign,,,,,,,,,,,,,,,,,-,populacao_seade-sp_2000a2024,populacao_seade-sp_2000a2024_ign_2024.csv
2024,Sé,SE,Bela Vista,Bela_Vista,ign,,,,,,,,,,,,,,,,,-,populacao_seade-sp_2000a2024,populacao_seade-sp_2000a2024_ign_2024.csv
2024,Mooca,MOOCA,Belém,Belem,ign,,,,,,,,,,,,,,,,,-,populacao_seade-sp_2000a2024,populacao_seade-sp_2000a2024_ign_2024.csv
2024,Sé,SE,Bom Retiro,Bom_Retiro,ign,,,,,,,,,,,,,,,,,-,populacao_seade-sp_2000a2024,populacao_seade-sp_2000a2024_ign_2024.csv
2024,Mooca,MOOCA,Brás,Bras,ign,,,,,,,,,,,,,,,,,-,populacao_seade-sp_2000a2024,populacao_seade-sp_2000a2024_ign_2024.csv
2024,Freguesia/Brasilândia,FREGUESIA_BRASILANDIA,Brasilândia,Brasilandia,ign,,,,,,,,,,,,,,,,,-,populacao_seade-sp_2000a2024,populacao_seade-sp_2000a2024_ign_2024.csv
2024,Butantã,BUTANTA,Butantã,Butanta,ign,,,,,,,,,,,,,,,,,-,populacao_seade-sp_2000a2024,populacao_seade-sp_2000a2024_ign_2024.csv
2024,Casa Verde/Cachoeirinha,CASA_VERDE_CACHOEIRINHA,Cachoeirinha,Cachoeirinha,ign,,,,,,,,,,,,,,,,,-,populacao_seade-sp_2000a2024,populacao_seade-sp_2000a2024_ign_2024.csv
2024,Sé,SE,Cambuci,Cambuci,ign,,,,,,,,,,,,,,,,,-,populacao_seade-sp_2000a2024,populacao_seade-sp_2000a2024_ign_2024.csv
2024,Santo Amaro,SANTO_AMARO,Campo Belo,Campo_Belo,ign,,,,,,,,,,,,,,,,,-,populacao_seade-sp_2000a2024,populacao_seade-sp_2000a2024_ign_2024.csv
2024,Santo Amaro,SANTO_AMARO,Campo Grande,Campo_Grande,ign,,,,,,,,,,,,,,,,,-,populacao_seade-sp_2000a2024,populacao_seade-sp_2000a2024_ign_2024.csv
2024,Campo Limpo,CAMPO_LIMPO,Campo Limpo,Campo_Limpo,ign,,,,,,,,,,,,,,,,,-,populacao_seade-sp_2000a2024,populacao_seade-sp_2000a2024_ign_2024.csv
2024,Penha,PENHA,Cangaíba,Cangaiba,ign,,,,,,,,,,,,,,,,,-,populacao_seade-sp_2000a2024,populacao_seade-sp_2000a2024_ign_2024.csv
2024,Campo Limpo,CAMPO_LIMPO,Capão Redondo,Capao_Redondo,ign,,,,,,,,,,,,,,,,,-,populacao_seade-sp_2000a2024,populacao_seade-sp_2000a2024_ign_2024.csv
2024,Aricanduva/Formosa/Carrão,ARICANDUVA_FORMOSA_CARRAO,Carrão,Carrao,ign,,,,,,,,,,,,,,,,,-,populacao_seade-sp_2000a2024,populacao_seade-sp_2000a2024_ign_2024.csv
2024,Casa Verde/Cachoeirinha,CASA_VERDE_CACHOEIRINHA,Casa Verde,Casa_Verde,ign,,,,,,,,,,,,,,,,,-,populacao_seade-sp_2000a2024,populacao_seade-sp_2000a2024_ign_2024.csv
2024,Cidade Ademar,CIDADE_ADEMAR,Cidade Ademar,Cidade_Ademar,ign,,,,,,,,,,,,,,,,,-,populacao_seade-sp_2000a2024,populacao_seade-sp_2000a2024_ign_2024.csv
2024,Capela do Socorro,CAPELA_DO_SOCORRO,Cidade Dutra,Cidade_Dutra,ign,,,,,,,,,,,,,,,,,-,populacao_seade-sp_2000a2024,populacao_seade-sp_2000a2024_ign_2024.csv
2024,Itaquera,ITAQUERA,Cidade Líder,Cidade_Lider,ign,,,,,,,,,,,,,,,,,-,populacao_seade-sp_2000a2024,populacao_seade-sp_2000a2024_ign_2024.csv
2024,Cidade Tiradentes,CIDADE_TIRADENTES,Cidade Tiradentes,Cidade_Tiradentes,ign,,,,,,,,,,,,,,,,,-,populacao_seade-sp_2000a2024,populacao_seade-sp_2000a2024_ign_2024.csv
2024,Sé,SE,Consolação,Consolacao,ign,,,,,,,,,,,,,,,,,-,populacao_seade-sp_2000a2024,populacao_seade-sp_2000a2024_ign_2024.csv
2024,Ipiranga,IPIRANGA,Cursino,Cursino,ign,,,,,,,,,,,,,,,,,-,populacao_seade-sp_2000a2024,populacao_seade-sp_2000a2024_ign_2024.csv
2024,Ermelino Matarazzo,ERMELINO_MATARAZZO,Ermelino Matarazzo,Ermelino_Matarazzo,ign,,,,,,,,,,,,,,,,,-,populacao_seade-sp_2000a2024,populacao_seade-sp_2000a2024_ign_2024.csv
2024,Freguesia/Brasilândia,FREGUESIA_BRASILANDIA,Freguesia do Ó,Freguesia_do_O,ign,,,,,,,,,,,,,,,,,-,populacao_seade-sp_2000a2024,populacao_seade-sp_2000a2024_ign_2024.csv
2024,Capela do Socorro,CAPELA_DO_SOCORRO,Grajaú,Grajau,ign,,,,,,,,,,,,,,,,,-,populacao_seade-sp_2000a2024,populacao_seade-sp_2000a2024_ign_2024.csv
2024,Guaianases,GUAIANASES,Guaianases,Guaianases,ign,,,,,,,,,,,,,,,,,-,populacao_seade-sp_2000a2024,populacao_seade-sp_2000a2024_ign_2024.csv
2024,São Mateus,SAO_MATEUS,Iguatemi,Iguatemi,ign,,,,,,,,,,,,,,,,,-,populacao_seade-sp_2000a2024,populacao_seade-sp_2000a2024_ign_2024.csv
2024,Ipiranga,IPIRANGA,Ipiranga,Ipiranga,ign,,,,,,,,,,,,,,,,,-,populacao_seade-sp_2000a2024,populacao_seade-sp_2000a2024_ign_2024.csv
2024,Pinheiros,PINHEIROS,Itaim Bibi,Itaim_Bibi,ign,,,,,,,,,,,,,,,,,-,populacao_seade-sp_2000a2024,populacao_seade-sp_2000a2024_ign_2024.csv
2024,Itaim Paulista,ITAIM_PAULISTA,Itaim Paulista,Itaim_Paulista,ign,,,,,,,,,,,,,,,,,-,populacao_seade-sp_2000a2024,populacao_seade-sp_2000a2024_ign_2024.csv
2024,Itaquera,ITAQUERA,Itaquera,Itaquera,ign,,,,,,,,,,,,,,,,,-,populacao_seade-sp_2000a2024,populacao_seade-sp_2000a2024_ign_2024.csv
2024,Jabaquara,JABAQUARA,Jabaquara,Jabaquara,ign,,,,,,,,,,,,,,,,,-,populacao_seade-sp_2000a2024,populacao_seade-sp_2000a2024_ign_2024.csv
2024,Jaçanã/Tremembé,JACANA_TREMEMBE,Jaçanã,Jacana,ign,,,,,,,,,,,,,,,,,-,populacao_seade-sp_2000a2024,populacao_seade-sp_2000a2024_ign_2024.csv
2024,Lapa,LAPA,Jaguara,Jaguara,ign,,,,,,,,,,,,,,,,,-,populacao_seade-sp_2000a2024,populacao_seade-sp_2000a2024_ign_2024.csv
2024,Lapa,LAPA,Jaguaré,Jaguare,ign,,,,,,,,,,,,,,,,,-,populacao_seade-sp_2000a2024,populacao_seade-sp_2000a2024_ign_2024.csv
2024,Pirituba/Jaraguá,PIRITUBA_JARAGUA,Jaraguá,Jaragua,ign,,,,,,,,,,,,,,,,,-,populacao_seade-sp_2000a2024,populacao_seade-sp_2000a2024_ign_2024.csv
2024,M'Boi Mirim,M_BOI_MIRIM,Jardim Ângela,Jardim_Angela,ign,,,,,,,,,,,,,,,,,-,populacao_seade-sp_2000a2024,populacao_seade-sp_2000a2024_ign_2024.csv
2024,São Miguel,SAO_MIGUEL,Jardim Helena,Jardim_Helena,ign,,,,,,,,,,,,,,,,,-,populacao_seade-sp_2000a2024,populacao_seade-sp_2000a2024_ign_2024.csv
2024,Pinheiros,PINHEIROS,Jardim Paulista,Jardim_Paulista,ign,,,,,,,,,,,,,,,,,-,populacao_seade-sp_2000a2024,populacao_seade-sp_2000a2024_ign_2024.csv
2024,M'Boi Mirim,M_BOI_MIRIM,Jardim São Luís,Jardim_Sao_Luis,ign,,,,,,,,,,,,,,,,,-,populacao_seade-sp_2000a2024,populacao_seade-sp_2000a2024_ign_2024.csv
2024,Itaquera,ITAQUERA,José Bonifácio,Jose_Bonifacio,ign,,,,,,,,,,,,,,,,,-,populacao_seade-sp_2000a2024,populacao_seade-sp_2000a2024_ign_2024.csv
2024,Guaianases,GUAIANASES,Lajeado,Lajeado,ign,,,,,,,,,,,,,,,,,-,populacao_seade-sp_2000a2024,populacao_seade-sp_2000a2024_ign_2024.csv
2024,Lapa,LAPA,Lapa,Lapa,ign,,,,,,,,,,,,,,,,,-,populacao_seade-sp_2000a2024,populacao_seade-sp_2000a2024_ign_2024.csv
2024,Sé,SE,Liberdade,Liberdade,ign,,,,,,,,,,,,,,,,,-,populacao_seade-sp_2000a2024,populacao_seade-sp_2000a2024_ign_2024.csv
2024,Casa Verde/Cachoeirinha,CASA_VERDE_CACHOEIRINHA,Limão,Limao,ign,,,,,,,,,,,,,,,,,-,populacao_seade-sp_2000a2024,populacao_seade-sp_2000a2024_ign_2024.csv
2024,Santana/Tucuruvi,SANTANA_TUCURUVI,Mandaqui,Mandaqui,ign,,,,,,,,,,,,,,,,,-,populacao_seade-sp_2000a2024,populacao_seade-sp_2000a2024_ign_2024.csv
2024,Parelheiros,PARELHEIROS,Marsilac,Marsilac,ign,,,,,,,,,,,,,,,,,-,populacao_seade-sp_2000a2024,populacao_seade-sp_2000a2024_ign_2024.csv
2024,Vila Mariana,VILA_MARIANA,Moema,Moema,ign,,,,,,,,,,,,,,,,,-,populacao_seade-sp_2000a2024,populacao_seade-sp_2000a2024_ign_2024.csv
2024,Mooca,MOOCA,Mooca,Mooca,ign,,,,,,,,,,,,,,,,,-,populacao_seade-sp_2000a2024,populacao_seade-sp_2000a2024_ign_2024.csv
2024,Butantã,BUTANTA,Morumbi,Morumbi,ign,,,,,,,,,,,,,,,,,-,populacao_seade-sp_2000a2024,populacao_seade-sp_2000a2024_ign_2024.csv
2024,Parelheiros,PARELHEIROS,Parelheiros,Parelheiros,ign,,,,,,,,,,,,,,,,,-,populacao_seade-sp_2000a2024,populacao_seade-sp_2000a2024_ign_2024.csv
2024,Mooca,MOOCA,Pari,Pari,ign,,,,,,,,,,,,,,,,,-,populacao_seade-sp_2000a2024,populacao_seade-sp_2000a2024_ign_2024.csv
2024,Itaquera,ITAQUERA,Parque do Carmo,Parque_do_Carmo,ign,,,,,,,,,,,,,,,,,-,populacao_seade-sp_2000a2024,populacao_seade-sp_2000a2024_ign_2024.csv
2024,Cidade Ademar,CIDADE_ADEMAR,Pedreira,Pedreira,ign,,,,,,,,,,,,,,,,,-,populacao_seade-sp_2000a2024,populacao_seade-sp_2000a2024_ign_2024.csv
2024,Penha,PENHA,Penha,Penha,ign,,,,,,,,,,,,,,,,,-,populacao_seade-sp_2000a2024,populacao_seade-sp_2000a2024_ign_2024.csv
2024,Lapa,LAPA,Perdizes,Perdizes,ign,,,,,,,,,,,,,,,,,-,populacao_seade-sp_2000a2024,populacao_seade-sp_2000a2024_ign_2024.csv
2024,Perus,PERUS,Perus,Perus,ign,,,,,,,,,,,,,,,,,-,populacao_seade-sp_2000a2024,populacao_seade-sp_2000a2024_ign_2024.csv
2024,Pinheiros,PINHEIROS,Pinheiros,Pinheiros,ign,,,,,,,,,,,,,,,,,-,populacao_seade-sp_2000a2024,populacao_seade-sp_2000a2024_ign_2024.csv
2024,Pirituba/Jaraguá,PIRITUBA_JARAGUA,Pirituba,Pirituba,ign,,,,,,,,,,,,,,,,,-,populacao_seade-sp_2000a2024,populacao_seade-sp_2000a2024_ign_2024.csv
2024,Ermelino Matarazzo,ERMELINO_MATARAZZO,Ponte Rasa,Ponte_Rasa,ign,,,,,,,,,,,,,,,,,-,populacao_seade-sp_2000a2024,populacao_seade-sp_2000a2024_ign_2024.csv
2024,Butantã,BUTANTA,Raposo Tavares,Raposo_Tavares,ign,,,,,,,,,,,,,,,,,-,populacao_seade-sp_2000a2024,populacao_seade-sp_2000a2024_ign_2024.csv
2024,Sé,SE,República,Republica,ign,,,,,,,,,,,,,,,,,-,populacao_seade-sp_2000a2024,populacao_seade-sp_2000a2024_ign_2024.csv
2024,Butantã,BUTANTA,Rio Pequeno,Rio_Pequeno,ign,,,,,,,,,,,,,,,,,-,populacao_seade-sp_2000a2024,populacao_seade-sp_2000a2024_ign_2024.csv
2024,Ipiranga,IPIRANGA,Sacomã,Sacoma,ign,,,,,,,,,,,,,,,,,-,populacao_seade-sp_2000a2024,populacao_seade-sp_2000a2024_ign_2024.csv
2024,Sé,SE,Santa Cecília,Santa_Cecilia,ign,,,,,,,,,,,,,,,,,-,populacao_seade-sp_2000a2024,populacao_seade-sp_2000a2024_ign_2024.csv
2024,Santana/Tucuruvi,SANTANA_TUCURUVI,Santana,Santana,ign,,,,,,,,,,,,,,,,,-,populacao_seade-sp_2000a2024,populacao_seade-sp_2000a2024_ign_2024.csv
2024,Santo Amaro,SANTO_AMARO,Santo Amaro,Santo_Amaro,ign,,,,,,,,,,,,,,,,,-,populacao_seade-sp_2000a2024,populacao_seade-sp_2000a2024_ign_2024.csv
2024,Pirituba/Jaraguá,PIRITUBA_JARAGUA,São Domingos,Sao_Domingos,ign,,,,,,,,,,,,,,,,,-,populacao_seade-sp_2000a2024,populacao_seade-sp_2000a2024_ign_2024.csv
2024,Vila Prudente,VILA_PRUDENTE,São Lucas,Sao_Lucas,ign,,,,,,,,,,,,,,,,,-,populacao_seade-sp_2000a2024,populacao_seade-sp_2000a2024_ign_2024.csv
2024,São Mateus,SAO_MATEUS,São Mateus,Sao_Mateus,ign,,,,,,,,,,,,,,,,,-,populacao_seade-sp_2000a2024,populacao_seade-sp_2000a2024_ign_2024.csv
2024,São Miguel,SAO_MIGUEL,São Miguel,Sao_Miguel,ign,,,,,,,,,,,,,,,,,-,populacao_seade-sp_2000a2024,populacao_seade-sp_2000a2024_ign_2024.csv
2024,São Mateus,SAO_MATEUS,São Rafael,Sao_Rafael,ign,,,,,,,,,,,,,,,,,-,populacao_seade-sp_2000a2024,populacao_seade-sp_2000a2024_ign_2024.csv
2024,Sapopemba,SAPOPEMBA,Sapopemba,Sapopemba,ign,,,,,,,,,,,,,,,,,-,populacao_seade-sp_2000a2024,populacao_seade-sp_2000a2024_ign_2024.csv
2024,Vila Mariana,VILA_MARIANA,Saúde,Saude,ign,,,,,,,,,,,,,,,,,-,populacao_seade-sp_2000a2024,populacao_seade-sp_2000a2024_ign_2024.csv
2024,Sé,SE,Sé,Se,ign,,,,,,,,,,,,,,,,,-,populacao_seade-sp_2000a2024,populacao_seade-sp_2000a2024_ign_2024.csv
2024,Capela do Socorro,CAPELA_DO_SOCORRO,Socorro,Socorro,ign,,,,,,,,,,,,,,,,,-,populacao_seade-sp_2000a2024,populacao_seade-sp_2000a2024_ign_2024.csv
2024,Mooca,MOOCA,Tatuapé,Tatuape,ign,,,,,,,,,,,,,,,,,-,populacao_seade-sp_2000a2024,populacao_seade-sp_2000a2024_ign_2024.csv
2024,Jaçanã/Tremembé,JACANA_TREMEMBE,Tremembé,Tremembe,ign,,,,,,,,,,,,,,,,,-,populacao_seade-sp_2000a2024,populacao_seade-sp_2000a2024_ign_2024.csv
2024,Santana/Tucuruvi,SANTANA_TUCURUVI,Tucuruvi,Tucuruvi,ign,,,,,,,,,,,,,,,,,-,populacao_seade-sp_2000a2024,populacao_seade-sp_2000a2024_ign_2024.csv
2024,Campo Limpo,CAMPO_LIMPO,Vila Andrade,Vila_Andrade,ign,,,,,,,,,,,,,,,,,-,populacao_seade-sp_2000a2024,populacao_seade-sp_2000a2024_ign_2024.csv
2024,Itaim Paulista,ITAIM_PAULISTA,Vila Curuçá,Vila_Curuca,ign,,,,,,,,,,,,,,,,,-,populacao_seade-sp_2000a2024,populacao_seade-sp_2000a2024_ign_2024.csv
2024,Aricanduva/Formosa/Carrão,ARICANDUVA_FORMOSA_CARRAO,Vila Formosa,Vila_Formosa,ign,,,,,,,,,,,,,,,,,-,populacao_seade-sp_2000a2024,populacao_seade-sp_2000a2024_ign_2024.csv
2024,Vila Maria/Vila Guilherme,VILA_MARIA_VILA_GUILHERME,Vila Guilherme,Vila_Guilherme,ign,,,,,,,,,,,,,,,,,-,populacao_seade-sp_2000a2024,populacao_seade-sp_2000a2024_ign_2024.csv
2024,São Miguel,SAO_MIGUEL,Vila Jacuí,Vila_Jacui,ign,,,,,,,,,,,,,,,,,-,populacao_seade-sp_2000a2024,populacao_seade-sp_2000a2024_ign_2024.csv
2024,Lapa,LAPA,Vila Leopoldina,Vila_Leopoldina,ign,,,,,,,,,,,,,,,,,-,populacao_seade-sp_2000a2024,populacao_seade-sp_2000a2024_ign_2024.csv
2024,Vila Maria/Vila Guilherme,VILA_MARIA_VILA_GUILHERME,Vila Maria,Vila_Maria,ign,,,,,,,,,,,,,,,,,-,populacao_seade-sp_2000a2024,populacao_seade-sp_2000a2024_ign_2024.csv
2024,Vila Mariana,VILA_MARIANA,Vila Mariana,Vila_Mariana,ign,,,,,,,,,,,,,,,,,-,populacao_seade-sp_2000a2024,populacao_seade-sp_2000a2024_ign_2024.csv
2024,Penha,PENHA,Vila Matilde,Vila_Matilde,ign,,,,,,,,,,,,,,,,,-,populacao_seade-sp_2000a2024,populacao_seade-sp_2000a2024_ign_2024.csv
2024,Vila Maria/Vila Guilherme,VILA_MARIA_VILA_GUILHERME,Vila Medeiros,Vila_Medeiros,ign,,,,,,,,,,,,,,,,,-,populacao_seade-sp_2000a2024,populacao_seade-sp_2000a2024_ign_2024.csv
2024,Vila Prudente,VILA_PRUDENTE,Vila Prudente,Vila_Prudente,ign,,,,,,,,,,,,,,,,,-,populacao_seade-sp_2000a2024,populacao_seade-sp_2000a2024_ign_2024.csv
2024,Butantã,BUTANTA,Vila Sônia,Vila_Sonia,ign,,,,,,,,,,,,,,,,,-,populacao_seade-sp_2000a2024,populacao_seade-sp_2000a2024_ign_2024.csv
2024,,NAO_IDENTIFICADO,Ignorado,Ignorado,ign,,,,,,,,,,,,,,,,,-,populacao_seade-sp_2000a2024,populacao_seade-sp_2000a2024_ign_2024.csv
2025,Mooca,MOOCA,Água Rasa,Agua_Rasa,masculino,1957,2166,2392,1908,2064,2515,2526,2985,3156,2969,2647,2286,2408,2111,1562,2059,37711,populacao_seade-sp_2000a2050,populacao_seade-sp_2000a2050_masculino_2025.csv
2025,Pinheiros,PINHEIROS,Alto de Pinheiros,Alto_de_Pinheiros,masculino,687,778,863,831,911,1084,1214,1337,1319,1474,1230,1183,1326,1152,1026,1659,18074,populacao_seade-sp_2000a2050,populacao_seade-sp_2000a2050_masculino_2025.csv
2025,Perus,PERUS,Anhanguera,Anhanguera,masculino,3100,3088,2983,2968,3615,4444,3952,3759,3272,3046,2953,2837,2016,1383,837,617,44870,populacao_seade-sp_2000a2050,populacao_seade-sp_2000a2050_masculino_2025.csv
2025,Aricanduva/Formosa/Carrão,ARICANDUVA_FORMOSA_CARRAO,Aricanduva,Aricanduva,masculino,2280,2413,2564,2310,2664,3193,2974,3268,3280,2902,2676,2568,2186,1924,1388,1813,40403,populacao_seade-sp_2000a2050,populacao_seade-sp_2000a2050_masculino_2025.csv
2025,Penha,PENHA,Artur Alvim,Artur_Alvim,masculino,2611,2823,3000,2720,3034,3659,3452,3751,4035,3720,3138,2579,2404,1927,1525,1836,46214,populacao_seade-sp_2000a2050,populacao_seade-sp_2000a2050_masculino_2025.csv
2025,Lapa,LAPA,Barra Funda,Barra_Funda,masculino,447,502,569,414,444,470,534,635,750,700,609,455,390,372,281,362,7934,populacao_seade-sp_2000a2050,populacao_seade-sp_2000a2050_masculino_2025.csv
2025,Sé,SE,Bela Vista,Bela_Vista,masculino,1600,2004,2169,1408,1347,1461,1828,3589,4584,3860,2784,2281,1956,1614,1291,1632,35408,populacao_seade-sp_2000a2050,populacao_seade-sp_2000a2050_masculino_2025.csv
2025,Mooca,MOOCA,Belém,Belem,masculino,1594,1897,2184,1330,1269,1338,1404,2082,2402,2058,1660,1293,1214,998,779,877,24379,populacao_seade-sp_2000a2050,populacao_seade-sp_2000a2050_masculino_2025.csv
2025,Sé,SE,Bom Retiro,Bom_Retiro,masculino,1290,1424,1581,1138,1199,1308,1398,1840,1832,1669,1232,1059,865,743,539,617,19734,populacao_seade-sp_2000a2050,populacao_seade-sp_2000a2050_masculino_2025.csv
2025,Mooca,MOOCA,Brás,Bras,masculino,1148,1286,1492,878,948,1056,1168,1541,1642,1418,1179,942,762,630,422,462,16974,populacao_seade-sp_2000a2050,populacao_seade-sp_2000a2050_masculino_2025.csv
2025,Freguesia/Brasilândia,FREGUESIA_BRASILANDIA,Brasilândia,Brasilandia,masculino,10985,11349,11640,9112,10817,12622,11021,11023,10589,9105,8008,7239,5557,4371,2944,2921,139303,populacao_seade-sp_2000a2050,populacao_seade-sp_2000a2050_masculino_2025.csv
2025,Butantã,BUTANTA,Butantã,Butanta,masculino,1141,1297,1425,1201,1245,1382,1549,2413,2665,2257,1775,1546,1445,1281,1055,1503,25180,populacao_seade-sp_2000a2050,populacao_seade-sp_2000a2050_masculino_2025.csv
2025,Casa Verde/Cachoeirinha,CASA_VERDE_CACHOEIRINHA,Cachoeirinha,Cachoeirinha,masculino,5048,5348,5663,4644,5332,6046,5609,5814,5678,5084,4175,3842,3123,2638,1719,1751,71514,populacao_seade-sp_2000a2050,populacao_seade-sp_2000a2050_masculino_2025.csv
2025,Sé,SE,Cambuci,Cambuci,masculino,1106,1225,1354,1186,1196,1256,1227,1457,1693,1691,1445,1226,1045,867,645,822,19441,populacao_seade-sp_2000a2050,populacao_seade-sp_2000a2050_masculino_2025.csv
2025,Santo Amaro,SANTO_AMARO,Campo Belo,Campo_Belo,masculino,1351,1562,1763,1519,1485,1585,1615,2074,2402,2507,2168,1953,1835,1616,1371,1986,28792,populacao_seade-sp_2000a2050,populacao_seade-sp_2000a2050_masculino_2025.csv
2025,Santo Amaro,SANTO_AMARO,Campo Grande,Campo_Grande,masculino,2554,2826,3131,3002,3158,3540,3446,3583,4019,4206,3717,3561,3204,2630,1880,2169,50626,populacao_seade-sp_2000a2050,populacao_seade-sp_2000a2050_masculino_2025.csv
2025,Campo Limpo,CAMPO_LIMPO,Campo Limpo,Campo_Limpo,masculino,7573,7957,8278,7620,8327,9848,8622,9271,9364,8812,7528,6140,4667,3885,2662,2583,113137,populacao_seade-sp_2000a2050,populacao_seade-sp_2000a2050_masculino_2025.csv
2025,Penha,PENHA,Cangaíba,Cangaiba,masculino,4289,4542,4796,3895,4497,5461,5098,5560,5263,4702,4119,3817,3352,2744,1899,2100,66134,populacao_seade-sp_2000a2050,populacao_seade-sp_2000a2050_masculino_2025.csv
2025,Campo Limpo,CAMPO_LIMPO,Capão Redondo,Capao_Redondo,masculino,10585,11029,11353,9804,11235,13024,11785,12165,12004,10644,9180,7789,5748,4537,3274,3119,147275,populacao_seade-sp_2000a2050,populacao_seade-sp_2000a2050_masculino_2025.csv
2025,Aricanduva/Formosa/Carrão,ARICANDUVA_FORMOSA_CARRAO,Carrão,Carrao,masculino,1942,2141,2324,2100,2329,2827,2868,3192,3228,3114,2827,2579,2525,2130,1598,2118,39842,populacao_seade-sp_2000a2050,populacao_seade-sp_2000a2050_masculino_2025.csv
2025,Casa Verde/Cachoeirinha,CASA_VERDE_CACHOEIRINHA,Casa Verde,Casa_Verde,masculino,2413,2635,2857,2261,2512,2852,2725,3383,3394,3161,2497,2274,2156,1878,1382,1688,40068,populacao_seade-sp_2000a2050,populacao_seade-sp_2000a2050_masculino_2025.csv
2025,Cidade Ademar,CIDADE_ADEMAR,Cidade Ademar,Cidade_Ademar,masculino,9784,10301,10765,8783,10069,11592,10820,11816,11510,10470,8756,7527,5812,4663,3423,3658,139749,populacao_seade-sp_2000a2050,populacao_seade-sp_2000a2050_masculino_2025.csv
2025,Capela do Socorro,CAPELA_DO_SOCORRO,Cidade Dutra,Cidade_Dutra,masculino,6435,6763,7084,6044,7065,8482,7741,8158,7830,7216,6315,5684,4586,3752,2762,2940,98857,populacao_seade-sp_2000a2050,populacao_seade-sp_2000a2050_masculino_2025.csv
2025,Itaquera,ITAQUERA,Cidade Líder,Cidade_Lider,masculino,4271,4483,4654,4194,4779,5707,5297,5469,5480,5038,4325,3712,3123,2622,1943,1909,67006,populacao_seade-sp_2000a2050,populacao_seade-sp_2000a2050_masculino_2025.csv
2025,Cidade Tiradentes,CIDADE_TIRADENTES,Cidade Tiradentes,Cidade_Tiradentes,masculino,9120,9076,8885,8273,10376,11811,10227,9484,9047,7775,6683,5570,4347,3518,2398,1812,118402,populacao_seade-sp_2000a2050,populacao_seade-sp_2000a2050_masculino_2025.csv
2025,Sé,SE,Consolação,Consolacao,masculino,1029,1198,1154,859,857,1034,1508,3167,3149,2460,1896,1598,1680,1476,1111,1736,25912,populacao_seade-sp_2000a2050,populacao_seade-sp_2000a2050_masculino_2025.csv
2025,Ipiranga,IPIRANGA,Cursino,Cursino,masculino,2814,3171,3523,3091,3150,3516,3513,4240,4667,4337,3610,3385,3196,2840,2057,2592,53702,populacao_seade-sp_2000a2050,populacao_seade-sp_2000a2050_masculino_2025.csv
2025,Ermelino Matarazzo,ERMELINO_MATARAZZO,Ermelino Matarazzo,Ermelino_Matarazzo,masculino,3786,3987,4172,3734,4200,4965,4506,4762,4646,4154,3746,3406,2711,2190,1637,1665,58267,populacao_seade-sp_2000a2050,populacao_seade-sp_2000a2050_masculino_2025.csv
2025,Freguesia/Brasilândia,FREGUESIA_BRASILANDIA,Freguesia do Ó,Freguesia_do_O,masculino,3866,4187,4488,3583,4089,5139,4760,5386,5484,5070,4184,3873,3685,3250,2271,2540,65855,populacao_seade-sp_2000a2050,populacao_seade-sp_2000a2050_masculino_2025.csv
2025,Capela do Socorro,CAPELA_DO_SOCORRO,Grajaú,Grajau,masculino,14721,15106,15442,13173,15590,18322,16042,15775,14898,13188,11623,10394,7990,6020,4122,3501,195907,populacao_seade-sp_2000a2050,populacao_seade-sp_2000a2050_masculino_2025.csv
2025,Guaianases,GUAIANASES,Guaianases,Guaianases,masculino,4126,4210,4264,3626,4303,4957,4705,4330,4087,3720,3190,2821,2225,1750,1243,1143,54700,populacao_seade-sp_2000a2050,populacao_seade-sp_2000a2050_masculino_2025.csv
2025,São Mateus,SAO_MATEUS,Iguatemi,Iguatemi,masculino,6038,6139,6093,5400,6274,7365,6541,6130,5723,4979,4454,4240,3272,2458,1685,1407,78198,populacao_seade-sp_2000a2050,populacao_seade-sp_2000a2050_masculino_2025.csv
2025,Ipiranga,IPIRANGA,Ipiranga,Ipiranga,masculino,2804,3158,3471,2991,3225,3628,3638,4229,4725,4367,3804,3340,3052,2549,1958,2399,53338,populacao_seade-sp_2000a2050,populacao_seade-sp_2000a2050_masculino_2025.csv
2025,Pinheiros,PINHEIROS,Itaim Bibi,Itaim_Bibi,masculino,1833,2356,2742,2222,1882,1920,2189,3139,4514,4894,3905,2935,2769,2508,2127,3013,44948,populacao_seade-sp_2000a2050,populacao_seade-sp_2000a2050_masculino_2025.csv
2025,Itaim Paulista,ITAIM_PAULISTA,Itaim Paulista,Itaim_Paulista,masculino,8452,8603,8742,7601,9112,11049,10009,9489,8748,7626,6672,6119,4967,3871,2617,2465,116142,populacao_seade-sp_2000a2050,populacao_seade-sp_2000a2050_masculino_2025.csv
2025,Itaquera,ITAQUERA,Itaquera,Itaquera,masculino,6927,7226,7565,6523,7597,9074,8194,8150,7906,7340,6728,5879,4719,3715,2615,2761,102919,populacao_seade-sp_2000a2050,populacao_seade-sp_2000a2050_masculino_2025.csv
2025,Jabaquara,JABAQUARA,Jabaquara,Jabaquara,masculino,6375,6924,7513,6459,7075,8369,7778,8751,9307,8805,7197,6627,5790,4627,3404,3804,108805,populacao_seade-sp_2000a2050,populacao_seade-sp_2000a2050_masculino_2025.csv
2025,Jaçanã/Tremembé,JACANA_TREMEMBE,Jaçanã,Jacana,masculino,2781,2911,3010,2969,3366,3953,3584,3829,3846,3478,2908,2494,2153,1831,1314,1492,45919,populacao_seade-sp_2000a2050,populacao_seade-sp_2000a2050_masculino_2025.csv
2025,Lapa,LAPA,Jaguara,Jaguara,masculino,600,655,714,595,678,746,755,944,1004,917,763,665,636,565,445,562,11244,populacao_seade-sp_2000a2050,populacao_seade-sp_2000a2050_masculino_2025.csv
2025,Lapa,LAPA,Jaguaré,Jaguare,masculino,1594,1756,1901,1737,1871,1982,1922,2304,2537,2350,1919,1598,1307,996,740,912,27426,populacao_seade-sp_2000a2050,populacao_seade-sp_2000a2050_masculino_2025.csv
2025,Pirituba/Jaraguá,PIRITUBA_JARAGUA,Jaraguá,Jaragua,masculino,7674,7941,8092,7032,8423,9929,8705,8470,8250,7579,6658,5828,4689,3674,2419,2152,107515,populacao_seade-sp_2000a2050,populacao_seade-sp_2000a2050_masculino_2025.csv
2025,M'Boi Mirim,M_BOI_MIRIM,Jardim Ângela,Jardim_Angela,masculino,12955,13393,13848,12533,14149,15802,13630,13600,13506,12122,11050,9128,6398,4924,3410,2981,173429,populacao_seade-sp_2000a2050,populacao_seade-sp_2000a2050_masculino_2025.csv
2025,São Miguel,SAO_MIGUEL,Jardim Helena,Jardim_Helena,masculino,5228,5399,5488,4437,5059,6165,5518,5327,5029,4412,3886,3541,2691,2063,1446,1438,67127,populacao_seade-sp_2000a2050,populacao_seade-sp_2000a2050_masculino_2025.csv
2025,Pinheiros,PINHEIROS,Jardim Paulista,Jardim_Paulista,masculino,1603,2072,2264,1784,1589,1709,1943,3197,4303,4275,3332,2805,2583,2337,1934,3231,40961,populacao_seade-sp_2000a2050,populacao_seade-sp_2000a2050_masculino_2025.csv
2025,M'Boi Mirim,M_BOI_MIRIM,Jardim São Luís,Jardim_Sao_Luis,masculino,9984,10467,10936,9288,10917,12770,11325,12421,12221,11119,9477,7958,6044,4938,3427,3294,146586,populacao_seade-sp_2000a2050,populacao_seade-sp_2000a2050_masculino_2025.csv
2025,Itaquera,ITAQUERA,José Bonifácio,Jose_Bonifacio,masculino,3990,4206,4365,4579,5094,5844,5051,5134,5731,5530,4460,3623,2837,2357,1963,1901,66665,populacao_seade-sp_2000a2050,populacao_seade-sp_2000a2050_masculino_2025.csv
2025,Guaianases,GUAIANASES,Lajeado,Lajeado,masculino,6694,6782,6855,6036,6778,8330,7481,7215,6471,5586,5239,4464,3437,2759,1858,1705,87690,populacao_seade-sp_2000a2050,populacao_seade-sp_2000a2050_masculino_2025.csv
2025,Lapa,LAPA,Lapa,Lapa,masculino,1382,1606,1813,1646,1619,1697,1883,2368,2764,2698,2301,2072,2079,1825,1364,1915,31032,populacao_seade-sp_2000a2050,populacao_seade-sp_2000a2050_masculino_2025.csv
2025,Sé,SE,Liberdade,Liberdade,masculino,1602,1941,2194,1636,1583,1779,2142,3059,3701,3260,2540,2206,1879,1706,1308,1746,34282,populacao_seade-sp_2000a2050,populacao_seade-sp_2000a2050_masculino_2025.csv
2025,Casa Verde/Cachoeirinha,CASA_VERDE_CACHOEIRINHA,Limão,Limao,masculino,2475,2669,2878,2148,2338,2805,2654,3182,3062,2788,2324,2130,1853,1591,1165,1331,37393,populacao_seade-sp_2000a2050,populacao_seade-sp_2000a2050_masculino_2025.csv
2025,Santana/Tucuruvi,SANTANA_TUCURUVI,Mandaqui,Mandaqui,masculino,2813,2998,3203,2765,3133,3879,3786,4254,4172,3909,3618,3446,3054,2540,1774,2131,51475,populacao_seade-sp_2000a2050,populacao_seade-sp_2000a2050_masculino_2025.csv
2025,Parelheiros,PARELHEIROS,Marsilac,Marsilac,masculino,278,268,251,275,376,461,401,347,279,257,212,248,206,191,139,134,4323,populacao_seade-sp_2000a2050,populacao_seade-sp_2000a2050_masculino_2025.csv
2025,Vila Mariana,VILA_MARIANA,Moema,Moema,masculino,1562,1934,2195,2076,1939,2059,2148,2716,3590,3918,3442,2897,2802,2594,2290,3194,41356,populacao_seade-sp_2000a2050,populacao_seade-sp_2000a2050_masculino_2025.csv
2025,Mooca,MOOCA,Mooca,Mooca,masculino,1938,2156,2401,1986,2034,2275,2553,3077,3312,3192,2826,2652,2395,2062,1569,1927,38355,populacao_seade-sp_2000a2050,populacao_seade-sp_2000a2050_masculino_2025.csv
2025,Butantã,BUTANTA,Morumbi,Morumbi,masculino,1555,1730,1886,1425,1573,1833,1683,1764,1946,1897,1724,1644,1485,1227,960,1375,25707,populacao_seade-sp_2000a2050,populacao_seade-sp_2000a2050_masculino_2025.csv
2025,Parelheiros,PARELHEIROS,Parelheiros,Parelheiros,masculino,6408,6530,6475,5455,6450,7659,6599,5997,5589,5224,4657,4149,3123,2457,1633,1398,79803,populacao_seade-sp_2000a2050,populacao_seade-sp_2000a2050_masculino_2025.csv
2025,Mooca,MOOCA,Pari,Pari,masculino,674,733,802,552,582,610,677,850,807,681,543,542,423,347,238,351,9412,populacao_seade-sp_2000a2050,populacao_seade-sp_2000a2050_masculino_2025.csv
2025,Itaquera,ITAQUERA,Parque do Carmo,Parque_do_Carmo,masculino,2326,2440,2579,2316,2734,3035,2791,2898,2947,2479,2326,2012,1506,1289,958,995,35631,populacao_seade-sp_2000a2050,populacao_seade-sp_2000a2050_masculino_2025.csv
2025,Cidade Ademar,CIDADE_ADEMAR,Pedreira,Pedreira,masculino,5453,5555,5618,5487,6239,7664,6842,6876,6381,5827,5087,4525,3500,2809,1907,1818,81588,populacao_seade-sp_2000a2050,populacao_seade-sp_2000a2050_masculino_2025.csv
2025,Penha,PENHA,Penha,Penha,masculino,3341,3582,3873,3262,3742,4357,4373,4969,5187,4520,4011,3744,3471,2935,2154,2800,60321,populacao_seade-sp_2000a2050,populacao_seade-sp_2000a2050_masculino_2025.csv
2025,Lapa,LAPA,Perdizes,Perdizes,masculino,2116,2551,2765,2543,2621,2704,3009,4340,5010,5067,3858,3509,3315,3219,2655,3462,52744,populacao_seade-sp_2000a2050,populacao_seade-sp_2000a2050_masculino_2025.csv
2025,Perus,PERUS,Perus,Perus,masculino,3494,3594,3642,2950,3515,4225,3751,3702,3136,3019,2844,2549,1925,1443,976,919,45684,populacao_seade-sp_2000a2050,populacao_seade-sp_2000a2050_masculino_2025.csv
2025,Pinheiros,PINHEIROS,Pinheiros,Pinheiros,masculino,1136,1456,1642,1423,1315,1361,1460,2222,3126,3027,2328,2002,1939,1695,1438,2060,29630,populacao_seade-sp_2000a2050,populacao_seade-sp_2000a2050_masculino_2025.csv
2025,Pirituba/Jaraguá,PIRITUBA_JARAGUA,Pirituba,Pirituba,masculino,4845,5211,5570,4938,5441,6393,6009,6616,6840,6210,5143,4965,4400,3700,2666,2937,81884,populacao_seade-sp_2000a2050,populacao_seade-sp_2000a2050_masculino_2025.csv
2025,Ermelino Matarazzo,ERMELINO_MATARAZZO,Ponte Rasa,Ponte_Rasa,masculino,2444,2568,2724,2476,2820,3448,3175,3441,3558,2982,2577,2508,2208,1970,1412,1601,41912,populacao_seade-sp_2000a2050,populacao_seade-sp_2000a2050_masculino_2025.csv
2025,Butantã,BUTANTA,Raposo Tavares,Raposo_Tavares,masculino,3697,3906,4177,3312,3921,4270,3991,3981,4269,4013,3365,2886,2198,1727,1343,1419,52475,populacao_seade-sp_2000a2050,populacao_seade-sp_2000a2050_masculino_2025.csv
2025,Sé,SE,República,Republica,masculino,1385,1703,1931,1231,1231,1293,1614,3194,3788,3303,2776,2367,1853,1455,1003,1093,31220,populacao_seade-sp_2000a2050,populacao_seade-sp_2000a2050_masculino_2025.csv
2025,Butantã,BUTANTA,Rio Pequeno,Rio_Pequeno,masculino,4122,4538,4983,3331,3949,4326,4145,4845,5081,4544,3819,3543,2986,2368,1716,1927,60223,populacao_seade-sp_2000a2050,populacao_seade-sp_2000a2050_masculino_2025.csv
2025,Ipiranga,IPIRANGA,Sacomã,Sacoma,masculino,7504,7898,8360,7952,8766,10026,9730,10717,11255,10123,8497,7692,6496,5423,3843,4162,128444,populacao_seade-sp_2000a2050,populacao_seade-sp_2000a2050_masculino_2025.csv
2025,Sé,SE,Santa Cecília,Santa_Cecilia,masculino,1971,2375,2605,1939,1921,2156,2440,3687,4415,3838,3299,2877,2540,2063,1604,2029,41759,populacao_seade-sp_2000a2050,populacao_seade-sp_2000a2050_masculino_2025.csv
2025,Santana/Tucuruvi,SANTANA_TUCURUVI,Santana,Santana,masculino,2450,2826,3079,2323,2556,3121,3350,3931,4268,3771,3291,3173,3228,2921,2318,2906,49512,populacao_seade-sp_2000a2050,populacao_seade-sp_2000a2050_masculino_2025.csv
2025,Santo Amaro,SANTO_AMARO,Santo Amaro,Santo_Amaro,masculino,1519,1734,1961,1749,1917,2207,2187,2479,2905,2818,2644,2368,2381,1994,1606,2291,34760,populacao_seade-sp_2000a2050,populacao_seade-sp_2000a2050_masculino_2025.csv
2025,Pirituba/Jaraguá,PIRITUBA_JARAGUA,São Domingos,Sao_Domingos,masculino,2383,2511,2677,2536,2755,3213,3091,3391,3467,3089,2704,2611,2280,1845,1293,1573,41419,populacao_seade-sp_2000a2050,populacao_seade-sp_2000a2050_masculino_2025.csv
2025,Vila Prudente,VILA_PRUDENTE,São Lucas,Sao_Lucas,masculino,3602,3832,4003,3938,4355,4959,4925,5678,5863,5104,4464,4107,4087,3272,2391,2996,67576,populacao_seade-sp_2000a2050,populacao_seade-sp_2000a2050_masculino_2025.csv
2025,São Mateus,SAO_MATEUS,São Mateus,Sao_Mateus,masculino,4898,5156,5449,4635,5411,6473,5913,6214,6122,5347,4769,4295,3675,3030,2189,2369,75945,populacao_seade-sp_2000a2050,populacao_seade-sp_2000a2050_masculino_2025.csv
2025,São Miguel,SAO_MIGUEL,São Miguel,Sao_Miguel,masculino,3113,3332,3522,2467,2886,3509,3273,3419,3212,2670,2535,2367,2025,1634,1103,1288,42355,populacao_seade-sp_2000a2050,populacao_seade-sp_2000a2050_masculino_2025.csv
2025,São Mateus,SAO_MATEUS,São Rafael,Sao_Rafael,masculino,5501,5612,5676,5702,6829,7519,6679,6295,5964,5734,5361,4736,3646,2674,1837,1856,81621,populacao_seade-sp_2000a2050,populacao_seade-sp_2000a2050_masculino_2025.csv
2025,Sapopemba,SAPOPEMBA,Sapopemba,Sapopemba,masculino,9216,9617,10026,8841,10319,12009,11126,12017,11252,10028,8689,7688,6662,5506,3976,4025,140997,populacao_seade-sp_2000a2050,populacao_seade-sp_2000a2050_masculino_2025.csv
2025,Vila Mariana,VILA_MARIANA,Saúde,Saude,masculino,2541,3101,3529,2934,2871,3128,3386,4765,5958,5805,4596,4248,3944,3706,2918,3823,61253,populacao_seade-sp_2000a2050,populacao_seade-sp_2000a2050_masculino_2025.csv
2025,Sé,SE,Sé,Se,masculino,909,1050,1205,588,765,881,875,1255,1311,1125,1131,870,629,449,282,271,13596,populacao_seade-sp_2000a2050,populacao_seade-sp_2000a2050_masculino_2025.csv
2025,Capela do Socorro,CAPELA_DO_SOCORRO,Socorro,Socorro,masculino,843,936,1033,827,1015,1095,1116,1313,1367,1239,1162,1014,1020,864,666,918,16428,populacao_seade-sp_2000a2050,populacao_seade-sp_2000a2050_masculino_2025.csv
2025,Mooca,MOOCA,Tatuapé,Tatuape,masculino,2057,2317,2525,2121,2592,2972,3062,3467,3695,3502,3223,3142,3144,2559,1920,2375,44673,populacao_seade-sp_2000a2050,populacao_seade-sp_2000a2050_masculino_2025.csv
2025,Jaçanã/Tremembé,JACANA_TREMEMBE,Tremembé,Tremembe,masculino,7833,8205,8414,7037,8202,9620,8975,8971,8659,7917,7108,6348,5254,4174,2939,3041,112697,populacao_seade-sp_2000a2050,populacao_seade-sp_2000a2050_masculino_2025.csv
2025,Santana/Tucuruvi,SANTANA_TUCURUVI,Tucuruvi,Tucuruvi,masculino,2169,2362,2542,2254,2470,2927,3055,3797,3895,3518,2984,2739,2618,2407,1894,2357,43988,populacao_seade-sp_2000a2050,populacao_seade-sp_2000a2050_masculino_2025.csv
2025,Campo Limpo,CAMPO_LIMPO,Vila Andrade,Vila_Andrade,masculino,5417,5510,5567,5962,6846,7465,6715,7599,7235,6647,6066,4816,3855,2912,1815,1834,86261,populacao_seade-sp_2000a2050,populacao_seade-sp_2000a2050_masculino_2025.csv
2025,Itaim Paulista,ITAIM_PAULISTA,Vila Curuçá,Vila_Curuca,masculino,5177,5283,5326,4935,5925,7219,6484,6040,5991,4959,4744,4150,3344,2578,1789,1905,75849,populacao_seade-sp_2000a2050,populacao_seade-sp_2000a2050_masculino_2025.csv
2025,Aricanduva/Formosa/Carrão,ARICANDUVA_FORMOSA_CARRAO,Vila Formosa,Vila_Formosa,masculino,2301,2447,2559,2422,2681,3345,3271,3671,3626,3149,2809,2697,2726,2396,1752,2127,43979,populacao_seade-sp_2000a2050,populacao_seade-sp_2000a2050_masculino_2025.csv
2025,Vila Maria/Vila Guilherme,VILA_MARIA_VILA_GUILHERME,Vila Guilherme,Vila_Guilherme,masculino,1603,1818,2039,1501,1720,1791,1693,2106,2362,2153,1911,1628,1436,1303,966,1174,27204,populacao_seade-sp_2000a2050,populacao_seade-sp_2000a2050_masculino_2025.csv
2025,São Miguel,SAO_MIGUEL,Vila Jacuí,Vila_Jacui,masculino,4436,4528,4527,4860,5482,6577,5938,6188,5790,5077,4447,4025,3427,2693,1862,1718,71575,populacao_seade-sp_2000a2050,populacao_seade-sp_2000a2050_masculino_2025.csv
2025,Lapa,LAPA,Vila Leopoldina,Vila_Leopoldina,masculino,1049,1156,1311,1327,1289,1443,1452,1912,2144,2271,2092,1603,1406,1058,751,878,23142,populacao_seade-sp_2000a2050,populacao_seade-sp_2000a2050_masculino_2025.csv
2025,Vila Maria/Vila Guilherme,VILA_MARIA_VILA_GUILHERME,Vila Maria,Vila_Maria,masculino,3663,3915,4171,3250,3828,4171,4121,4695,4772,4001,3454,2969,2516,2105,1502,1686,54819,populacao_seade-sp_2000a2050,populacao_seade-sp_2000a2050_masculino_2025.csv
2025,Vila Mariana,VILA_MARIANA,Vila Mariana,Vila_Mariana,masculino,2438,3025,3271,2577,2680,2829,3299,5119,6434,5725,4348,3838,3858,3586,3020,4119,60166,populacao_seade-sp_2000a2050,populacao_seade-sp_2000a2050_masculino_2025.csv
2025,Penha,PENHA,Vila Matilde,Vila_Matilde,masculino,2700,2886,3075,2825,3169,3841,3825,4142,4179,3735,3207,3037,2841,2359,1767,2108,49696,populacao_seade-sp_2000a2050,populacao_seade-sp_2000a2050_masculino_2025.csv
2025,Vila Maria/Vila Guilherme,VILA_MARIA_VILA_GUILHERME,Vila Medeiros,Vila_Medeiros,masculino,3572,3857,4121,3418,3764,4382,4207,4870,4915,4100,3489,3112,2949,2506,1870,2252,57384,populacao_seade-sp_2000a2050,populacao_seade-sp_2000a2050_masculino_2025.csv
2025,Vila Prudente,VILA_PRUDENTE,Vila Prudente,Vila_Prudente,masculino,2563,2755,2957,2645,2841,3399,3437,4317,4412,3986,3196,3026,2970,2502,1874,2320,49200,populacao_seade-sp_2000a2050,populacao_seade-sp_2000a2050_masculino_2025.csv
2025,Butantã,BUTANTA,Vila Sônia,Vila_Sonia,masculino,3602,3968,4310,3552,3825,4316,4216,4841,5117,4770,4017,3551,3022,2564,1902,2357,59930,populacao_seade-sp_2000a2050,populacao_seade-sp_2000a2050_masculino_2025.csv
2025,,NAO_IDENTIFICADO,Ignorado,Ignorado,masculino,-,-,-,-,-,-,-,-,-,-,-,-,-,-,-,-,-,populacao_seade-sp_2000a2050,populacao_seade-sp_2000a2050_masculino_2025.csv
2025,Mooca,MOOCA,Água Rasa,Agua_Rasa,feminino,1875,2076,2297,1856,2107,2369,2615,3025,3246,3482,2953,2939,3072,2850,2374,4213,43349,populacao_seade-sp_2000a2050,populacao_seade-sp_2000a2050_feminino_2025.csv
2025,Pinheiros,PINHEIROS,Alto de Pinheiros,Alto_de_Pinheiros,feminino,655,743,822,842,891,1012,1151,1473,1593,1776,1558,1552,1769,1600,1433,2751,21621,populacao_seade-sp_2000a2050,populacao_seade-sp_2000a2050_feminino_2025.csv
2025,Perus,PERUS,Anhanguera,Anhanguera,feminino,2959,2951,2861,2902,3496,4367,4155,3930,3616,3400,3312,2886,2242,1537,1013,913,46540,populacao_seade-sp_2000a2050,populacao_seade-sp_2000a2050_feminino_2025.csv
2025,Aricanduva/Formosa/Carrão,ARICANDUVA_FORMOSA_CARRAO,Aricanduva,Aricanduva,feminino,2182,2313,2458,2232,2600,3156,2949,3333,3565,3289,3070,2924,2779,2534,2076,3390,44850,populacao_seade-sp_2000a2050,populacao_seade-sp_2000a2050_feminino_2025.csv
2025,Penha,PENHA,Artur Alvim,Artur_Alvim,feminino,2496,2701,2871,2699,2958,3601,3476,4052,4363,4168,3668,3195,3061,2836,2428,3563,52136,populacao_seade-sp_2000a2050,populacao_seade-sp_2000a2050_feminino_2025.csv
2025,Lapa,LAPA,Barra Funda,Barra_Funda,feminino,428,482,548,463,488,485,494,753,879,840,692,522,549,499,416,813,9351,populacao_seade-sp_2000a2050,populacao_seade-sp_2000a2050_feminino_2025.csv
2025,Sé,SE,Bela Vista,Bela_Vista,feminino,1525,1911,2068,1407,1288,1430,1867,3450,4541,3734,2811,2413,2295,2273,2012,3251,38276,populacao_seade-sp_2000a2050,populacao_seade-sp_2000a2050_feminino_2025.csv
2025,Mooca,MOOCA,Belém,Belem,feminino,1526,1818,2094,1301,1263,1393,1347,1895,2255,2068,1624,1450,1501,1300,1161,1942,25938,populacao_seade-sp_2000a2050,populacao_seade-sp_2000a2050_feminino_2025.csv
2025,Sé,SE,Bom Retiro,Bom_Retiro,feminino,1234,1362,1515,1148,1172,1298,1255,1770,1893,1670,1291,1183,1088,902,784,1220,20785,populacao_seade-sp_2000a2050,populacao_seade-sp_2000a2050_feminino_2025.csv
2025,Mooca,MOOCA,Brás,Bras,feminino,1098,1232,1433,819,943,1085,1080,1558,1565,1399,1124,961,858,776,584,769,17284,populacao_seade-sp_2000a2050,populacao_seade-sp_2000a2050_feminino_2025.csv
2025,Freguesia/Brasilândia,FREGUESIA_BRASILANDIA,Brasilândia,Brasilandia,feminino,10490,10854,11136,9001,10849,13107,11647,11800,11531,10575,9189,8485,7151,5795,4222,5292,151124,populacao_seade-sp_2000a2050,populacao_seade-sp_2000a2050_feminino_2025.csv
2025,Butantã,BUTANTA,Butantã,Butanta,feminino,1089,1238,1361,1086,1201,1367,1559,2201,2748,2459,1994,1815,1838,1745,1590,2676,27967,populacao_seade-sp_2000a2050,populacao_seade-sp_2000a2050_feminino_2025.csv
2025,Casa Verde/Cachoeirinha,CASA_VERDE_CACHOEIRINHA,Cachoeirinha,Cachoeirinha,feminino,4815,5105,5406,4480,5045,6039,5693,5983,6301,5723,4898,4457,4087,3468,2551,3205,77256,populacao_seade-sp_2000a2050,populacao_seade-sp_2000a2050_feminino_2025.csv
2025,Sé,SE,Cambuci,Cambuci,feminino,1059,1173,1298,1097,1132,1278,1256,1677,1919,1887,1687,1374,1306,1251,1015,1690,22099,populacao_seade-sp_2000a2050,populacao_seade-sp_2000a2050_feminino_2025.csv
2025,Santo Amaro,SANTO_AMARO,Campo Belo,Campo_Belo,feminino,1290,1492,1683,1476,1586,1658,1614,2309,2797,2830,2656,2191,2288,2173,1958,3533,33534,populacao_seade-sp_2000a2050,populacao_seade-sp_2000a2050_feminino_2025.csv
2025,Santo Amaro,SANTO_AMARO,Campo Grande,Campo_Grande,feminino,2443,2705,2996,2876,3025,3521,3399,3913,4590,4969,4553,4339,4025,3478,2767,4055,57654,populacao_seade-sp_2000a2050,populacao_seade-sp_2000a2050_feminino_2025.csv
2025,Campo Limpo,CAMPO_LIMPO,Campo Limpo,Campo_Limpo,feminino,7234,7611,7928,7236,8074,9733,8855,9807,10446,9955,8539,7271,6141,5272,3957,4656,122715,populacao_seade-sp_2000a2050,populacao_seade-sp_2000a2050_feminino_2025.csv
2025,Penha,PENHA,Cangaíba,Cangaiba,feminino,4099,4346,4592,3723,4319,5369,5148,5816,5888,5230,4847,4570,4375,3707,2888,3954,72871,populacao_seade-sp_2000a2050,populacao_seade-sp_2000a2050_feminino_2025.csv
2025,Campo Limpo,CAMPO_LIMPO,Capão Redondo,Capao_Redondo,feminino,10111,10547,10865,9369,11088,13291,11998,13118,13288,12322,10472,9229,7766,6497,4955,5465,160381,populacao_seade-sp_2000a2050,populacao_seade-sp_2000a2050_feminino_2025.csv
2025,Aricanduva/Formosa/Carrão,ARICANDUVA_FORMOSA_CARRAO,Carrão,Carrao,feminino,1857,2046,2222,2022,2324,2660,2670,3191,3563,3547,3240,3068,3239,2858,2375,4074,44956,populacao_seade-sp_2000a2050,populacao_seade-sp_2000a2050_feminino_2025.csv
2025,Casa Verde/Cachoeirinha,CASA_VERDE_CACHOEIRINHA,Casa Verde,Casa_Verde,feminino,2307,2525,2737,2208,2465,2955,2906,3472,3806,3503,3052,2756,2810,2629,2165,3411,45707,populacao_seade-sp_2000a2050,populacao_seade-sp_2000a2050_feminino_2025.csv
2025,Cidade Ademar,CIDADE_ADEMAR,Cidade Ademar,Cidade_Ademar,feminino,9348,9853,10300,8832,9772,11739,11221,12525,12540,11857,10234,8950,7695,6824,5152,6542,153384,populacao_seade-sp_2000a2050,populacao_seade-sp_2000a2050_feminino_2025.csv
2025,Capela do Socorro,CAPELA_DO_SOCORRO,Cidade Dutra,Cidade_Dutra,feminino,6142,6459,6765,5856,6972,8281,7799,8507,8623,8215,7181,6634,5907,5272,3966,4983,107562,populacao_seade-sp_2000a2050,populacao_seade-sp_2000a2050_feminino_2025.csv
2025,Itaquera,ITAQUERA,Cidade Líder,Cidade_Lider,feminino,4071,4275,4439,3944,4761,5493,5471,5794,5931,5497,4849,4305,3818,3365,2558,3059,71630,populacao_seade-sp_2000a2050,populacao_seade-sp_2000a2050_feminino_2025.csv
2025,Cidade Tiradentes,CIDADE_TIRADENTES,Cidade Tiradentes,Cidade_Tiradentes,feminino,8699,8665,8486,8364,10027,11913,10798,10059,9948,9111,7706,6618,5956,5067,3748,3444,128609,populacao_seade-sp_2000a2050,populacao_seade-sp_2000a2050_feminino_2025.csv
2025,Sé,SE,Consolação,Consolacao,feminino,986,1148,1106,835,905,995,1753,3471,3397,2632,2036,1892,2122,2095,1904,3664,30941,populacao_seade-sp_2000a2050,populacao_seade-sp_2000a2050_feminino_2025.csv
2025,Ipiranga,IPIRANGA,Cursino,Cursino,feminino,2694,3037,3375,2895,3062,3306,3600,4394,5132,4968,4296,3967,4084,3932,3228,5059,61029,populacao_seade-sp_2000a2050,populacao_seade-sp_2000a2050_feminino_2025.csv
2025,Ermelino Matarazzo,ERMELINO_MATARAZZO,Ermelino Matarazzo,Ermelino_Matarazzo,feminino,3607,3801,3976,3608,4018,4748,4605,5146,5120,4712,4121,3798,3366,2899,2243,2603,62371,populacao_seade-sp_2000a2050,populacao_seade-sp_2000a2050_feminino_2025.csv
2025,Freguesia/Brasilândia,FREGUESIA_BRASILANDIA,Freguesia do Ó,Freguesia_do_O,feminino,3699,4010,4300,3466,4040,4934,4824,5564,6118,5636,4984,4733,4664,4417,3385,4863,73637,populacao_seade-sp_2000a2050,populacao_seade-sp_2000a2050_feminino_2025.csv
2025,Capela do Socorro,CAPELA_DO_SOCORRO,Grajaú,Grajau,feminino,14036,14420,14739,12702,15052,18316,16771,16362,16494,14992,13248,12000,9732,7764,5381,5472,207481,populacao_seade-sp_2000a2050,populacao_seade-sp_2000a2050_feminino_2025.csv
2025,Guaianases,GUAIANASES,Guaianases,Guaianases,feminino,3932,4019,4073,3485,4184,4996,4630,4612,4493,4075,3627,3308,2766,2354,1742,1904,58200,populacao_seade-sp_2000a2050,populacao_seade-sp_2000a2050_feminino_2025.csv
2025,São Mateus,SAO_MATEUS,Iguatemi,Iguatemi,feminino,5745,5846,5805,4963,6118,7090,6728,6441,6167,5439,5078,4617,3855,2980,2071,2058,81001,populacao_seade-sp_2000a2050,populacao_seade-sp_2000a2050_feminino_2025.csv
2025,Ipiranga,IPIRANGA,Ipiranga,Ipiranga,feminino,2683,3027,3328,2895,3092,3508,3677,4458,5018,4856,4436,4067,3892,3617,2895,4988,60437,populacao_seade-sp_2000a2050,populacao_seade-sp_2000a2050_feminino_2025.csv
2025,Pinheiros,PINHEIROS,Itaim Bibi,Itaim_Bibi,feminino,1753,2254,2622,2217,1788,1811,2320,3520,5172,5388,4318,3395,3479,3438,3202,5665,52342,populacao_seade-sp_2000a2050,populacao_seade-sp_2000a2050_feminino_2025.csv
2025,Itaim Paulista,ITAIM_PAULISTA,Itaim Paulista,Itaim_Paulista,feminino,8062,8211,8338,7679,8807,10853,10113,9876,9597,8599,7809,7484,6293,5179,3665,4156,124721,populacao_seade-sp_2000a2050,populacao_seade-sp_2000a2050_feminino_2025.csv
2025,Itaquera,ITAQUERA,Itaquera,Itaquera,feminino,6611,6902,7224,6502,7410,9168,8118,8489,8658,8540,7617,6971,5864,5015,3946,4887,111922,populacao_seade-sp_2000a2050,populacao_seade-sp_2000a2050_feminino_2025.csv
2025,Jabaquara,JABAQUARA,Jabaquara,Jabaquara,feminino,6099,6631,7195,6341,6750,8171,7884,9465,10435,10064,8576,7873,7417,6599,5119,7574,122193,populacao_seade-sp_2000a2050,populacao_seade-sp_2000a2050_feminino_2025.csv
2025,Jaçanã/Tremembé,JACANA_TREMEMBE,Jaçanã,Jacana,feminino,2659,2789,2887,2873,3378,3921,3604,3970,4154,3917,3258,2921,2813,2621,2048,2911,50724,populacao_seade-sp_2000a2050,populacao_seade-sp_2000a2050_feminino_2025.csv
2025,Lapa,LAPA,Jaguara,Jaguara,feminino,574,626,683,574,675,813,751,913,1006,956,816,790,795,785,628,1000,12385,populacao_seade-sp_2000a2050,populacao_seade-sp_2000a2050_feminino_2025.csv
2025,Lapa,LAPA,Jaguaré,Jaguare,feminino,1522,1679,1816,1616,1835,2065,1989,2189,2647,2523,2149,1778,1633,1327,1087,1752,29607,populacao_seade-sp_2000a2050,populacao_seade-sp_2000a2050_feminino_2025.csv
2025,Pirituba/Jaraguá,PIRITUBA_JARAGUA,Jaraguá,Jaragua,feminino,7325,7586,7740,6773,8219,9672,8774,9020,9239,8699,7651,6740,5891,4913,3431,3661,115334,populacao_seade-sp_2000a2050,populacao_seade-sp_2000a2050_feminino_2025.csv
2025,M'Boi Mirim,M_BOI_MIRIM,Jardim Ângela,Jardim_Angela,feminino,12360,12791,13236,12370,13506,15681,13933,14228,14827,14063,12068,10585,7923,6421,4561,4687,183240,populacao_seade-sp_2000a2050,populacao_seade-sp_2000a2050_feminino_2025.csv
2025,São Miguel,SAO_MIGUEL,Jardim Helena,Jardim_Helena,feminino,4983,5149,5238,4232,4939,6074,5613,5552,5385,4885,4331,3919,3280,2758,1993,2348,70679,populacao_seade-sp_2000a2050,populacao_seade-sp_2000a2050_feminino_2025.csv
2025,Pinheiros,PINHEIROS,Jardim Paulista,Jardim_Paulista,feminino,1529,1977,2159,1654,1549,1657,2072,3687,5264,4883,3587,3122,3347,3425,3277,5830,49019,populacao_seade-sp_2000a2050,populacao_seade-sp_2000a2050_feminino_2025.csv
2025,M'Boi Mirim,M_BOI_MIRIM,Jardim São Luís,Jardim_Sao_Luis,feminino,9530,9997,10449,8995,10523,12479,11697,12781,13454,12222,10697,9399,7951,6538,5017,5744,157473,populacao_seade-sp_2000a2050,populacao_seade-sp_2000a2050_feminino_2025.csv
2025,Itaquera,ITAQUERA,José Bonifácio,Jose_Bonifacio,feminino,3815,4023,4178,4398,5056,5769,5211,5508,6246,6322,5044,4387,3798,3598,3213,3568,74134,populacao_seade-sp_2000a2050,populacao_seade-sp_2000a2050_feminino_2025.csv
2025,Guaianases,GUAIANASES,Lajeado,Lajeado,feminino,6373,6459,6530,5729,6663,8454,7708,7454,6882,6318,5816,5186,4201,3473,2447,2654,92347,populacao_seade-sp_2000a2050,populacao_seade-sp_2000a2050_feminino_2025.csv
2025,Lapa,LAPA,Lapa,Lapa,feminino,1323,1536,1737,1506,1536,1696,1773,2346,2894,3091,2678,2545,2595,2427,2098,3916,35697,populacao_seade-sp_2000a2050,populacao_seade-sp_2000a2050_feminino_2025.csv
2025,Sé,SE,Liberdade,Liberdade,feminino,1530,1855,2096,1599,1570,1677,2067,3213,3914,3594,3102,2519,2464,2404,2076,3451,39131,populacao_seade-sp_2000a2050,populacao_seade-sp_2000a2050_feminino_2025.csv
2025,Casa Verde/Cachoeirinha,CASA_VERDE_CACHOEIRINHA,Limão,Limao,feminino,2366,2555,2755,2136,2488,2758,2830,3252,3430,3249,2816,2441,2363,2306,1900,2659,42304,populacao_seade-sp_2000a2050,populacao_seade-sp_2000a2050_feminino_2025.csv
2025,Santana/Tucuruvi,SANTANA_TUCURUVI,Mandaqui,Mandaqui,feminino,2687,2865,3062,2695,3174,3896,3864,4290,4489,4484,4309,4027,4016,3460,2624,4059,58001,populacao_seade-sp_2000a2050,populacao_seade-sp_2000a2050_feminino_2025.csv
2025,Parelheiros,PARELHEIROS,Marsilac,Marsilac,feminino,265,254,238,295,317,480,353,334,281,287,221,244,230,194,128,166,4287,populacao_seade-sp_2000a2050,populacao_seade-sp_2000a2050_feminino_2025.csv
2025,Vila Mariana,VILA_MARIANA,Moema,Moema,feminino,1489,1846,2094,2002,1829,2019,2299,3263,4370,4778,4105,3343,3583,3450,3127,5093,48690,populacao_seade-sp_2000a2050,populacao_seade-sp_2000a2050_feminino_2025.csv
2025,Mooca,MOOCA,Mooca,Mooca,feminino,1854,2064,2300,1958,1965,2233,2517,3120,3461,3470,3177,2939,2884,2677,2138,3938,42695,populacao_seade-sp_2000a2050,populacao_seade-sp_2000a2050_feminino_2025.csv
2025,Butantã,BUTANTA,Morumbi,Morumbi,feminino,1481,1648,1797,1338,1616,1818,1716,2027,2185,2351,2175,2007,1837,1613,1321,2102,29032,populacao_seade-sp_2000a2050,populacao_seade-sp_2000a2050_feminino_2025.csv
2025,Parelheiros,PARELHEIROS,Parelheiros,Parelheiros,feminino,6111,6233,6188,5255,6426,7639,6829,6106,6114,5770,5316,4699,3678,2960,1950,2068,83342,populacao_seade-sp_2000a2050,populacao_seade-sp_2000a2050_feminino_2025.csv
2025,Mooca,MOOCA,Pari,Pari,feminino,646,704,770,562,605,653,640,836,835,680,677,573,560,474,352,730,10297,populacao_seade-sp_2000a2050,populacao_seade-sp_2000a2050_feminino_2025.csv
2025,Itaquera,ITAQUERA,Parque do Carmo,Parque_do_Carmo,feminino,2215,2324,2454,2208,2601,3006,2742,2984,3055,2991,2454,2207,1917,1662,1237,1520,37577,populacao_seade-sp_2000a2050,populacao_seade-sp_2000a2050_feminino_2025.csv
2025,Cidade Ademar,CIDADE_ADEMAR,Pedreira,Pedreira,feminino,5204,5307,5366,5338,6158,7321,7009,7120,7006,6662,5753,5233,4212,3603,2583,2946,86821,populacao_seade-sp_2000a2050,populacao_seade-sp_2000a2050_feminino_2025.csv
2025,Penha,PENHA,Penha,Penha,feminino,3198,3434,3716,3230,3635,4318,4427,5265,5436,5142,4580,4577,4528,4116,3360,5616,68578,populacao_seade-sp_2000a2050,populacao_seade-sp_2000a2050_feminino_2025.csv
2025,Lapa,LAPA,Perdizes,Perdizes,feminino,2023,2439,2641,2438,2512,2543,3010,4684,6024,5691,4577,4059,4367,4365,3889,6572,61834,populacao_seade-sp_2000a2050,populacao_seade-sp_2000a2050_feminino_2025.csv
2025,Perus,PERUS,Perus,Perus,feminino,3321,3414,3460,2894,3433,4242,3834,3766,3543,3416,3040,2763,2199,1725,1219,1408,47677,populacao_seade-sp_2000a2050,populacao_seade-sp_2000a2050_feminino_2025.csv
2025,Pinheiros,PINHEIROS,Pinheiros,Pinheiros,feminino,1088,1393,1570,1286,1275,1344,1519,2369,3546,3425,2728,2494,2578,2494,2282,4217,35608,populacao_seade-sp_2000a2050,populacao_seade-sp_2000a2050_feminino_2025.csv
2025,Pirituba/Jaraguá,PIRITUBA_JARAGUA,Pirituba,Pirituba,feminino,4627,4983,5332,4623,5156,6169,6096,6880,7346,6911,6156,5771,5588,5012,3879,5390,89919,populacao_seade-sp_2000a2050,populacao_seade-sp_2000a2050_feminino_2025.csv
2025,Ermelino Matarazzo,ERMELINO_MATARAZZO,Ponte Rasa,Ponte_Rasa,feminino,2338,2461,2611,2402,2733,3360,3151,3694,3778,3410,3042,2997,2962,2766,2088,3057,46850,populacao_seade-sp_2000a2050,populacao_seade-sp_2000a2050_feminino_2025.csv
2025,Butantã,BUTANTA,Raposo Tavares,Raposo_Tavares,feminino,3525,3725,3983,3209,3869,4213,3987,4373,4845,4774,3977,3349,2857,2563,2009,2405,57663,populacao_seade-sp_2000a2050,populacao_seade-sp_2000a2050_feminino_2025.csv
2025,Sé,SE,República,Republica,feminino,1327,1636,1859,1324,1170,1334,1675,2884,3402,2867,2279,1998,1880,1765,1489,2335,31224,populacao_seade-sp_2000a2050,populacao_seade-sp_2000a2050_feminino_2025.csv
2025,Butantã,BUTANTA,Rio Pequeno,Rio_Pequeno,feminino,3931,4328,4751,3338,3707,4318,4121,5001,5497,5164,4356,3943,3651,3244,2391,3340,65081,populacao_seade-sp_2000a2050,populacao_seade-sp_2000a2050_feminino_2025.csv
2025,Ipiranga,IPIRANGA,Sacomã,Sacoma,feminino,7172,7550,7998,7442,8589,9970,9786,11033,12108,11229,9843,8764,8413,7138,5578,7879,140492,populacao_seade-sp_2000a2050,populacao_seade-sp_2000a2050_feminino_2025.csv
2025,Sé,SE,Santa Cecília,Santa_Cecilia,feminino,1883,2271,2491,1830,1824,2091,2547,4060,4826,4340,3364,3188,2993,2927,2464,4114,47213,populacao_seade-sp_2000a2050,populacao_seade-sp_2000a2050_feminino_2025.csv
2025,Santana/Tucuruvi,SANTANA_TUCURUVI,Santana,Santana,feminino,2349,2711,2954,2279,2478,3102,3338,4829,5379,4880,4149,4097,4367,4288,3637,5973,60810,populacao_seade-sp_2000a2050,populacao_seade-sp_2000a2050_feminino_2025.csv
2025,Santo Amaro,SANTO_AMARO,Santo Amaro,Santo_Amaro,feminino,1450,1657,1876,1777,1897,1992,2116,2562,3009,3321,3127,2845,2793,2614,2285,4139,39460,populacao_seade-sp_2000a2050,populacao_seade-sp_2000a2050_feminino_2025.csv
2025,Pirituba/Jaraguá,PIRITUBA_JARAGUA,São Domingos,Sao_Domingos,feminino,2277,2401,2562,2426,2809,3220,3100,3447,3725,3516,3145,2983,2750,2420,1894,2801,45476,populacao_seade-sp_2000a2050,populacao_seade-sp_2000a2050_feminino_2025.csv
2025,Vila Prudente,VILA_PRUDENTE,São Lucas,Sao_Lucas,feminino,3448,3671,3837,3859,4206,4841,4963,5743,6075,5728,5081,4932,5080,4320,3563,5670,75017,populacao_seade-sp_2000a2050,populacao_seade-sp_2000a2050_feminino_2025.csv
2025,São Mateus,SAO_MATEUS,São Mateus,Sao_Mateus,feminino,4675,4924,5204,4389,5149,6410,5805,6368,6599,5858,5357,5009,4603,3949,2900,3917,81116,populacao_seade-sp_2000a2050,populacao_seade-sp_2000a2050_feminino_2025.csv
2025,São Miguel,SAO_MIGUEL,São Miguel,Sao_Miguel,feminino,2975,3187,3372,2379,2766,3585,3265,3695,3383,3122,2805,2835,2586,2194,1584,2320,46053,populacao_seade-sp_2000a2050,populacao_seade-sp_2000a2050_feminino_2025.csv
2025,São Mateus,SAO_MATEUS,São Rafael,Sao_Rafael,feminino,5241,5348,5410,5555,6541,7402,6480,6417,6676,6301,5754,5116,4211,3187,2374,2888,84901,populacao_seade-sp_2000a2050,populacao_seade-sp_2000a2050_feminino_2025.csv
2025,Sapopemba,SAPOPEMBA,Sapopemba,Sapopemba,feminino,8805,9196,9591,8535,9890,11880,11374,12073,12298,10779,9737,9247,8588,7301,5493,7164,151951,populacao_seade-sp_2000a2050,populacao_seade-sp_2000a2050_feminino_2025.csv
2025,Vila Mariana,VILA_MARIANA,Saúde,Saude,feminino,2430,2968,3377,2903,2916,3097,3432,4893,6668,6576,5446,5037,5185,5201,4442,7727,72298,populacao_seade-sp_2000a2050,populacao_seade-sp_2000a2050_feminino_2025.csv
2025,Sé,SE,Sé,Se,feminino,865,1001,1149,582,760,863,953,1329,1309,1246,1118,820,590,530,363,535,14013,populacao_seade-sp_2000a2050,populacao_seade-sp_2000a2050_feminino_2025.csv
2025,Capela do Socorro,CAPELA_DO_SOCORRO,Socorro,Socorro,feminino,806,898,993,759,931,1080,1116,1295,1608,1483,1342,1249,1290,1166,1033,1746,18795,populacao_seade-sp_2000a2050,populacao_seade-sp_2000a2050_feminino_2025.csv
2025,Mooca,MOOCA,Tatuapé,Tatuape,feminino,1970,2223,2424,2144,2407,2846,3118,3776,4173,4138,3875,3696,3903,3494,2850,4828,51865,populacao_seade-sp_2000a2050,populacao_seade-sp_2000a2050_feminino_2025.csv
2025,Jaçanã/Tremembé,JACANA_TREMEMBE,Tremembé,Tremembe,feminino,7472,7837,8043,6843,7906,9648,9133,9317,9347,8730,8201,7304,6291,5325,4103,5278,120778,populacao_seade-sp_2000a2050,populacao_seade-sp_2000a2050_feminino_2025.csv
2025,Santana/Tucuruvi,SANTANA_TUCURUVI,Tucuruvi,Tucuruvi,feminino,2076,2263,2437,2095,2420,2835,3095,3919,4293,3951,3317,3294,3476,3540,2990,4893,50894,populacao_seade-sp_2000a2050,populacao_seade-sp_2000a2050_feminino_2025.csv
2025,Campo Limpo,CAMPO_LIMPO,Vila Andrade,Vila_Andrade,feminino,5160,5255,5322,5876,6720,7595,7078,7465,7498,7618,6469,5472,4378,3137,2282,2754,90079,populacao_seade-sp_2000a2050,populacao_seade-sp_2000a2050_feminino_2025.csv
2025,Itaim Paulista,ITAIM_PAULISTA,Vila Curuçá,Vila_Curuca,feminino,4937,5041,5084,4708,5760,7054,6523,6379,6194,5769,5436,4898,4106,3291,2516,3227,80923,populacao_seade-sp_2000a2050,populacao_seade-sp_2000a2050_feminino_2025.csv
2025,Aricanduva/Formosa/Carrão,ARICANDUVA_FORMOSA_CARRAO,Vila Formosa,Vila_Formosa,feminino,2205,2348,2457,2192,2640,3218,3214,3738,3858,3609,3215,3268,3439,3165,2602,4203,49371,populacao_seade-sp_2000a2050,populacao_seade-sp_2000a2050_feminino_2025.csv
2025,Vila Maria/Vila Guilherme,VILA_MARIA_VILA_GUILHERME,Vila Guilherme,Vila_Guilherme,feminino,1533,1741,1953,1453,1503,1781,1738,2193,2504,2560,2105,1864,1889,1786,1478,2460,30541,populacao_seade-sp_2000a2050,populacao_seade-sp_2000a2050_feminino_2025.csv
2025,São Miguel,SAO_MIGUEL,Vila Jacuí,Vila_Jacui,feminino,4223,4311,4307,4701,5360,6498,6167,6386,6298,5634,4963,4608,4097,3560,2516,2840,76469,populacao_seade-sp_2000a2050,populacao_seade-sp_2000a2050_feminino_2025.csv
2025,Lapa,LAPA,Vila Leopoldina,Vila_Leopoldina,feminino,1000,1103,1252,1266,1289,1384,1390,1508,1924,2302,2065,1617,1576,1234,954,1525,23389,populacao_seade-sp_2000a2050,populacao_seade-sp_2000a2050_feminino_2025.csv
2025,Vila Maria/Vila Guilherme,VILA_MARIA_VILA_GUILHERME,Vila Maria,Vila_Maria,feminino,3505,3752,3996,3233,3567,4240,4066,4787,4995,4418,3668,3440,3242,2851,2210,3492,59462,populacao_seade-sp_2000a2050,populacao_seade-sp_2000a2050_feminino_2025.csv
2025,Vila Mariana,VILA_MARIANA,Vila Mariana,Vila_Mariana,feminino,2329,2887,3121,2543,2400,2635,3431,5500,7327,6580,5093,4628,5047,5132,4709,7686,71048,populacao_seade-sp_2000a2050,populacao_seade-sp_2000a2050_feminino_2025.csv
2025,Penha,PENHA,Vila Matilde,Vila_Matilde,feminino,2582,2764,2946,2764,3129,3692,3652,4231,4391,4251,3865,3669,3530,3269,2721,4106,55562,populacao_seade-sp_2000a2050,populacao_seade-sp_2000a2050_feminino_2025.csv
2025,Vila Maria/Vila Guilherme,VILA_MARIA_VILA_GUILHERME,Vila Medeiros,Vila_Medeiros,feminino,3421,3695,3954,3260,3601,4378,4355,5221,5200,4611,3978,3910,3739,3773,2828,4518,64442,populacao_seade-sp_2000a2050,populacao_seade-sp_2000a2050_feminino_2025.csv
2025,Vila Prudente,VILA_PRUDENTE,Vila Prudente,Vila_Prudente,feminino,2454,2641,2837,2640,2822,3375,3487,4195,4556,4293,3766,3576,3660,3429,2785,4597,55113,populacao_seade-sp_2000a2050,populacao_seade-sp_2000a2050_feminino_2025.csv
2025,Butantã,BUTANTA,Vila Sônia,Vila_Sonia,feminino,3438,3787,4115,3370,3764,4092,4382,5174,5663,5478,4676,4100,3645,3289,2755,4037,65765,populacao_seade-sp_2000a2050,populacao_seade-sp_2000a2050_feminino_2025.csv
2025,,NAO_IDENTIFICADO,Ignorado,Ignorado,feminino,-,-,-,-,-,-,-,-,-,-,-,-,-,-,-,-,-,populacao_seade-sp_2000a2050,populacao_seade-sp_2000a2050_feminino_2025.csv
2025,Mooca,MOOCA,Água Rasa,Agua_Rasa,ign,,,,,,,,,,,,,,,,,-,populacao_seade-sp_2000a2050,populacao_seade-sp_2000a2050_ign_2025.csv
2025,Pinheiros,PINHEIROS,Alto de Pinheiros,Alto_de_Pinheiros,ign,,,,,,,,,,,,,,,,,-,populacao_seade-sp_2000a2050,populacao_seade-sp_2000a2050_ign_2025.csv
2025,Perus,PERUS,Anhanguera,Anhanguera,ign,,,,,,,,,,,,,,,,,-,populacao_seade-sp_2000a2050,populacao_seade-sp_2000a2050_ign_2025.csv
2025,Aricanduva/Formosa/Carrão,ARICANDUVA_FORMOSA_CARRAO,Aricanduva,Aricanduva,ign,,,,,,,,,,,,,,,,,-,populacao_seade-sp_2000a2050,populacao_seade-sp_2000a2050_ign_2025.csv
2025,Penha,PENHA,Artur Alvim,Artur_Alvim,ign,,,,,,,,,,,,,,,,,-,populacao_seade-sp_2000a2050,populacao_seade-sp_2000a2050_ign_2025.csv
2025,Lapa,LAPA,Barra Funda,Barra_Funda,ign,,,,,,,,,,,,,,,,,-,populacao_seade-sp_2000a2050,populacao_seade-sp_2000a2050_ign_2025.csv
2025,Sé,SE,Bela Vista,Bela_Vista,ign,,,,,,,,,,,,,,,,,-,populacao_seade-sp_2000a2050,populacao_seade-sp_2000a2050_ign_2025.csv
2025,Mooca,MOOCA,Belém,Belem,ign,,,,,,,,,,,,,,,,,-,populacao_seade-sp_2000a2050,populacao_seade-sp_2000a2050_ign_2025.csv
2025,Sé,SE,Bom Retiro,Bom_Retiro,ign,,,,,,,,,,,,,,,,,-,populacao_seade-sp_2000a2050,populacao_seade-sp_2000a2050_ign_2025.csv
2025,Mooca,MOOCA,Brás,Bras,ign,,,,,,,,,,,,,,,,,-,populacao_seade-sp_2000a2050,populacao_seade-sp_2000a2050_ign_2025.csv
2025,Freguesia/Brasilândia,FREGUESIA_BRASILANDIA,Brasilândia,Brasilandia,ign,,,,,,,,,,,,,,,,,-,populacao_seade-sp_2000a2050,populacao_seade-sp_2000a2050_ign_2025.csv
2025,Butantã,BUTANTA,Butantã,Butanta,ign,,,,,,,,,,,,,,,,,-,populacao_seade-sp_2000a2050,populacao_seade-sp_2000a2050_ign_2025.csv
2025,Casa Verde/Cachoeirinha,CASA_VERDE_CACHOEIRINHA,Cachoeirinha,Cachoeirinha,ign,,,,,,,,,,,,,,,,,-,populacao_seade-sp_2000a2050,populacao_seade-sp_2000a2050_ign_2025.csv
2025,Sé,SE,Cambuci,Cambuci,ign,,,,,,,,,,,,,,,,,-,populacao_seade-sp_2000a2050,populacao_seade-sp_2000a2050_ign_2025.csv
2025,Santo Amaro,SANTO_AMARO,Campo Belo,Campo_Belo,ign,,,,,,,,,,,,,,,,,-,populacao_seade-sp_2000a2050,populacao_seade-sp_2000a2050_ign_2025.csv
2025,Santo Amaro,SANTO_AMARO,Campo Grande,Campo_Grande,ign,,,,,,,,,,,,,,,,,-,populacao_seade-sp_2000a2050,populacao_seade-sp_2000a2050_ign_2025.csv
2025,Campo Limpo,CAMPO_LIMPO,Campo Limpo,Campo_Limpo,ign,,,,,,,,,,,,,,,,,-,populacao_seade-sp_2000a2050,populacao_seade-sp_2000a2050_ign_2025.csv
2025,Penha,PENHA,Cangaíba,Cangaiba,ign,,,,,,,,,,,,,,,,,-,populacao_seade-sp_2000a2050,populacao_seade-sp_2000a2050_ign_2025.csv
2025,Campo Limpo,CAMPO_LIMPO,Capão Redondo,Capao_Redondo,ign,,,,,,,,,,,,,,,,,-,populacao_seade-sp_2000a2050,populacao_seade-sp_2000a2050_ign_2025.csv
2025,Aricanduva/Formosa/Carrão,ARICANDUVA_FORMOSA_CARRAO,Carrão,Carrao,ign,,,,,,,,,,,,,,,,,-,populacao_seade-sp_2000a2050,populacao_seade-sp_2000a2050_ign_2025.csv
2025,Casa Verde/Cachoeirinha,CASA_VERDE_CACHOEIRINHA,Casa Verde,Casa_Verde,ign,,,,,,,,,,,,,,,,,-,populacao_seade-sp_2000a2050,populacao_seade-sp_2000a2050_ign_2025.csv
2025,Cidade Ademar,CIDADE_ADEMAR,Cidade Ademar,Cidade_Ademar,ign,,,,,,,,,,,,,,,,,-,populacao_seade-sp_2000a2050,populacao_seade-sp_2000a2050_ign_2025.csv
2025,Capela do Socorro,CAPELA_DO_SOCORRO,Cidade Dutra,Cidade_Dutra,ign,,,,,,,,,,,,,,,,,-,populacao_seade-sp_2000a2050,populacao_seade-sp_2000a2050_ign_2025.csv
2025,Itaquera,ITAQUERA,Cidade Líder,Cidade_Lider,ign,,,,,,,,,,,,,,,,,-,populacao_seade-sp_2000a2050,populacao_seade-sp_2000a2050_ign_2025.csv
2025,Cidade Tiradentes,CIDADE_TIRADENTES,Cidade Tiradentes,Cidade_Tiradentes,ign,,,,,,,,,,,,,,,,,-,populacao_seade-sp_2000a2050,populacao_seade-sp_2000a2050_ign_2025.csv
2025,Sé,SE,Consolação,Consolacao,ign,,,,,,,,,,,,,,,,,-,populacao_seade-sp_2000a2050,populacao_seade-sp_2000a2050_ign_2025.csv
2025,Ipiranga,IPIRANGA,Cursino,Cursino,ign,,,,,,,,,,,,,,,,,-,populacao_seade-sp_2000a2050,populacao_seade-sp_2000a2050_ign_2025.csv
2025,Ermelino Matarazzo,ERMELINO_MATARAZZO,Ermelino Matarazzo,Ermelino_Matarazzo,ign,,,,,,,,,,,,,,,,,-,populacao_seade-sp_2000a2050,populacao_seade-sp_2000a2050_ign_2025.csv
2025,Freguesia/Brasilândia,FREGUESIA_BRASILANDIA,Freguesia do Ó,Freguesia_do_O,ign,,,,,,,,,,,,,,,,,-,populacao_seade-sp_2000a2050,populacao_seade-sp_2000a2050_ign_2025.csv
2025,Capela do Socorro,CAPELA_DO_SOCORRO,Grajaú,Grajau,ign,,,,,,,,,,,,,,,,,-,populacao_seade-sp_2000a2050,populacao_seade-sp_2000a2050_ign_2025.csv
2025,Guaianases,GUAIANASES,Guaianases,Guaianases,ign,,,,,,,,,,,,,,,,,-,populacao_seade-sp_2000a2050,populacao_seade-sp_2000a2050_ign_2025.csv
2025,São Mateus,SAO_MATEUS,Iguatemi,Iguatemi,ign,,,,,,,,,,,,,,,,,-,populacao_seade-sp_2000a2050,populacao_seade-sp_2000a2050_ign_2025.csv
2025,Ipiranga,IPIRANGA,Ipiranga,Ipiranga,ign,,,,,,,,,,,,,,,,,-,populacao_seade-sp_2000a2050,populacao_seade-sp_2000a2050_ign_2025.csv
2025,Pinheiros,PINHEIROS,Itaim Bibi,Itaim_Bibi,ign,,,,,,,,,,,,,,,,,-,populacao_seade-sp_2000a2050,populacao_seade-sp_2000a2050_ign_2025.csv
2025,Itaim Paulista,ITAIM_PAULISTA,Itaim Paulista,Itaim_Paulista,ign,,,,,,,,,,,,,,,,,-,populacao_seade-sp_2000a2050,populacao_seade-sp_2000a2050_ign_2025.csv
2025,Itaquera,ITAQUERA,Itaquera,Itaquera,ign,,,,,,,,,,,,,,,,,-,populacao_seade-sp_2000a2050,populacao_seade-sp_2000a2050_ign_2025.csv
2025,Jabaquara,JABAQUARA,Jabaquara,Jabaquara,ign,,,,,,,,,,,,,,,,,-,populacao_seade-sp_2000a2050,populacao_seade-sp_2000a2050_ign_2025.csv
2025,Jaçanã/Tremembé,JACANA_TREMEMBE,Jaçanã,Jacana,ign,,,,,,,,,,,,,,,,,-,populacao_seade-sp_2000a2050,populacao_seade-sp_2000a2050_ign_2025.csv
2025,Lapa,LAPA,Jaguara,Jaguara,ign,,,,,,,,,,,,,,,,,-,populacao_seade-sp_2000a2050,populacao_seade-sp_2000a2050_ign_2025.csv
2025,Lapa,LAPA,Jaguaré,Jaguare,ign,,,,,,,,,,,,,,,,,-,populacao_seade-sp_2000a2050,populacao_seade-sp_2000a2050_ign_2025.csv
2025,Pirituba/Jaraguá,PIRITUBA_JARAGUA,Jaraguá,Jaragua,ign,,,,,,,,,,,,,,,,,-,populacao_seade-sp_2000a2050,populacao_seade-sp_2000a2050_ign_2025.csv
2025,M'Boi Mirim,M_BOI_MIRIM,Jardim Ângela,Jardim_Angela,ign,,,,,,,,,,,,,,,,,-,populacao_seade-sp_2000a2050,populacao_seade-sp_2000a2050_ign_2025.csv
2025,São Miguel,SAO_MIGUEL,Jardim Helena,Jardim_Helena,ign,,,,,,,,,,,,,,,,,-,populacao_seade-sp_2000a2050,populacao_seade-sp_2000a2050_ign_2025.csv
2025,Pinheiros,PINHEIROS,Jardim Paulista,Jardim_Paulista,ign,,,,,,,,,,,,,,,,,-,populacao_seade-sp_2000a2050,populacao_seade-sp_2000a2050_ign_2025.csv
2025,M'Boi Mirim,M_BOI_MIRIM,Jardim São Luís,Jardim_Sao_Luis,ign,,,,,,,,,,,,,,,,,-,populacao_seade-sp_2000a2050,populacao_seade-sp_2000a2050_ign_2025.csv
2025,Itaquera,ITAQUERA,José Bonifácio,Jose_Bonifacio,ign,,,,,,,,,,,,,,,,,-,populacao_seade-sp_2000a2050,populacao_seade-sp_2000a2050_ign_2025.csv
2025,Guaianases,GUAIANASES,Lajeado,Lajeado,ign,,,,,,,,,,,,,,,,,-,populacao_seade-sp_2000a2050,populacao_seade-sp_2000a2050_ign_2025.csv
2025,Lapa,LAPA,Lapa,Lapa,ign,,,,,,,,,,,,,,,,,-,populacao_seade-sp_2000a2050,populacao_seade-sp_2000a2050_ign_2025.csv
2025,Sé,SE,Liberdade,Liberdade,ign,,,,,,,,,,,,,,,,,-,populacao_seade-sp_2000a2050,populacao_seade-sp_2000a2050_ign_2025.csv
2025,Casa Verde/Cachoeirinha,CASA_VERDE_CACHOEIRINHA,Limão,Limao,ign,,,,,,,,,,,,,,,,,-,populacao_seade-sp_2000a2050,populacao_seade-sp_2000a2050_ign_2025.csv
2025,Santana/Tucuruvi,SANTANA_TUCURUVI,Mandaqui,Mandaqui,ign,,,,,,,,,,,,,,,,,-,populacao_seade-sp_2000a2050,populacao_seade-sp_2000a2050_ign_2025.csv
2025,Parelheiros,PARELHEIROS,Marsilac,Marsilac,ign,,,,,,,,,,,,,,,,,-,populacao_seade-sp_2000a2050,populacao_seade-sp_2000a2050_ign_2025.csv
2025,Vila Mariana,VILA_MARIANA,Moema,Moema,ign,,,,,,,,,,,,,,,,,-,populacao_seade-sp_2000a2050,populacao_seade-sp_2000a2050_ign_2025.csv
2025,Mooca,MOOCA,Mooca,Mooca,ign,,,,,,,,,,,,,,,,,-,populacao_seade-sp_2000a2050,populacao_seade-sp_2000a2050_ign_2025.csv
2025,Butantã,BUTANTA,Morumbi,Morumbi,ign,,,,,,,,,,,,,,,,,-,populacao_seade-sp_2000a2050,populacao_seade-sp_2000a2050_ign_2025.csv
2025,Parelheiros,PARELHEIROS,Parelheiros,Parelheiros,ign,,,,,,,,,,,,,,,,,-,populacao_seade-sp_2000a2050,populacao_seade-sp_2000a2050_ign_2025.csv
2025,Mooca,MOOCA,Pari,Pari,ign,,,,,,,,,,,,,,,,,-,populacao_seade-sp_2000a2050,populacao_seade-sp_2000a2050_ign_2025.csv
2025,Itaquera,ITAQUERA,Parque do Carmo,Parque_do_Carmo,ign,,,,,,,,,,,,,,,,,-,populacao_seade-sp_2000a2050,populacao_seade-sp_2000a2050_ign_2025.csv
2025,Cidade Ademar,CIDADE_ADEMAR,Pedreira,Pedreira,ign,,,,,,,,,,,,,,,,,-,populacao_seade-sp_2000a2050,populacao_seade-sp_2000a2050_ign_2025.csv
2025,Penha,PENHA,Penha,Penha,ign,,,,,,,,,,,,,,,,,-,populacao_seade-sp_2000a2050,populacao_seade-sp_2000a2050_ign_2025.csv
2025,Lapa,LAPA,Perdizes,Perdizes,ign,,,,,,,,,,,,,,,,,-,populacao_seade-sp_2000a2050,populacao_seade-sp_2000a2050_ign_2025.csv
2025,Perus,PERUS,Perus,Perus,ign,,,,,,,,,,,,,,,,,-,populacao_seade-sp_2000a2050,populacao_seade-sp_2000a2050_ign_2025.csv
2025,Pinheiros,PINHEIROS,Pinheiros,Pinheiros,ign,,,,,,,,,,,,,,,,,-,populacao_seade-sp_2000a2050,populacao_seade-sp_2000a2050_ign_2025.csv
2025,Pirituba/Jaraguá,PIRITUBA_JARAGUA,Pirituba,Pirituba,ign,,,,,,,,,,,,,,,,,-,populacao_seade-sp_2000a2050,populacao_seade-sp_2000a2050_ign_2025.csv
2025,Ermelino Matarazzo,ERMELINO_MATARAZZO,Ponte Rasa,Ponte_Rasa,ign,,,,,,,,,,,,,,,,,-,populacao_seade-sp_2000a2050,populacao_seade-sp_2000a2050_ign_2025.csv
2025,Butantã,BUTANTA,Raposo Tavares,Raposo_Tavares,ign,,,,,,,,,,,,,,,,,-,populacao_seade-sp_2000a2050,populacao_seade-sp_2000a2050_ign_2025.csv
2025,Sé,SE,República,Republica,ign,,,,,,,,,,,,,,,,,-,populacao_seade-sp_2000a2050,populacao_seade-sp_2000a2050_ign_2025.csv
2025,Butantã,BUTANTA,Rio Pequeno,Rio_Pequeno,ign,,,,,,,,,,,,,,,,,-,populacao_seade-sp_2000a2050,populacao_seade-sp_2000a2050_ign_2025.csv
2025,Ipiranga,IPIRANGA,Sacomã,Sacoma,ign,,,,,,,,,,,,,,,,,-,populacao_seade-sp_2000a2050,populacao_seade-sp_2000a2050_ign_2025.csv
2025,Sé,SE,Santa Cecília,Santa_Cecilia,ign,,,,,,,,,,,,,,,,,-,populacao_seade-sp_2000a2050,populacao_seade-sp_2000a2050_ign_2025.csv
2025,Santana/Tucuruvi,SANTANA_TUCURUVI,Santana,Santana,ign,,,,,,,,,,,,,,,,,-,populacao_seade-sp_2000a2050,populacao_seade-sp_2000a2050_ign_2025.csv
2025,Santo Amaro,SANTO_AMARO,Santo Amaro,Santo_Amaro,ign,,,,,,,,,,,,,,,,,-,populacao_seade-sp_2000a2050,populacao_seade-sp_2000a2050_ign_2025.csv
2025,Pirituba/Jaraguá,PIRITUBA_JARAGUA,São Domingos,Sao_Domingos,ign,,,,,,,,,,,,,,,,,-,populacao_seade-sp_2000a2050,populacao_seade-sp_2000a2050_ign_2025.csv
2025,Vila Prudente,VILA_PRUDENTE,São Lucas,Sao_Lucas,ign,,,,,,,,,,,,,,,,,-,populacao_seade-sp_2000a2050,populacao_seade-sp_2000a2050_ign_2025.csv
2025,São Mateus,SAO_MATEUS,São Mateus,Sao_Mateus,ign,,,,,,,,,,,,,,,,,-,populacao_seade-sp_2000a2050,populacao_seade-sp_2000a2050_ign_2025.csv
2025,São Miguel,SAO_MIGUEL,São Miguel,Sao_Miguel,ign,,,,,,,,,,,,,,,,,-,populacao_seade-sp_2000a2050,populacao_seade-sp_2000a2050_ign_2025.csv
2025,São Mateus,SAO_MATEUS,São Rafael,Sao_Rafael,ign,,,,,,,,,,,,,,,,,-,populacao_seade-sp_2000a2050,populacao_seade-sp_2000a2050_ign_2025.csv
2025,Sapopemba,SAPOPEMBA,Sapopemba,Sapopemba,ign,,,,,,,,,,,,,,,,,-,populacao_seade-sp_2000a2050,populacao_seade-sp_2000a2050_ign_2025.csv
2025,Vila Mariana,VILA_MARIANA,Saúde,Saude,ign,,,,,,,,,,,,,,,,,-,populacao_seade-sp_2000a2050,populacao_seade-sp_2000a2050_ign_2025.csv
2025,Sé,SE,Sé,Se,ign,,,,,,,,,,,,,,,,,-,populacao_seade-sp_2000a2050,populacao_seade-sp_2000a2050_ign_2025.csv
2025,Capela do Socorro,CAPELA_DO_SOCORRO,Socorro,Socorro,ign,,,,,,,,,,,,,,,,,-,populacao_seade-sp_2000a2050,populacao_seade-sp_2000a2050_ign_2025.csv
2025,Mooca,MOOCA,Tatuapé,Tatuape,ign,,,,,,,,,,,,,,,,,-,populacao_seade-sp_2000a2050,populacao_seade-sp_2000a2050_ign_2025.csv
2025,Jaçanã/Tremembé,JACANA_TREMEMBE,Tremembé,Tremembe,ign,,,,,,,,,,,,,,,,,-,populacao_seade-sp_2000a2050,populacao_seade-sp_2000a2050_ign_2025.csv
2025,Santana/Tucuruvi,SANTANA_TUCURUVI,Tucuruvi,Tucuruvi,ign,,,,,,,,,,,,,,,,,-,populacao_seade-sp_2000a2050,populacao_seade-sp_2000a2050_ign_2025.csv
2025,Campo Limpo,CAMPO_LIMPO,Vila Andrade,Vila_Andrade,ign,,,,,,,,,,,,,,,,,-,populacao_seade-sp_2000a2050,populacao_seade-sp_2000a2050_ign_2025.csv
2025,Itaim Paulista,ITAIM_PAULISTA,Vila Curuçá,Vila_Curuca,ign,,,,,,,,,,,,,,,,,-,populacao_seade-sp_2000a2050,populacao_seade-sp_2000a2050_ign_2025.csv
2025,Aricanduva/Formosa/Carrão,ARICANDUVA_FORMOSA_CARRAO,Vila Formosa,Vila_Formosa,ign,,,,,,,,,,,,,,,,,-,populacao_seade-sp_2000a2050,populacao_seade-sp_2000a2050_ign_2025.csv
2025,Vila Maria/Vila Guilherme,VILA_MARIA_VILA_GUILHERME,Vila Guilherme,Vila_Guilherme,ign,,,,,,,,,,,,,,,,,-,populacao_seade-sp_2000a2050,populacao_seade-sp_2000a2050_ign_2025.csv
2025,São Miguel,SAO_MIGUEL,Vila Jacuí,Vila_Jacui,ign,,,,,,,,,,,,,,,,,-,populacao_seade-sp_2000a2050,populacao_seade-sp_2000a2050_ign_2025.csv
2025,Lapa,LAPA,Vila Leopoldina,Vila_Leopoldina,ign,,,,,,,,,,,,,,,,,-,populacao_seade-sp_2000a2050,populacao_seade-sp_2000a2050_ign_2025.csv
2025,Vila Maria/Vila Guilherme,VILA_MARIA_VILA_GUILHERME,Vila Maria,Vila_Maria,ign,,,,,,,,,,,,,,,,,-,populacao_seade-sp_2000a2050,populacao_seade-sp_2000a2050_ign_2025.csv
2025,Vila Mariana,VILA_MARIANA,Vila Mariana,Vila_Mariana,ign,,,,,,,,,,,,,,,,,-,populacao_seade-sp_2000a2050,populacao_seade-sp_2000a2050_ign_2025.csv
2025,Penha,PENHA,Vila Matilde,Vila_Matilde,ign,,,,,,,,,,,,,,,,,-,populacao_seade-sp_2000a2050,populacao_seade-sp_2000a2050_ign_2025.csv
2025,Vila Maria/Vila Guilherme,VILA_MARIA_VILA_GUILHERME,Vila Medeiros,Vila_Medeiros,ign,,,,,,,,,,,,,,,,,-,populacao_seade-sp_2000a2050,populacao_seade-sp_2000a2050_ign_2025.csv
2025,Vila Prudente,VILA_PRUDENTE,Vila Prudente,Vila_Prudente,ign,,,,,,,,,,,,,,,,,-,populacao_seade-sp_2000a2050,populacao_seade-sp_2000a2050_ign_2025.csv
2025,Butantã,BUTANTA,Vila Sônia,Vila_Sonia,ign,,,,,,,,,,,,,,,,,-,populacao_seade-sp_2000a2050,populacao_seade-sp_2000a2050_ign_2025.csv
2025,,NAO_IDENTIFICADO,Ignorado,Ignorado,ign,,,,,,,,,,,,,,,,,-,populacao_seade-sp_2000a2050,populacao_seade-sp_2000a2050_ign_2025.csv
